5 7 74 66 70 64 62 72 60 58 56 68 54 52 50 46 15 34 9 19 17 31 3 25 29 1 42 11 21 23 13 27 48 36 40 38 44 
5 7 74 66 70 64 62 72 60 58 56 68 54 52 50 46 15 9 19 31 17 12 3 25 29 1 42 21 23 13 27 34 48 36 40 38 44 
5 7 74 66 70 64 62 58 56 68 54 52 50 46 72 60 16 9 19 31 17 12 3 25 29 1 42 21 23 13 27 34 48 36 40 38 44 
5 7 74 66 70 64 62 72 60 58 56 68 54 52 50 47 15 34 9 17 31 20 44 3 25 29 1 42 11 21 23 13 27 48 36 40 38 
5 7 74 66 70 64 62 72 60 58 56 68 54 52 46 15 34 9 19 17 31 3 25 29 1 42 11 21 23 51 13 27 48 36 40 38 44 
5 7 74 66 70 64 63 72 60 58 56 68 54 52 46 15 34 9 19 17 31 3 25 29 1 42 11 21 23 51 13 27 48 36 40 38 44 
5 7 74 66 70 64 62 72 60 58 56 68 54 52 47 15 34 9 17 31 20 44 3 25 29 1 42 11 21 23 51 13 27 48 36 40 38 
5 7 74 66 70 64 62 72 60 58 56 68 54 52 50 46 15 9 19 31 17 12 3 25 29 1 42 21 13 27 34 48 36 40 38 24 44 
5 7 70 74 66 62 72 60 58 56 68 54 65 52 50 46 15 34 9 19 17 31 3 25 29 1 42 11 21 13 27 48 36 40 38 24 44 
5 7 74 66 70 64 62 58 56 68 54 52 50 46 72 60 16 34 9 19 17 31 3 25 29 1 42 11 21 13 27 48 36 40 38 24 44 
5 7 74 66 70 64 62 58 56 68 54 52 50 46 72 60 16 9 19 31 17 12 3 25 29 1 42 21 13 27 34 48 36 40 38 24 44 
5 7 74 66 70 64 62 72 60 58 56 68 54 52 50 47 15 34 9 17 31 20 3 25 29 1 42 11 21 44 24 13 27 48 36 40 38 
5 7 70 74 66 62 72 60 58 56 68 54 65 52 50 47 15 34 9 17 31 20 3 25 29 1 42 11 21 44 24 13 27 48 36 40 38 
5 7 70 74 66 62 72 60 58 56 68 54 65 52 50 47 15 34 9 17 31 20 3 25 29 43 1 11 21 44 24 13 27 48 36 40 38 
5 7 70 74 66 62 72 60 58 56 68 54 65 52 50 47 15 9 31 20 17 12 44 24 3 25 29 1 42 21 13 27 34 48 36 40 38 
5 7 74 66 70 64 62 72 60 58 56 68 54 52 46 15 9 19 31 17 12 3 25 29 1 42 21 51 13 27 34 48 36 40 38 24 44 
5 7 70 74 66 62 72 60 58 56 68 54 65 52 46 15 34 9 19 17 31 3 25 29 1 42 11 21 51 13 27 48 36 40 38 24 44 
5 7 74 66 70 64 62 58 56 68 54 52 46 72 60 16 9 19 31 17 12 3 25 29 1 42 21 51 13 27 34 48 36 40 38 24 44 
5 7 74 66 70 64 62 72 60 58 56 68 54 52 47 15 34 9 17 31 20 3 25 29 1 42 11 21 44 24 51 13 27 48 36 40 38 
5 7 70 74 66 62 72 60 58 56 68 54 65 52 47 15 34 9 17 31 20 3 25 29 1 42 11 21 44 24 51 13 27 48 36 40 38 
5 7 70 74 66 62 72 60 58 56 68 54 65 52 47 15 34 9 17 31 20 3 25 29 43 1 11 21 44 24 51 13 27 48 36 40 38 
5 7 70 74 66 62 72 60 58 56 68 54 65 52 47 15 9 31 20 17 12 44 24 3 25 29 1 42 21 51 13 27 34 48 36 40 38 
5 7 74 66 70 64 62 72 60 58 56 68 54 52 50 46 15 34 9 19 17 32 3 25 29 1 42 11 21 13 27 48 36 40 38 24 44 
5 7 70 74 66 62 72 60 58 56 68 54 65 52 50 46 15 34 9 19 17 32 3 25 29 1 42 11 21 13 27 48 36 40 38 24 44 
5 7 70 74 66 62 72 60 58 56 68 54 65 52 50 46 15 34 9 19 17 32 3 25 29 43 1 11 21 13 27 48 36 40 38 24 44 
5 7 74 66 70 64 62 58 56 68 54 52 50 46 72 60 16 34 9 19 17 32 3 25 29 1 42 11 21 13 27 48 36 40 38 24 44 
5 7 74 66 70 64 62 58 56 68 54 52 50 46 72 60 16 9 19 17 32 12 3 25 29 1 42 21 13 27 34 48 36 40 38 24 44 
5 7 74 66 70 64 62 72 60 58 56 68 54 52 50 47 15 34 9 17 32 20 3 25 29 1 42 11 21 44 24 13 27 48 36 40 38 
5 7 74 66 70 64 62 72 60 58 56 68 54 52 46 15 34 9 19 17 32 3 25 29 1 42 11 21 51 13 27 48 36 40 38 24 44 
5 7 70 74 66 62 72 60 58 56 68 54 65 52 46 15 34 9 19 17 32 3 25 29 1 42 11 21 51 13 27 48 36 40 38 24 44 
5 7 70 74 66 62 72 60 58 56 68 54 65 52 46 15 34 9 19 17 32 3 25 29 43 1 11 21 51 13 27 48 36 40 38 24 44 
5 7 74 66 70 64 62 72 60 58 56 68 54 52 47 15 34 9 17 32 20 3 25 29 1 42 11 21 44 24 51 13 27 48 36 40 38 
5 7 74 66 70 64 62 60 58 56 68 54 52 50 73 46 15 34 9 19 17 32 3 25 29 1 42 11 21 13 27 48 36 40 38 24 44 
5 7 70 74 66 62 60 58 56 68 54 65 52 50 73 46 15 34 9 19 17 32 3 25 29 1 42 11 21 13 27 48 36 40 38 24 44 
5 7 74 66 70 64 62 58 56 68 54 52 50 73 46 60 16 34 9 19 17 32 3 25 29 1 42 11 21 13 27 48 36 40 38 24 44 
5 7 74 66 70 64 62 58 56 68 54 52 50 73 46 60 16 9 19 17 32 12 3 25 29 1 42 21 13 27 34 48 36 40 38 24 44 
5 7 74 66 70 64 62 58 56 68 54 52 50 73 46 60 16 9 19 17 32 12 3 25 29 43 1 21 13 27 34 48 36 40 38 24 44 
5 7 73 74 66 70 64 62 60 58 56 68 54 52 50 47 15 34 9 17 32 20 3 25 29 1 42 11 21 44 24 13 27 48 36 40 38 
5 7 70 74 66 62 60 58 56 68 54 65 52 73 46 15 34 9 19 17 32 3 25 29 1 42 11 21 51 13 27 48 36 40 38 24 44 
5 7 73 74 66 70 64 62 60 58 56 68 54 52 47 15 34 9 17 32 20 3 25 29 1 42 11 21 44 24 51 13 27 48 36 40 38 
5 7 70 74 66 62 72 60 58 56 68 54 65 52 50 46 15 34 9 19 17 4 31 1 42 11 21 25 29 13 27 48 36 40 38 24 44 
5 7 74 66 70 64 62 72 60 58 56 68 54 52 46 15 34 9 19 17 4 31 1 42 11 21 25 29 51 13 27 48 36 40 38 24 44 
5 7 70 74 66 62 72 60 58 56 68 54 65 52 46 15 34 9 19 17 4 31 1 42 11 21 25 29 51 13 27 48 36 40 38 24 44 
5 7 74 66 70 64 63 72 60 58 56 68 54 52 46 15 34 9 19 17 4 31 1 42 11 21 25 29 51 13 27 48 36 40 38 24 44 
5 7 74 66 70 64 62 58 56 68 54 52 46 72 60 16 9 19 4 31 17 12 43 1 21 25 29 51 13 27 34 48 36 40 38 24 44 
5 7 70 74 66 62 60 58 56 68 54 65 52 50 73 46 15 34 9 19 17 4 31 1 42 11 21 25 29 13 27 48 36 40 38 24 44 
5 7 74 66 70 64 62 60 58 56 68 54 52 73 46 15 34 9 19 17 4 31 1 42 11 21 25 29 51 13 27 48 36 40 38 24 44 
5 7 74 66 70 64 62 60 58 56 68 54 52 73 46 15 34 9 19 17 4 31 43 1 11 21 25 29 51 13 27 48 36 40 38 24 44 
5 7 70 74 66 62 60 58 56 68 54 65 52 73 46 15 34 9 19 17 4 31 1 42 11 21 25 29 51 13 27 48 36 40 38 24 44 
5 7 74 66 70 64 62 72 60 58 56 68 54 52 50 46 15 34 9 19 17 4 1 42 11 21 25 29 13 27 48 36 40 33 38 24 44 
5 7 70 74 66 62 72 60 58 56 68 54 65 52 50 46 15 34 9 19 4 17 32 1 42 11 21 25 29 13 27 48 36 40 38 24 44 
5 7 74 66 70 64 62 58 56 68 54 52 50 46 72 60 16 34 9 19 17 4 1 42 11 21 25 29 13 27 48 36 40 33 38 24 44 
5 7 74 66 70 64 62 72 60 58 56 68 54 52 46 15 34 9 19 4 17 32 1 42 11 21 25 29 51 13 27 48 36 40 38 24 44 
5 7 70 74 66 62 72 60 58 56 68 54 65 52 46 15 34 9 19 4 17 32 1 42 11 21 25 29 51 13 27 48 36 40 38 24 44 
5 7 74 66 70 64 62 58 56 68 54 52 46 72 60 16 34 9 19 4 17 32 1 42 11 21 25 29 51 13 27 48 36 40 38 24 44 
5 7 74 66 70 64 62 60 58 56 68 54 52 50 73 46 15 34 9 19 17 4 1 42 11 21 25 29 13 27 48 36 40 33 38 24 44 
5 7 74 66 70 64 62 60 58 56 68 54 52 73 46 15 34 9 19 4 17 32 1 42 11 21 25 29 51 13 27 48 36 40 38 24 44 
5 7 74 66 70 64 62 60 58 56 68 54 52 73 46 15 34 9 19 17 4 1 42 11 21 25 29 51 13 27 48 36 40 33 38 24 44 
5 7 74 66 70 64 62 72 60 58 56 68 54 52 50 46 15 39 34 9 19 17 31 3 25 29 1 40 42 11 21 23 13 27 48 36 44 
5 7 74 66 64 62 72 60 58 56 68 54 52 50 46 15 71 39 34 9 19 17 31 3 25 29 1 40 42 11 21 23 13 27 48 36 44 
5 7 74 66 70 64 62 72 60 58 56 68 54 52 50 46 15 39 9 19 31 17 12 3 25 29 1 40 42 21 23 13 27 34 48 36 44 
5 7 74 66 70 64 62 58 56 68 54 52 50 46 72 60 16 9 19 31 17 12 3 25 29 1 40 42 21 23 13 27 34 48 36 39 44 
5 7 74 66 64 62 58 56 68 54 52 50 46 72 60 16 9 19 31 17 12 3 25 29 1 40 42 21 23 13 27 34 48 36 71 39 44 
5 7 74 66 70 64 62 72 60 58 56 68 54 52 46 15 39 34 9 19 17 31 3 25 29 1 40 42 11 21 23 51 13 27 48 36 44 
5 7 74 66 64 62 72 60 58 56 68 54 52 46 15 71 39 34 9 19 17 31 3 25 29 1 40 42 11 21 23 51 13 27 48 36 44 
5 7 74 66 70 64 62 72 60 58 56 68 54 52 46 15 39 9 19 31 17 12 3 25 29 1 40 42 21 23 51 13 27 34 48 36 44 
5 7 74 66 64 63 72 60 58 56 68 54 52 46 15 71 39 34 9 19 17 31 3 25 29 1 40 42 11 21 23 51 13 27 48 36 44 
5 7 74 66 70 64 62 58 56 68 54 52 46 72 60 16 9 19 31 17 12 3 25 29 1 40 42 21 23 51 13 27 34 48 36 39 44 
5 7 74 66 64 62 58 56 68 54 52 46 72 60 16 9 19 31 17 12 3 25 29 1 40 42 21 23 51 13 27 34 48 36 71 39 44 
5 7 69 74 66 64 62 72 60 58 56 54 52 46 15 71 39 34 9 19 17 31 3 25 29 1 40 42 11 21 23 51 13 27 48 36 44 
5 7 74 66 64 62 72 60 58 56 68 54 52 50 46 15 71 39 34 9 19 17 31 3 25 29 1 40 42 11 21 13 27 48 36 24 44 
5 7 74 66 62 72 60 58 56 68 54 65 52 50 46 15 71 39 34 9 19 17 31 3 25 29 1 40 42 11 21 13 27 48 36 24 44 
5 7 74 66 62 72 60 58 56 68 54 65 52 50 46 15 71 39 9 19 31 17 12 3 25 29 1 40 42 21 13 27 34 48 36 24 44 
5 7 74 66 62 72 60 58 56 68 54 65 52 50 46 15 71 39 10 19 31 17 12 3 25 29 1 40 42 21 13 27 34 48 36 24 44 
5 7 74 66 64 62 58 56 68 54 52 50 46 72 60 16 9 19 31 17 12 3 25 29 1 40 42 21 13 27 34 48 36 71 39 24 44 
5 7 74 66 64 62 72 60 58 56 68 54 52 46 15 71 39 34 9 19 17 31 3 25 29 1 40 42 11 21 51 13 27 48 36 24 44 
5 7 74 66 64 62 72 60 58 56 68 54 52 46 15 71 39 9 19 31 17 12 3 25 29 1 40 42 21 51 13 27 34 48 36 24 44 
5 7 74 66 62 72 60 58 56 68 54 65 52 46 15 71 39 34 9 19 17 31 3 25 29 1 40 42 11 21 51 13 27 48 36 24 44 
5 7 74 66 64 62 58 56 68 54 52 46 72 60 16 9 19 31 17 12 3 25 29 1 40 42 21 51 13 27 34 48 36 71 39 24 44 
5 7 74 66 62 60 58 56 68 54 65 52 50 73 46 15 71 39 34 9 19 17 31 3 25 29 1 40 42 11 21 13 27 48 36 24 44 
5 7 69 74 66 62 60 58 56 54 65 52 50 73 46 15 71 39 34 9 19 17 31 3 25 29 1 40 42 11 21 13 27 48 36 24 44 
5 7 74 66 62 60 58 56 68 54 65 52 73 46 15 71 39 34 9 19 17 31 3 25 29 1 40 42 11 21 51 13 27 48 36 24 44 
5 7 69 74 66 62 60 58 56 54 65 52 73 46 15 71 39 34 9 19 17 31 3 25 29 1 40 42 11 21 51 13 27 48 36 24 44 
5 7 74 66 70 64 62 72 60 58 56 68 54 52 50 46 15 39 34 9 19 17 32 3 25 29 1 40 42 11 21 13 27 48 36 24 44 
5 7 74 66 62 72 60 58 56 68 54 65 52 50 46 15 71 39 34 9 19 17 32 3 25 29 1 40 42 11 21 13 27 48 36 24 44 
5 7 70 74 66 62 72 60 58 56 68 54 65 52 50 46 15 39 34 9 19 17 32 3 25 29 43 1 40 11 21 13 27 48 36 24 44 
5 7 74 66 70 64 62 58 56 68 54 52 50 46 72 60 16 9 19 17 32 12 3 25 29 1 40 42 21 13 27 34 48 36 39 24 44 
5 7 74 66 64 62 58 56 68 54 52 50 46 72 60 16 9 19 17 32 12 3 25 29 1 40 42 21 13 27 34 48 36 71 39 24 44 
5 7 74 66 70 64 62 72 60 58 56 68 54 52 46 15 39 34 9 19 17 32 3 25 29 1 40 42 11 21 51 13 27 48 36 24 44 
5 7 74 66 62 72 60 58 56 68 54 65 52 46 15 71 39 34 9 19 17 32 3 25 29 1 40 42 11 21 51 13 27 48 36 24 44 
5 7 74 66 64 62 58 56 68 54 52 46 72 60 16 9 19 17 32 12 3 25 29 1 40 42 21 51 13 27 34 48 36 71 39 24 44 
5 7 74 66 70 64 62 72 60 58 56 68 54 52 47 15 39 34 9 17 32 20 3 25 29 1 40 42 11 21 44 24 51 13 27 48 36 
5 7 74 66 70 64 62 58 56 68 54 52 47 72 60 16 34 9 17 32 20 3 25 29 1 40 42 11 21 44 24 51 13 27 48 36 39 
5 7 74 66 70 64 62 60 58 56 68 54 52 50 73 46 15 39 34 9 19 17 32 3 25 29 1 40 42 11 21 13 27 48 36 24 44 
5 7 74 66 62 60 58 56 68 54 65 52 50 73 46 15 71 39 34 9 19 17 32 3 25 29 1 40 42 11 21 13 27 48 36 24 44 
5 7 74 66 70 64 62 58 56 68 54 52 50 73 46 60 16 34 9 19 17 32 3 25 29 1 40 42 11 21 13 27 48 36 39 24 44 
5 7 74 66 64 62 58 56 68 54 52 50 73 46 60 16 9 19 17 32 12 3 25 29 1 40 42 21 13 27 34 48 36 71 39 24 44 
5 7 73 74 66 70 64 62 60 58 56 68 54 52 50 47 15 39 34 9 17 32 20 3 25 29 1 40 42 11 21 44 24 13 27 48 36 
5 7 74 66 70 64 62 60 58 56 68 54 52 73 46 15 39 34 9 19 17 32 3 25 29 1 40 42 11 21 51 13 27 48 36 24 44 
5 7 70 64 62 58 56 68 54 52 50 46 72 60 16 74 66 18 9 44 12 3 25 29 1 42 21 23 13 27 20 31 34 48 36 40 38 
5 7 70 64 62 58 56 68 54 52 50 47 72 60 16 74 66 18 9 44 12 3 25 29 1 42 21 23 13 27 20 31 34 48 36 40 38 
5 7 70 64 62 58 56 68 54 52 50 46 72 60 16 74 66 18 34 9 3 25 29 1 42 11 21 44 24 13 27 20 31 48 36 40 38 
5 7 70 64 62 58 56 68 54 52 50 46 72 60 16 74 66 18 9 12 44 24 3 25 29 1 42 21 13 27 20 31 34 48 36 40 38 
5 7 70 64 62 58 56 68 54 52 50 47 72 60 16 74 66 18 34 9 3 25 29 1 42 11 21 44 24 13 27 20 31 48 36 40 38 
5 7 70 64 62 58 56 68 54 52 46 72 60 16 74 66 18 9 12 44 24 3 25 29 1 42 21 51 13 27 20 31 34 48 36 40 38 
5 7 70 64 62 58 56 68 54 52 50 46 72 60 16 74 66 18 34 9 20 3 25 29 1 42 11 21 44 24 13 27 32 48 36 40 38 
5 7 70 64 62 58 56 68 54 52 50 46 72 60 16 74 66 18 34 9 20 3 25 29 43 1 11 21 44 24 13 27 32 48 36 40 38 
5 7 70 64 62 58 56 68 54 52 50 46 72 60 16 74 66 18 9 20 44 24 3 25 29 1 42 21 13 27 12 32 34 48 36 40 38 
5 7 70 64 62 58 56 68 54 52 50 47 72 60 16 74 66 18 34 9 20 3 25 29 1 42 11 21 44 24 13 27 32 48 36 40 38 
5 7 70 64 62 58 56 68 54 52 50 73 46 60 16 74 66 18 34 9 20 3 25 29 1 42 11 21 44 24 13 27 32 48 36 40 38 
5 7 70 64 62 58 56 68 54 52 46 72 60 16 74 66 18 9 44 12 3 25 29 1 40 42 21 23 51 13 27 20 31 34 48 36 39 
5 7 64 62 58 56 68 54 52 46 72 60 16 74 66 18 9 44 12 3 25 29 1 40 42 21 23 51 13 27 20 31 34 48 36 71 39 
5 7 64 62 58 56 68 54 52 50 46 72 60 16 74 66 18 34 9 3 25 29 1 40 42 11 21 44 24 13 27 20 31 48 36 71 39 
5 7 64 62 58 56 68 54 52 46 72 60 16 74 66 18 9 12 44 24 3 25 29 1 40 42 21 51 13 27 20 31 34 48 36 71 39 
5 7 64 62 58 56 68 54 52 50 46 72 60 16 74 66 18 34 9 20 3 25 29 1 40 42 11 21 44 24 13 27 32 48 36 71 39 
5 7 74 66 70 64 62 72 60 58 56 68 54 52 50 46 25 29 15 34 9 19 17 31 3 1 42 11 21 23 14 27 48 36 40 38 44 
5 7 71 74 66 64 62 72 60 58 56 68 54 52 50 46 25 29 15 34 9 19 17 31 3 1 42 11 21 23 14 27 48 36 40 38 44 
5 7 71 74 66 64 62 72 60 58 56 68 54 52 50 46 25 29 15 34 10 3 19 17 31 1 42 11 21 23 14 27 48 36 40 38 44 
5 7 71 74 66 64 62 72 60 58 56 68 54 52 50 46 15 25 29 9 19 31 3 17 12 1 42 21 23 14 27 34 48 36 40 38 44 
5 7 74 66 70 64 62 72 60 58 56 68 54 52 50 46 15 25 29 10 3 19 31 17 12 1 42 21 23 14 27 34 48 36 40 38 44 
5 7 71 74 66 64 62 72 60 58 56 68 54 52 50 46 15 25 29 10 3 19 31 17 12 1 42 21 23 14 27 34 48 36 40 38 44 
5 7 71 74 66 64 62 58 56 68 54 52 50 46 72 60 16 3 25 29 34 9 19 17 31 1 42 11 21 23 14 27 48 36 40 38 44 
5 7 74 66 70 64 62 58 56 68 54 52 50 46 72 60 16 3 25 29 9 19 31 17 12 1 42 21 23 14 27 34 48 36 40 38 44 
5 7 71 74 66 64 62 58 56 68 54 52 50 46 72 60 16 3 25 29 9 19 31 17 12 1 42 21 23 14 27 34 48 36 40 38 44 
5 7 71 69 74 66 64 62 72 60 58 56 54 52 50 46 25 29 15 34 9 19 17 31 3 1 42 11 21 23 14 27 48 36 40 38 44 
5 7 74 66 70 64 62 72 60 58 56 68 54 52 50 47 25 29 15 34 9 17 31 20 44 3 1 42 11 21 23 14 27 48 36 40 38 
5 7 74 66 70 64 62 58 56 68 54 52 50 47 72 60 16 3 25 29 9 31 20 44 17 12 1 42 21 23 14 27 34 48 36 40 38 
5 7 74 66 70 64 62 72 60 58 56 68 54 52 46 25 29 15 34 9 19 17 31 3 1 42 11 21 23 51 14 27 48 36 40 38 44 
5 7 71 74 66 64 62 72 60 58 56 68 54 52 46 25 29 15 34 9 19 17 31 3 1 42 11 21 23 51 14 27 48 36 40 38 44 
71 74 66 64 62 72 60 58 56 52 46 19 17 31 25 29 15 34 9 68 54 8 3 5 1 38 40 42 11 21 23 51 14 27 48 36 44 
5 7 71 74 66 64 62 72 60 58 56 68 54 52 46 25 29 15 34 10 3 19 17 31 1 42 11 21 23 51 14 27 48 36 40 38 44 
71 74 66 64 62 58 56 52 46 19 31 72 60 16 5 3 25 29 9 68 54 8 17 12 1 38 40 42 21 23 51 14 27 34 48 36 44 
5 7 71 69 74 66 64 62 72 60 58 56 54 52 46 25 29 15 34 9 19 17 31 3 1 42 11 21 23 51 14 27 48 36 40 38 44 
5 7 74 66 70 64 62 72 60 58 56 68 54 52 47 25 29 15 34 9 17 31 20 44 3 1 42 11 21 23 51 14 27 48 36 40 38 
5 7 70 74 66 62 72 60 58 56 68 54 65 52 50 46 25 29 15 34 9 19 17 31 3 1 42 11 21 14 27 48 36 40 38 24 44 
5 7 71 74 66 62 72 60 58 56 68 54 65 52 50 46 25 29 15 34 9 19 17 31 3 1 42 11 21 14 27 48 36 40 38 24 44 
5 7 70 74 66 62 72 60 58 56 68 54 65 52 50 46 25 29 15 34 10 3 19 17 31 1 42 11 21 14 27 48 36 40 38 24 44 
5 7 71 74 66 62 72 60 58 56 68 54 65 52 50 46 25 29 15 34 10 3 19 17 31 1 42 11 21 14 27 48 36 40 38 24 44 
5 7 74 66 70 64 62 58 56 68 54 52 50 46 72 60 16 3 25 29 34 9 19 17 31 1 42 11 21 14 27 48 36 40 38 24 44 
5 7 74 66 70 64 62 58 56 68 54 52 50 46 72 60 16 3 25 29 9 19 31 17 12 1 42 21 14 27 34 48 36 40 38 24 44 
5 7 71 74 66 64 62 58 56 68 54 52 50 46 72 60 16 3 25 29 9 19 31 17 12 1 42 21 14 27 34 48 36 40 38 24 44 
5 7 70 74 66 62 58 56 68 54 65 52 50 46 72 60 16 3 25 29 34 9 19 17 31 11 21 14 27 48 36 40 38 1 43 24 44 
5 7 70 74 66 62 72 60 58 56 68 54 65 52 50 47 25 29 15 34 9 17 31 20 3 1 42 11 21 44 24 14 27 48 36 40 38 
5 7 71 74 66 62 72 60 58 56 68 54 65 52 50 47 25 29 15 34 9 17 31 20 3 1 42 11 21 44 24 14 27 48 36 40 38 
5 7 70 74 66 62 72 60 58 56 68 54 65 52 50 47 25 29 15 34 9 17 31 20 3 11 21 44 24 14 27 48 36 40 38 1 43 
5 7 74 66 70 64 62 58 56 68 54 52 50 47 72 60 16 3 25 29 34 9 17 31 20 1 42 11 21 44 24 14 27 48 36 40 38 
5 7 71 74 66 62 58 56 68 54 65 52 50 47 72 60 16 3 25 29 9 31 20 17 12 44 24 1 42 21 14 27 34 48 36 40 38 
5 7 70 74 66 62 72 60 58 56 68 54 65 52 46 25 29 15 34 9 19 17 31 3 1 42 11 21 51 14 27 48 36 40 38 24 44 
5 7 70 74 66 62 58 56 68 54 65 52 46 72 60 16 3 25 29 34 9 19 17 31 11 21 51 14 27 48 36 40 38 1 43 24 44 
5 7 70 74 66 62 72 60 58 56 68 54 65 52 47 25 29 15 34 9 17 31 20 3 1 42 11 21 44 24 51 14 27 48 36 40 38 
5 7 74 66 70 64 62 58 56 68 54 52 47 72 60 16 3 25 29 34 9 17 31 20 1 42 11 21 44 24 51 14 27 48 36 40 38 
5 7 70 74 66 62 60 58 56 68 54 65 52 50 73 46 25 29 15 34 9 19 17 31 3 1 42 11 21 14 27 48 36 40 38 24 44 
5 7 71 74 66 62 60 58 56 68 54 65 52 50 73 46 25 29 15 34 9 19 17 31 3 1 42 11 21 14 27 48 36 40 38 24 44 
5 7 74 66 70 64 62 58 56 68 54 52 50 73 46 60 16 3 25 29 34 9 19 17 31 1 42 11 21 14 27 48 36 40 38 24 44 
5 7 71 74 66 64 62 58 56 68 54 52 50 73 46 60 16 3 25 29 34 9 19 17 31 1 42 11 21 14 27 48 36 40 38 24 44 
5 7 74 66 70 64 62 58 56 68 54 52 50 73 46 60 16 3 25 29 9 19 31 17 12 1 42 21 14 27 34 48 36 40 38 24 44 
5 7 71 74 66 64 62 58 56 68 54 52 50 73 46 60 16 3 25 29 9 19 31 17 12 1 42 21 14 27 34 48 36 40 38 24 44 
5 7 70 74 66 62 58 56 68 54 65 52 50 73 46 60 16 3 25 29 34 9 19 17 31 11 21 14 27 48 36 40 38 1 43 24 44 
5 7 73 70 74 66 62 60 58 56 68 54 65 52 50 47 25 29 15 34 9 17 31 20 3 1 42 11 21 44 24 14 27 48 36 40 38 
5 7 73 74 66 70 64 62 58 56 68 54 52 50 47 60 16 3 25 29 34 9 17 31 20 1 42 11 21 44 24 14 27 48 36 40 38 
5 7 73 74 66 70 64 62 58 56 68 54 52 50 47 60 16 3 25 29 34 9 17 31 20 11 21 44 24 14 27 48 36 40 38 1 43 
5 7 70 74 66 62 60 58 56 68 54 65 52 73 46 25 29 15 34 9 19 17 31 3 1 42 11 21 51 14 27 48 36 40 38 24 44 
5 7 70 74 66 62 72 60 58 56 68 54 65 52 50 46 25 29 15 34 9 19 17 32 3 1 42 11 21 14 27 48 36 40 38 24 44 
5 7 71 74 66 62 72 60 58 56 68 54 65 52 50 46 25 29 15 34 9 19 17 32 3 1 42 11 21 14 27 48 36 40 38 24 44 
5 7 70 74 66 62 72 60 58 56 68 54 65 52 50 46 25 29 15 34 9 19 17 32 3 11 21 14 27 48 36 40 38 1 43 24 44 
5 7 71 74 66 62 72 60 58 56 68 54 65 52 50 46 25 29 15 34 9 19 17 32 3 11 21 14 27 48 36 40 38 1 43 24 44 
5 7 74 66 70 64 62 58 56 68 54 52 50 46 72 60 16 3 25 29 34 9 19 17 32 1 42 11 21 14 27 48 36 40 38 24 44 
5 7 74 66 70 64 62 58 56 68 54 52 50 46 72 60 16 3 25 29 9 19 17 32 12 1 42 21 14 27 34 48 36 40 38 24 44 
5 7 71 74 66 64 62 58 56 68 54 52 50 46 72 60 16 3 25 29 9 19 17 32 12 1 42 21 14 27 34 48 36 40 38 24 44 
5 7 74 66 70 64 62 58 56 68 54 52 50 47 72 60 16 3 25 29 34 9 17 32 20 1 42 11 21 44 24 14 27 48 36 40 38 
5 7 70 74 66 62 72 60 58 56 68 54 65 52 46 25 29 15 34 9 19 17 32 3 1 42 11 21 51 14 27 48 36 40 38 24 44 
5 7 70 74 66 62 72 60 58 56 68 54 65 52 46 25 29 15 34 9 19 17 32 3 11 21 51 14 27 48 36 40 38 1 43 24 44 
5 7 74 66 70 64 62 58 56 68 54 52 47 72 60 16 3 25 29 34 9 17 32 20 1 42 11 21 44 24 51 14 27 48 36 40 38 
5 7 70 74 66 62 60 58 56 68 54 65 52 50 73 46 25 29 15 34 9 19 17 32 3 1 42 11 21 14 27 48 36 40 38 24 44 
5 7 71 74 66 62 60 58 56 68 54 65 52 50 73 46 25 29 15 34 9 19 17 32 3 1 42 11 21 14 27 48 36 40 38 24 44 
5 7 74 66 70 64 62 58 56 68 54 52 50 73 46 60 16 3 25 29 34 9 19 17 32 1 42 11 21 14 27 48 36 40 38 24 44 
5 7 74 66 70 64 62 58 56 68 54 52 50 73 46 60 16 3 25 29 9 19 17 32 12 1 42 21 14 27 34 48 36 40 38 24 44 
5 7 71 74 66 64 62 58 56 68 54 52 50 73 46 60 16 3 25 29 9 19 17 32 12 1 42 21 14 27 34 48 36 40 38 24 44 
5 7 73 74 66 70 64 62 58 56 68 54 52 50 47 60 16 3 25 29 34 9 17 32 20 1 42 11 21 44 24 14 27 48 36 40 38 
5 7 70 74 66 62 60 58 56 68 54 65 52 73 46 25 29 15 34 9 19 17 32 3 1 42 11 21 51 14 27 48 36 40 38 24 44 
5 7 71 74 66 64 62 72 60 58 56 68 54 52 50 46 15 25 29 9 19 4 31 17 12 1 42 21 14 27 34 48 36 40 38 24 44 
5 7 70 74 66 62 72 60 58 56 68 54 65 52 50 46 25 29 15 34 9 19 17 4 31 1 42 11 21 14 27 48 36 40 38 24 44 
5 7 74 66 70 64 62 58 56 68 54 52 50 46 72 60 16 25 29 34 9 19 17 4 31 1 42 11 21 14 27 48 36 40 38 24 44 
5 7 74 66 70 64 62 72 60 58 56 68 54 52 50 47 15 25 29 9 4 31 20 17 12 44 24 1 42 21 14 27 34 48 36 40 38 
5 7 74 66 70 64 62 58 56 68 54 52 50 47 72 60 16 25 29 9 4 31 20 17 12 44 24 1 42 21 14 27 34 48 36 40 38 
5 7 70 74 66 62 72 60 58 56 68 54 65 52 46 25 29 15 34 9 19 17 4 31 1 42 11 21 51 14 27 48 36 40 38 24 44 
5 7 74 66 70 64 62 58 56 68 54 52 46 72 60 16 25 29 34 9 19 17 4 31 1 42 11 21 51 14 27 48 36 40 38 24 44 
5 7 74 66 70 64 62 58 56 68 54 52 46 72 60 16 25 29 9 19 4 31 17 12 1 42 21 51 14 27 34 48 36 40 38 24 44 
5 7 70 74 66 62 60 58 56 68 54 65 52 50 73 46 25 29 15 34 9 19 17 4 31 1 42 11 21 14 27 48 36 40 38 24 44 
5 7 74 66 70 64 62 58 56 68 54 52 50 73 46 60 16 25 29 34 9 19 17 4 31 1 42 11 21 14 27 48 36 40 38 24 44 
5 7 70 74 66 62 60 58 56 68 54 65 52 73 46 25 29 15 34 9 19 17 4 31 1 42 11 21 51 14 27 48 36 40 38 24 44 
5 7 71 74 66 64 62 72 60 58 56 68 54 52 50 46 15 25 29 9 19 4 17 12 1 42 21 14 27 34 48 36 33 40 38 24 44 
5 7 70 74 66 62 72 60 58 56 68 54 65 52 50 46 25 29 15 34 9 19 4 17 32 1 42 11 21 14 27 48 36 40 38 24 44 
5 7 70 74 66 62 72 60 58 56 68 54 65 52 50 46 25 29 15 34 9 19 17 4 1 42 11 21 14 27 48 36 33 40 38 24 44 
5 7 74 66 70 64 62 58 56 68 54 52 50 46 72 60 16 25 29 34 9 19 4 17 32 1 42 11 21 14 27 48 36 40 38 24 44 
5 7 74 66 70 64 62 58 56 68 54 52 50 46 72 60 16 25 29 34 9 19 17 4 1 42 11 21 14 27 48 36 33 40 38 24 44 
5 7 74 66 70 64 62 72 60 58 56 68 54 52 46 25 29 15 34 9 19 17 4 1 42 11 21 51 14 27 48 36 33 40 38 24 44 
5 7 70 74 66 62 72 60 58 56 68 54 65 52 46 25 29 15 34 9 19 4 17 32 1 42 11 21 51 14 27 48 36 40 38 24 44 
5 7 74 66 70 64 62 58 56 68 54 52 46 72 60 16 25 29 34 9 19 4 17 32 1 42 11 21 51 14 27 48 36 40 38 24 44 
5 7 74 66 70 64 62 58 56 68 54 52 46 72 60 16 25 29 34 9 19 17 4 1 42 11 21 51 14 27 48 36 33 40 38 24 44 
5 7 74 66 70 64 62 58 56 68 54 52 46 72 60 16 25 29 9 19 4 17 32 12 1 42 21 51 14 27 34 48 36 40 38 24 44 
5 7 74 66 70 64 62 58 56 68 54 52 50 73 46 60 16 25 29 34 9 19 4 17 32 1 42 11 21 14 27 48 36 40 38 24 44 
5 7 74 66 70 64 62 72 60 58 56 68 54 52 50 46 25 29 15 39 34 9 19 17 31 3 1 40 42 11 21 23 14 27 48 36 44 
5 7 74 66 64 62 72 60 58 56 68 54 52 50 46 25 29 15 71 39 34 9 19 17 31 3 1 40 42 11 21 23 14 27 48 36 44 
5 7 74 66 64 62 72 60 58 56 68 54 52 50 46 25 29 15 71 39 34 10 3 19 17 31 1 40 42 11 21 23 14 27 48 36 44 
5 7 74 66 64 62 72 60 58 56 68 54 52 50 46 15 71 39 25 29 9 19 31 3 17 12 1 40 42 21 23 14 27 34 48 36 44 
5 7 74 66 70 64 62 72 60 58 56 68 54 52 50 46 15 39 25 29 10 3 19 31 17 12 1 40 42 21 23 14 27 34 48 36 44 
5 7 74 66 70 64 62 58 56 68 54 52 50 46 72 60 16 3 25 29 34 9 19 17 31 1 40 42 11 21 23 14 27 48 36 39 44 
5 7 74 66 64 62 58 56 68 54 52 50 46 72 60 16 3 25 29 34 9 19 17 31 1 40 42 11 21 23 14 27 48 36 71 39 44 
5 7 74 66 70 64 62 58 56 68 54 52 50 46 72 60 16 3 25 29 9 19 31 17 12 1 40 42 21 23 14 27 34 48 36 39 44 
5 7 74 66 64 62 58 56 68 54 52 50 46 72 60 16 3 25 29 9 19 31 17 12 1 40 42 21 23 14 27 34 48 36 71 39 44 
5 7 69 74 66 64 62 72 60 58 56 54 52 50 46 25 29 15 71 39 34 9 19 17 31 3 1 40 42 11 21 23 14 27 48 36 44 
5 7 74 66 70 64 62 72 60 58 56 68 54 52 46 25 29 15 39 34 9 19 17 31 3 1 40 42 11 21 23 51 14 27 48 36 44 
5 7 74 66 64 62 72 60 58 56 68 54 52 46 25 29 15 71 39 34 9 19 17 31 3 1 40 42 11 21 23 51 14 27 48 36 44 
74 66 64 62 72 60 58 56 52 46 19 17 31 25 29 15 71 39 34 9 68 54 8 3 5 1 40 42 11 21 23 51 14 27 48 36 44 
5 7 74 66 64 62 72 60 58 56 68 54 52 46 25 29 15 71 39 34 10 3 19 17 31 1 40 42 11 21 23 51 14 27 48 36 44 
5 7 74 66 64 62 72 60 58 56 68 54 52 46 15 71 39 25 29 10 3 19 31 17 12 1 40 42 21 23 51 14 27 34 48 36 44 
74 66 64 62 58 56 52 46 19 31 72 60 16 5 3 25 29 9 68 54 8 17 12 1 40 42 21 23 51 14 27 34 48 36 71 39 44 
5 7 69 74 66 64 62 72 60 58 56 54 52 46 25 29 15 71 39 34 9 19 17 31 3 1 40 42 11 21 23 51 14 27 48 36 44 
5 7 74 66 62 72 60 58 56 68 54 65 52 50 46 25 29 15 71 39 34 9 19 17 31 3 1 40 42 11 21 14 27 48 36 24 44 
5 7 74 66 64 62 58 56 68 54 52 50 46 72 60 16 3 25 29 9 19 31 17 12 1 40 42 21 14 27 34 48 36 71 39 24 44 
5 7 74 66 62 72 60 58 56 68 54 65 52 46 25 29 15 71 39 34 9 19 17 31 3 1 40 42 11 21 51 14 27 48 36 24 44 
5 7 74 66 62 72 60 58 56 68 54 65 52 46 25 29 15 71 39 34 10 3 19 17 31 1 40 42 11 21 51 14 27 48 36 24 44 
5 7 74 66 64 62 58 56 68 54 52 46 72 60 16 3 25 29 34 9 19 17 31 1 40 42 11 21 51 14 27 48 36 71 39 24 44 
5 7 74 66 64 62 58 56 68 54 52 46 72 60 16 3 25 29 9 19 31 17 12 1 40 42 21 51 14 27 34 48 36 71 39 24 44 
5 7 74 66 62 72 60 58 56 68 54 65 52 47 25 29 15 71 39 34 9 17 31 20 3 1 40 42 11 21 44 24 51 14 27 48 36 
5 7 74 66 62 60 58 56 68 54 65 52 50 73 46 25 29 15 71 39 34 9 19 17 31 3 1 40 42 11 21 14 27 48 36 24 44 
5 7 74 66 64 62 58 56 68 54 52 50 73 46 60 16 3 25 29 34 9 19 17 31 40 11 21 14 27 48 36 71 39 1 43 24 44 
5 7 74 66 64 62 58 56 68 54 52 50 73 46 60 16 3 25 29 9 19 31 17 12 1 40 42 21 14 27 34 48 36 71 39 24 44 
5 7 69 74 66 62 60 58 56 54 65 52 50 73 46 25 29 15 71 39 34 9 19 17 31 3 1 40 42 11 21 14 27 48 36 24 44 
5 7 74 66 62 60 58 56 68 54 65 52 73 46 25 29 15 71 39 34 9 19 17 31 3 1 40 42 11 21 51 14 27 48 36 24 44 
5 7 74 66 64 62 58 56 68 54 52 73 46 60 16 3 25 29 34 9 19 17 31 1 40 42 11 21 51 14 27 48 36 71 39 24 44 
5 7 74 66 64 62 58 56 68 54 52 73 46 60 16 3 25 29 9 19 31 17 12 1 40 42 21 51 14 27 34 48 36 71 39 24 44 
5 7 69 74 66 62 60 58 56 54 65 52 73 46 25 29 15 71 39 34 9 19 17 31 3 1 40 42 11 21 51 14 27 48 36 24 44 
5 7 74 66 62 72 60 58 56 68 54 65 52 50 46 25 29 15 71 39 34 9 19 17 32 3 1 40 42 11 21 14 27 48 36 24 44 
5 7 74 66 70 64 62 58 56 68 54 52 50 46 72 60 16 3 25 29 9 19 17 32 12 1 40 42 21 14 27 34 48 36 39 24 44 
5 7 74 66 64 62 58 56 68 54 52 50 46 72 60 16 3 25 29 9 19 17 32 12 1 40 42 21 14 27 34 48 36 71 39 24 44 
5 7 74 66 70 64 62 58 56 68 54 52 50 47 72 60 16 3 25 29 34 9 17 32 20 1 40 42 11 21 44 24 14 27 48 36 39 
5 7 74 66 62 72 60 58 56 68 54 65 52 46 25 29 15 71 39 34 9 19 17 32 3 1 40 42 11 21 51 14 27 48 36 24 44 
5 7 74 66 64 62 58 56 68 54 52 46 72 60 16 3 25 29 34 9 19 17 32 1 40 42 11 21 51 14 27 48 36 71 39 24 44 
5 7 74 66 70 64 62 58 56 68 54 52 46 72 60 16 3 25 29 9 19 17 32 12 1 40 42 21 51 14 27 34 48 36 39 24 44 
5 7 74 66 64 62 58 56 68 54 52 46 72 60 16 3 25 29 9 19 17 32 12 1 40 42 21 51 14 27 34 48 36 71 39 24 44 
5 7 74 66 64 62 58 56 68 54 52 50 73 46 60 16 3 25 29 9 19 17 32 12 1 40 42 21 14 27 34 48 36 71 39 24 44 
5 7 74 66 70 64 62 58 56 68 54 52 73 46 60 16 3 25 29 34 9 19 17 32 1 40 42 11 21 51 14 27 48 36 39 24 44 
5 7 74 66 64 62 58 56 68 54 52 73 46 60 16 3 25 29 34 9 19 17 32 1 40 42 11 21 51 14 27 48 36 71 39 24 44 
5 7 74 66 70 64 62 58 56 68 54 52 73 46 60 16 3 25 29 9 19 17 32 12 1 40 42 21 51 14 27 34 48 36 39 24 44 
5 7 74 66 64 62 72 60 58 56 68 54 52 50 46 15 71 39 25 29 9 19 4 31 17 12 1 40 42 21 14 27 34 48 36 24 44 
5 7 71 64 62 58 56 68 54 52 50 46 74 66 18 72 60 16 3 25 29 34 9 44 1 42 11 21 23 14 27 20 31 48 36 40 38 
5 7 70 64 62 58 56 68 54 52 50 46 74 66 18 72 60 16 3 25 29 9 44 12 1 42 21 23 14 27 20 31 34 48 36 40 38 
5 7 71 64 62 58 56 68 54 52 50 46 74 66 18 72 60 16 3 25 29 9 44 12 1 42 21 23 14 27 20 31 34 48 36 40 38 
5 7 70 64 62 58 56 68 54 52 50 47 74 66 18 72 60 16 3 25 29 34 9 44 1 42 11 21 23 14 27 20 31 48 36 40 38 
5 7 70 64 62 58 56 68 54 52 50 47 74 66 18 72 60 16 3 25 29 9 44 12 1 42 21 23 14 27 20 31 34 48 36 40 38 
5 7 71 64 62 58 56 68 54 52 50 46 74 66 18 72 60 16 3 25 29 34 9 1 42 11 21 44 24 14 27 20 31 48 36 40 38 
5 7 71 64 62 58 56 68 54 52 50 46 74 66 18 25 29 34 72 60 16 10 3 1 42 11 21 44 24 14 27 20 31 48 36 40 38 
5 7 70 64 62 58 56 68 54 52 50 47 74 66 18 72 60 16 3 25 29 34 9 1 42 11 21 44 24 14 27 20 31 48 36 40 38 
5 7 71 64 62 58 56 68 54 52 50 73 46 74 66 18 60 16 3 25 29 34 9 1 42 11 21 44 24 14 27 20 31 48 36 40 38 
5 7 73 70 64 62 58 56 68 54 52 50 47 74 66 18 60 16 3 25 29 34 9 1 42 11 21 44 24 14 27 20 31 48 36 40 38 
5 7 71 64 62 58 56 68 54 52 50 46 74 66 18 72 60 16 3 25 29 34 9 20 1 42 11 21 44 24 14 27 32 48 36 40 38 
5 7 70 64 62 58 56 68 54 52 50 47 74 66 18 72 60 16 3 25 29 34 9 20 1 42 11 21 44 24 14 27 32 48 36 40 38 
5 7 70 64 62 58 56 68 54 52 50 73 46 74 66 18 60 16 3 25 29 34 9 20 1 42 11 21 44 24 14 27 32 48 36 40 38 
5 7 70 64 62 58 56 68 54 52 50 46 74 66 18 72 60 16 25 29 9 12 44 24 4 20 31 1 42 21 14 27 34 48 36 40 38 
5 7 64 62 58 56 68 54 52 50 46 74 66 18 72 60 16 3 25 29 9 44 12 1 40 42 21 23 14 27 20 31 34 48 36 71 39 
5 7 64 62 58 56 68 54 52 46 74 66 18 72 60 16 3 25 29 34 9 1 40 42 11 21 44 24 51 14 27 20 31 48 36 71 39 
5 7 70 74 66 62 72 60 58 56 68 54 65 52 50 46 25 29 15 34 9 19 17 4 31 1 49 42 11 21 14 27 36 40 38 24 44 
5 7 68 74 66 70 64 62 72 60 58 56 55 52 50 46 15 34 9 19 17 31 3 25 29 1 42 11 21 23 13 27 48 36 40 38 44 
5 7 68 74 66 70 64 62 72 60 58 56 55 52 50 46 15 9 19 31 17 12 3 25 29 1 42 21 23 13 27 34 48 36 40 38 44 
5 7 68 74 66 70 64 62 58 56 55 52 50 46 72 60 16 9 19 31 17 12 3 25 29 1 42 21 23 13 27 34 48 36 40 38 44 
5 7 68 74 66 70 64 62 72 60 58 56 52 50 55 47 15 34 9 17 31 20 44 3 25 29 1 42 11 21 23 13 27 48 36 40 38 
5 7 68 74 66 70 64 62 72 60 58 56 52 50 55 47 15 9 31 20 44 17 12 3 25 29 1 42 21 23 13 27 34 48 36 40 38 
5 7 68 74 66 70 64 62 72 60 58 56 55 52 46 15 34 9 19 17 31 3 25 29 1 42 11 21 23 51 13 27 48 36 40 38 44 
5 7 68 74 66 70 64 62 72 60 58 56 55 52 46 15 9 19 31 17 12 3 25 29 1 42 21 23 51 13 27 34 48 36 40 38 44 
5 7 68 74 66 70 64 72 60 58 56 63 55 52 46 15 34 9 19 17 31 3 25 29 1 42 11 21 23 51 13 27 48 36 40 38 44 
5 7 68 74 66 70 64 62 58 56 55 52 46 72 60 16 9 19 31 17 12 3 25 29 1 42 21 23 51 13 27 34 48 36 40 38 44 
5 7 68 74 66 70 64 62 72 60 58 56 52 55 47 15 34 9 17 31 20 44 3 25 29 1 42 11 21 23 51 13 27 48 36 40 38 
5 7 68 74 66 70 64 62 72 60 58 56 52 55 47 15 9 31 20 44 17 12 3 25 29 1 42 21 23 51 13 27 34 48 36 40 38 
5 7 68 74 66 70 64 62 58 56 52 55 47 72 60 16 34 9 17 31 20 44 3 25 29 1 42 11 21 23 51 13 27 48 36 40 38 
5 7 68 74 66 70 64 62 72 60 58 56 55 52 50 46 15 39 34 9 19 17 31 3 25 29 1 40 42 11 21 23 13 27 48 36 44 
5 7 68 74 66 64 62 72 60 58 56 55 52 50 46 15 71 39 34 9 19 17 31 3 25 29 1 40 42 11 21 23 13 27 48 36 44 
5 7 68 74 66 70 64 62 72 60 58 56 55 52 50 46 15 39 9 19 31 17 12 3 25 29 1 40 42 21 23 13 27 34 48 36 44 
5 7 68 74 66 70 64 62 58 56 55 52 50 46 72 60 16 9 19 31 17 12 3 25 29 1 40 42 21 23 13 27 34 48 36 39 44 
5 7 68 74 66 64 62 58 56 55 52 50 46 72 60 16 9 19 31 17 12 3 25 29 1 40 42 21 23 13 27 34 48 36 71 39 44 
5 7 69 74 66 64 62 72 60 58 56 55 52 50 46 15 71 39 34 9 19 17 31 3 25 29 1 40 42 11 21 23 13 27 48 36 44 
69 74 66 64 62 72 60 58 56 55 52 50 46 15 71 39 34 9 19 17 31 7 6 3 25 29 1 40 42 11 21 23 13 27 48 36 44 
5 7 68 74 66 70 64 62 72 60 58 56 52 50 55 47 15 39 34 9 17 31 20 44 3 25 29 1 40 42 11 21 23 13 27 48 36 
5 7 68 74 66 70 64 62 72 60 58 56 52 50 55 47 15 39 9 31 20 44 17 12 3 25 29 1 40 42 21 23 13 27 34 48 36 
5 7 68 74 66 70 64 62 72 60 58 56 55 52 46 15 39 34 9 19 17 31 3 25 29 1 40 42 11 21 23 51 13 27 48 36 44 
5 7 68 74 66 64 62 72 60 58 56 55 52 46 15 71 39 34 9 19 17 31 3 25 29 1 40 42 11 21 23 51 13 27 48 36 44 
5 7 68 74 66 70 64 62 72 60 58 56 55 52 46 15 39 9 19 31 17 12 3 25 29 1 40 42 21 23 51 13 27 34 48 36 44 
5 7 68 74 66 64 72 60 58 56 63 55 52 46 15 71 39 34 9 19 17 31 3 25 29 1 40 42 11 21 23 51 13 27 48 36 44 
5 7 68 74 66 70 64 62 58 56 55 52 46 72 60 16 9 19 31 17 12 3 25 29 1 40 42 21 23 51 13 27 34 48 36 39 44 
5 7 68 74 66 64 62 58 56 55 52 46 72 60 16 9 19 31 17 12 3 25 29 1 40 42 21 23 51 13 27 34 48 36 71 39 44 
5 7 69 74 66 64 62 72 60 58 56 55 52 46 15 71 39 34 9 19 17 31 3 25 29 1 40 42 11 21 23 51 13 27 48 36 44 
5 7 68 74 66 70 64 62 72 60 58 56 52 55 47 15 39 34 9 17 31 20 44 3 25 29 1 40 42 11 21 23 51 13 27 48 36 
5 7 68 70 64 62 58 56 55 52 50 46 72 60 16 74 66 18 9 44 12 3 25 29 1 42 21 23 13 27 20 31 34 48 36 40 38 
5 7 68 70 64 62 58 56 52 50 55 47 72 60 16 74 66 18 9 44 12 3 25 29 1 42 21 23 13 27 20 31 34 48 36 40 38 
5 7 68 70 64 62 58 56 55 52 46 72 60 16 74 66 18 9 44 12 3 25 29 1 42 21 23 51 13 27 20 31 34 48 36 40 38 
5 7 68 70 64 62 58 56 55 52 46 72 60 16 74 66 18 9 44 12 3 25 29 1 40 42 21 23 51 13 27 20 31 34 48 36 39 
5 7 68 74 66 70 64 62 72 60 58 56 55 50 46 15 34 9 19 17 31 3 25 29 1 49 42 11 21 23 13 27 52 37 40 38 44 
5 7 68 74 66 70 64 62 72 60 58 56 55 46 15 34 9 19 17 31 3 25 29 1 49 42 11 21 23 51 13 27 52 37 40 38 44 
5 7 68 74 66 70 64 62 72 60 58 56 55 52 50 46 25 29 15 34 9 19 17 31 3 1 42 11 21 23 14 27 48 36 40 38 44 
5 7 71 68 74 66 64 62 72 60 58 56 55 52 50 46 25 29 15 34 9 19 17 31 3 1 42 11 21 23 14 27 48 36 40 38 44 
71 68 74 66 64 62 72 60 58 56 55 52 50 46 3 25 29 15 34 10 19 17 31 7 6 1 42 11 21 23 14 27 48 36 40 38 44 
5 7 68 74 66 70 64 62 72 60 58 56 55 52 50 46 15 25 29 9 19 31 3 17 12 1 42 21 23 14 27 34 48 36 40 38 44 
5 7 71 68 74 66 64 62 72 60 58 56 55 52 50 46 15 25 29 9 19 31 3 17 12 1 42 21 23 14 27 34 48 36 40 38 44 
5 7 68 74 66 70 64 62 72 60 58 56 55 52 50 46 15 25 29 10 3 19 31 17 12 1 42 21 23 14 27 34 48 36 40 38 44 
5 7 71 68 74 66 64 62 72 60 58 56 55 52 50 46 15 25 29 10 3 19 31 17 12 1 42 21 23 14 27 34 48 36 40 38 44 
5 7 68 74 66 70 64 62 58 56 55 52 50 46 72 60 16 3 25 29 9 19 31 17 12 1 42 21 23 14 27 34 48 36 40 38 44 
5 7 71 68 74 66 64 62 58 56 55 52 50 46 72 60 16 3 25 29 9 19 31 17 12 1 42 21 23 14 27 34 48 36 40 38 44 
5 7 71 69 74 66 64 62 72 60 58 56 55 52 50 46 15 25 29 9 19 31 3 17 12 1 42 21 23 14 27 34 48 36 40 38 44 
5 7 68 74 66 70 64 62 72 60 58 56 52 50 55 47 25 29 15 34 9 17 31 20 44 3 1 42 11 21 23 14 27 48 36 40 38 
5 7 71 68 74 66 64 62 72 60 58 56 52 50 55 47 25 29 15 34 9 17 31 20 44 3 1 42 11 21 23 14 27 48 36 40 38 
5 7 68 74 66 70 64 62 72 60 58 56 52 50 55 47 15 25 29 9 31 20 44 3 17 12 1 42 21 23 14 27 34 48 36 40 38 
5 7 68 74 66 70 64 62 72 60 58 56 52 50 55 47 15 25 29 10 3 31 20 44 17 12 1 42 21 23 14 27 34 48 36 40 38 
5 7 68 74 66 70 64 62 58 56 52 50 55 47 72 60 16 3 25 29 34 9 17 31 20 44 1 42 11 21 23 14 27 48 36 40 38 
5 7 71 68 74 66 64 62 58 56 52 50 55 47 72 60 16 3 25 29 34 9 17 31 20 44 1 42 11 21 23 14 27 48 36 40 38 
5 7 68 74 66 70 64 62 58 56 52 50 55 47 72 60 16 3 25 29 9 31 20 44 17 12 1 42 21 23 14 27 34 48 36 40 38 
5 7 71 68 74 66 64 62 58 56 52 50 55 47 72 60 16 3 25 29 9 31 20 44 17 12 1 42 21 23 14 27 34 48 36 40 38 
5 7 68 74 66 70 64 62 72 60 58 56 55 52 46 25 29 15 34 9 19 17 31 3 1 42 11 21 23 51 14 27 48 36 40 38 44 
71 68 74 66 64 62 72 60 58 56 55 52 46 3 25 29 15 34 9 19 17 31 7 6 1 42 11 21 23 51 14 27 48 36 40 38 44 
71 74 66 64 62 58 56 55 52 46 19 17 31 72 60 16 5 3 25 29 34 9 68 8 1 38 40 42 11 21 23 51 14 27 48 36 44 
5 7 68 74 66 70 64 62 58 56 55 52 46 72 60 16 3 25 29 9 19 31 17 12 1 42 21 23 51 14 27 34 48 36 40 38 44 
5 7 68 74 66 70 64 62 72 60 58 56 52 55 47 25 29 15 34 9 17 31 20 44 3 1 42 11 21 23 51 14 27 48 36 40 38 
5 7 68 74 66 70 64 62 58 56 52 55 47 72 60 16 3 25 29 9 31 20 44 17 12 1 42 21 23 51 14 27 34 48 36 40 38 
5 7 68 74 66 70 64 62 72 60 58 56 55 52 50 46 25 29 15 39 34 9 19 17 31 3 1 40 42 11 21 23 14 27 48 36 44 
5 7 68 74 66 64 62 72 60 58 56 55 52 50 46 25 29 15 71 39 34 9 19 17 31 3 1 40 42 11 21 23 14 27 48 36 44 
5 7 68 74 66 64 62 72 60 58 56 55 52 50 46 15 71 39 25 29 9 19 31 3 17 12 1 40 42 21 23 14 27 34 48 36 44 
5 7 68 74 66 70 64 62 72 60 58 56 55 52 50 46 15 39 25 29 10 3 19 31 17 12 1 40 42 21 23 14 27 34 48 36 44 
5 7 68 74 66 70 64 62 58 56 55 52 50 46 72 60 16 3 25 29 9 19 31 17 12 1 40 42 21 23 14 27 34 48 36 39 44 
5 7 68 74 66 64 62 58 56 55 52 50 46 72 60 16 3 25 29 9 19 31 17 12 1 40 42 21 23 14 27 34 48 36 71 39 44 
5 7 69 74 66 64 62 72 60 58 56 55 52 50 46 25 29 15 71 39 34 9 19 17 31 3 1 40 42 11 21 23 14 27 48 36 44 
5 7 68 74 66 70 64 62 72 60 58 56 52 50 55 47 25 29 15 39 34 9 17 31 20 44 3 1 40 42 11 21 23 14 27 48 36 
5 7 68 74 66 70 64 62 58 56 52 50 55 47 72 60 16 3 25 29 34 9 17 31 20 44 1 40 42 11 21 23 14 27 48 36 39 
5 7 68 74 66 70 64 62 72 60 58 56 55 52 46 25 29 15 39 34 9 19 17 31 3 1 40 42 11 21 23 51 14 27 48 36 44 
5 7 68 74 66 64 62 72 60 58 56 55 52 46 25 29 15 71 39 34 9 19 17 31 3 1 40 42 11 21 23 51 14 27 48 36 44 
5 7 68 74 66 64 62 72 60 58 56 55 52 46 15 71 39 25 29 9 19 31 3 17 12 1 40 42 21 23 51 14 27 34 48 36 44 
5 7 68 74 66 64 62 72 60 58 56 55 52 46 15 71 39 25 29 10 3 19 31 17 12 1 40 42 21 23 51 14 27 34 48 36 44 
5 7 69 74 66 64 62 72 60 58 56 55 52 46 25 29 15 71 39 34 9 19 17 31 3 1 40 42 11 21 23 51 14 27 48 36 44 
5 7 69 74 66 64 62 72 60 58 56 55 52 46 15 71 39 25 29 9 19 31 3 17 12 1 40 42 21 23 51 14 27 34 48 36 44 
5 7 68 74 66 64 62 72 60 58 56 52 55 47 25 29 15 71 39 34 9 17 31 20 44 3 1 40 42 11 21 23 51 14 27 48 36 
5 7 68 70 64 62 58 56 55 52 50 46 74 66 18 72 60 16 3 25 29 9 44 12 1 42 21 23 14 27 20 31 34 48 36 40 38 
5 7 71 68 64 62 58 56 55 52 50 46 74 66 18 72 60 16 3 25 29 9 44 12 1 42 21 23 14 27 20 31 34 48 36 40 38 
5 7 68 70 64 62 58 56 52 50 55 47 74 66 18 72 60 16 3 25 29 9 44 12 1 42 21 23 14 27 20 31 34 48 36 40 38 
5 7 68 70 64 62 58 56 55 52 46 74 66 18 72 60 16 3 25 29 9 44 12 1 42 21 23 51 14 27 20 31 34 48 36 40 38 
5 7 68 64 62 58 56 55 52 50 46 74 66 18 72 60 16 3 25 29 9 44 12 1 40 42 21 23 14 27 20 31 34 48 36 71 39 
5 7 74 66 70 64 62 72 60 58 56 68 54 52 50 46 13 15 34 9 19 17 31 3 25 29 1 42 11 21 23 44 48 36 40 28 38 
5 7 74 66 70 64 62 72 60 58 56 68 54 52 50 46 15 13 9 19 31 17 12 3 25 29 1 42 21 23 44 34 48 36 40 28 38 
5 7 74 66 70 64 62 58 56 68 54 52 50 46 72 60 16 13 9 19 31 17 12 3 25 29 1 42 21 23 44 34 48 36 40 28 38 
5 7 74 66 70 64 62 72 60 58 56 68 54 52 50 47 13 15 34 9 17 31 20 44 3 25 29 1 42 11 21 23 48 36 28 40 38 
5 7 74 66 70 64 62 72 60 58 56 68 54 52 50 47 15 13 9 31 20 44 17 12 3 25 29 1 42 21 23 34 48 36 28 40 38 
5 7 74 66 70 64 62 72 60 58 56 68 54 52 46 51 13 15 34 9 19 17 31 3 25 29 1 42 11 21 23 44 48 36 40 28 38 
5 7 74 66 70 64 62 72 60 58 56 68 54 52 46 15 51 13 9 19 31 17 12 3 25 29 1 42 21 23 44 34 48 36 40 28 38 
5 7 74 66 70 64 63 72 60 58 56 68 54 52 46 51 13 15 34 9 19 17 31 3 25 29 1 42 11 21 23 44 48 36 40 28 38 
5 7 74 66 70 64 62 58 56 68 54 52 46 72 60 16 51 13 9 19 31 17 12 3 25 29 1 42 21 23 44 34 48 36 40 28 38 
5 7 74 66 70 64 62 72 60 58 56 68 54 52 47 51 13 15 34 9 17 31 20 44 3 25 29 1 42 11 21 23 48 36 28 40 38 
5 7 74 66 70 64 62 72 60 58 56 68 54 52 47 15 51 13 9 31 20 44 17 12 3 25 29 1 42 21 23 34 48 36 28 40 38 
5 7 74 66 70 64 62 58 56 68 54 52 47 72 60 16 51 13 34 9 17 31 20 44 3 25 29 1 42 11 21 23 48 36 28 40 38 
5 7 74 66 70 64 62 72 60 58 56 68 54 52 50 46 13 15 34 9 19 17 31 3 25 29 1 42 11 21 24 44 48 36 40 28 38 
5 7 74 66 70 64 62 72 60 58 56 68 54 52 50 46 15 13 9 19 31 17 12 3 25 29 1 42 21 24 44 34 48 36 40 28 38 
5 7 74 66 70 64 62 72 60 58 56 68 54 52 50 46 15 13 10 19 31 17 12 3 25 29 1 42 21 24 44 34 48 36 40 28 38 
5 7 74 66 70 64 62 58 56 68 54 52 50 46 72 60 16 13 34 9 19 17 31 3 25 29 1 42 11 21 24 44 48 36 40 28 38 
5 7 74 66 70 64 62 58 56 68 54 52 50 46 72 60 16 13 9 19 31 17 12 3 25 29 1 42 21 24 44 34 48 36 40 28 38 
5 7 74 66 70 64 62 72 60 58 56 68 54 52 50 47 13 15 34 9 17 31 20 3 25 29 1 42 11 21 44 24 48 36 28 40 38 
5 7 74 66 70 64 62 72 60 58 56 68 54 52 50 47 15 13 9 31 20 17 12 44 24 3 25 29 1 42 21 34 48 36 28 40 38 
5 7 74 66 70 64 62 72 60 58 56 68 54 52 50 47 15 13 10 31 20 17 12 44 24 3 25 29 1 42 21 34 48 36 28 40 38 
5 7 74 66 70 64 62 72 60 58 56 68 54 52 46 51 13 15 34 9 19 17 31 3 25 29 1 42 11 21 24 44 48 36 40 28 38 
5 7 74 66 70 64 63 72 60 58 56 68 54 52 46 51 13 15 34 9 19 17 31 3 25 29 1 42 11 21 24 44 48 36 40 28 38 
5 7 74 66 70 64 62 58 56 68 54 52 46 72 60 16 51 13 9 19 31 17 12 3 25 29 1 42 21 24 44 34 48 36 40 28 38 
5 7 74 66 70 64 62 72 60 58 56 68 54 52 47 51 13 15 34 9 17 31 20 3 25 29 1 42 11 21 44 24 48 36 28 40 38 
5 7 74 66 70 64 62 72 60 58 56 68 54 52 47 15 51 13 9 31 20 17 12 44 24 3 25 29 1 42 21 34 48 36 28 40 38 
5 7 74 66 70 64 62 58 56 68 54 52 47 72 60 16 51 13 34 9 17 31 20 3 25 29 1 42 11 21 44 24 48 36 28 40 38 
5 7 74 66 70 64 62 72 60 58 56 68 54 52 50 46 13 15 34 9 19 17 4 31 1 42 11 21 25 29 24 44 48 36 40 28 38 
5 7 74 66 70 64 62 72 60 58 56 68 54 52 46 51 13 15 34 9 19 17 4 31 1 42 11 21 25 29 24 44 48 36 40 28 38 
5 7 74 66 70 64 63 72 60 58 56 68 54 52 46 51 13 15 34 9 19 17 4 31 1 42 11 21 25 29 24 44 48 36 40 28 38 
5 7 74 66 70 64 62 58 56 68 54 52 46 72 60 16 51 13 9 19 4 31 17 12 1 42 21 25 29 24 44 34 48 36 40 28 38 
5 7 74 66 70 64 62 60 58 56 68 54 52 50 73 46 13 15 34 9 19 17 4 31 1 42 11 21 25 29 24 44 48 36 40 28 38 
5 7 74 66 70 64 62 60 58 56 68 54 52 73 46 51 13 15 34 9 19 17 4 31 1 42 11 21 25 29 24 44 48 36 40 28 38 
5 7 74 66 70 64 62 72 60 58 56 68 54 52 50 46 13 15 34 9 19 17 4 1 42 11 21 25 29 24 44 48 36 40 33 28 38 
5 7 74 66 70 64 62 58 56 68 54 52 50 46 72 60 16 13 34 9 19 17 4 1 42 11 21 25 29 24 44 48 36 40 33 28 38 
5 7 74 66 70 64 62 60 58 56 68 54 52 50 73 46 13 15 34 9 19 17 4 1 42 11 21 25 29 24 44 48 36 40 33 28 38 
5 7 70 64 62 58 56 68 54 52 50 46 72 60 16 74 66 18 13 9 44 12 3 25 29 1 42 21 23 20 31 34 48 36 28 40 38 
5 7 70 64 62 58 56 68 54 52 50 47 72 60 16 74 66 18 13 9 44 12 3 25 29 1 42 21 23 20 31 34 48 36 28 40 38 
5 7 70 64 62 58 56 68 54 52 46 72 60 16 74 66 18 51 13 9 44 12 3 25 29 1 42 21 23 20 31 34 48 36 28 40 38 
5 7 70 64 62 58 56 68 54 52 50 46 72 60 16 74 66 18 13 34 9 3 25 29 1 42 11 21 44 24 20 31 48 36 28 40 38 
5 7 70 64 62 58 56 68 54 52 50 46 72 60 16 74 66 18 13 9 12 44 24 3 25 29 1 42 21 20 31 34 48 36 28 40 38 
5 7 70 64 62 58 56 68 54 52 50 47 72 60 16 74 66 18 13 34 9 3 25 29 1 42 11 21 44 24 20 31 48 36 28 40 38 
5 7 70 64 62 58 56 68 54 52 46 72 60 16 74 66 18 51 13 9 12 44 24 3 25 29 1 42 21 20 31 34 48 36 28 40 38 
5 7 70 64 62 58 56 68 54 52 47 72 60 16 74 66 18 51 13 34 9 3 25 29 1 42 11 21 44 24 20 31 48 36 28 40 38 
5 7 74 66 70 64 62 72 60 58 56 68 54 50 46 13 15 34 9 19 17 31 3 25 29 1 49 42 11 21 52 37 24 44 40 28 38 
5 7 74 66 70 64 62 72 60 58 56 68 54 52 50 46 14 25 29 15 34 9 19 17 31 3 1 42 11 21 23 44 48 36 40 28 38 
5 7 71 74 66 64 62 72 60 58 56 68 54 52 50 46 14 25 29 15 34 9 19 17 31 3 1 42 11 21 23 44 48 36 40 28 38 
5 7 71 74 66 64 62 72 60 58 56 68 54 52 50 46 14 25 29 15 34 10 3 19 17 31 1 42 11 21 23 44 48 36 40 28 38 
5 7 74 66 70 64 62 72 60 58 56 68 54 52 50 46 15 14 25 29 9 19 31 3 17 12 1 42 21 23 44 34 48 36 40 28 38 
5 7 71 74 66 64 62 72 60 58 56 68 54 52 50 46 15 14 25 29 9 19 31 3 17 12 1 42 21 23 44 34 48 36 40 28 38 
5 7 74 66 70 64 62 72 60 58 56 68 54 52 50 46 15 14 25 29 10 3 19 31 17 12 1 42 21 23 44 34 48 36 40 28 38 
5 7 71 74 66 64 62 72 60 58 56 68 54 52 50 46 15 14 25 29 10 3 19 31 17 12 1 42 21 23 44 34 48 36 40 28 38 
5 7 74 66 70 64 62 58 56 68 54 52 50 46 72 60 16 14 3 25 29 34 9 19 17 31 1 42 11 21 23 44 48 36 40 28 38 
5 7 74 66 70 64 62 58 56 68 54 52 50 46 72 60 16 14 3 25 29 9 19 31 17 12 1 42 21 23 44 34 48 36 40 28 38 
5 7 71 69 74 66 64 62 72 60 58 56 54 52 50 46 14 25 29 15 34 9 19 17 31 3 1 42 11 21 23 44 48 36 40 28 38 
5 7 71 69 74 66 64 62 72 60 58 56 54 52 50 46 15 14 25 29 9 19 31 3 17 12 1 42 21 23 44 34 48 36 40 28 38 
5 7 74 66 70 64 62 72 60 58 56 68 54 52 50 47 14 25 29 15 34 9 17 31 20 44 3 1 42 11 21 23 48 36 28 40 38 
5 7 74 66 70 64 62 72 60 58 56 68 54 52 50 47 15 14 25 29 9 31 20 44 3 17 12 1 42 21 23 34 48 36 28 40 38 
5 7 74 66 70 64 62 72 60 58 56 68 54 52 50 47 15 14 25 29 10 3 31 20 44 17 12 1 42 21 23 34 48 36 28 40 38 
5 7 74 66 70 64 62 58 56 68 54 52 50 47 72 60 16 14 3 25 29 34 9 17 31 20 44 1 42 11 21 23 48 36 28 40 38 
5 7 74 66 70 64 62 58 56 68 54 52 50 47 72 60 16 14 3 25 29 9 31 20 44 17 12 1 42 21 23 34 48 36 28 40 38 
5 7 74 66 70 64 62 72 60 58 56 68 54 52 46 51 14 25 29 15 34 9 19 17 31 3 1 42 11 21 23 44 48 36 40 28 38 
5 7 71 74 66 64 62 72 60 58 56 68 54 52 46 51 14 25 29 15 34 9 19 17 31 3 1 42 11 21 23 44 48 36 40 28 38 
71 74 66 64 62 72 60 58 56 52 46 19 17 31 51 14 25 29 15 34 9 68 54 8 3 5 1 42 11 21 23 38 40 28 44 48 36 
5 7 71 74 66 64 62 72 60 58 56 68 54 52 46 51 14 25 29 15 34 10 3 19 17 31 1 42 11 21 23 44 48 36 40 28 38 
5 7 74 66 70 64 62 58 56 68 54 52 46 72 60 16 51 14 3 25 29 9 19 31 17 12 1 42 21 23 44 34 48 36 40 28 38 
71 74 66 64 62 58 56 52 46 19 31 72 60 16 51 14 5 3 25 29 9 68 54 8 17 12 1 42 21 23 38 40 28 44 34 48 36 
5 7 71 69 74 66 64 62 72 60 58 56 54 52 46 51 14 25 29 15 34 9 19 17 31 3 1 42 11 21 23 44 48 36 40 28 38 
5 7 74 66 70 64 62 72 60 58 56 68 54 52 47 51 14 25 29 15 34 9 17 31 20 44 3 1 42 11 21 23 48 36 28 40 38 
5 7 74 66 70 64 62 58 56 68 54 52 47 72 60 16 51 14 3 25 29 9 31 20 44 17 12 1 42 21 23 34 48 36 28 40 38 
5 7 74 66 70 64 62 72 60 58 56 68 54 52 50 46 14 25 29 15 34 9 19 17 31 3 1 42 11 21 24 44 48 36 40 28 38 
5 7 74 66 70 64 62 72 60 58 56 68 54 52 50 46 14 25 29 15 34 10 3 19 17 31 1 42 11 21 24 44 48 36 40 28 38 
5 7 71 74 66 64 62 72 60 58 56 68 54 52 50 46 14 25 29 15 34 10 3 19 17 31 1 42 11 21 24 44 48 36 40 28 38 
5 7 74 66 70 64 62 72 60 58 56 68 54 52 50 46 15 14 25 29 9 19 31 3 17 12 1 42 21 24 44 34 48 36 40 28 38 
5 7 74 66 70 64 62 58 56 68 54 52 50 46 72 60 16 14 3 25 29 34 9 19 17 31 1 42 11 21 24 44 48 36 40 28 38 
5 7 74 66 70 64 62 58 56 68 54 52 50 46 72 60 16 14 3 25 29 9 19 31 17 12 1 42 21 24 44 34 48 36 40 28 38 
5 7 74 66 70 64 62 72 60 58 56 68 54 52 50 47 14 25 29 15 34 9 17 31 20 3 1 42 11 21 44 24 48 36 28 40 38 
5 7 74 66 70 64 62 72 60 58 56 68 54 52 50 47 14 25 29 15 34 10 3 17 31 20 1 42 11 21 44 24 48 36 28 40 38 
5 7 74 66 70 64 62 72 60 58 56 68 54 52 50 47 15 14 25 29 9 31 20 3 17 12 44 24 1 42 21 34 48 36 28 40 38 
5 7 74 66 70 64 62 58 56 68 54 52 50 47 72 60 16 14 3 25 29 34 9 17 31 20 1 42 11 21 44 24 48 36 28 40 38 
5 7 74 66 70 64 62 58 56 68 54 52 50 47 72 60 16 14 3 25 29 9 31 20 17 12 44 24 1 42 21 34 48 36 28 40 38 
5 7 74 66 70 64 62 72 60 58 56 68 54 52 46 51 14 25 29 15 34 9 19 17 31 3 1 42 11 21 24 44 48 36 40 28 38 
5 7 74 66 70 64 62 58 56 68 54 52 46 72 60 16 51 14 3 25 29 34 9 19 17 31 1 42 11 21 24 44 48 36 40 28 38 
5 7 74 66 70 64 62 58 56 68 54 52 46 72 60 16 51 14 3 25 29 9 19 31 17 12 1 42 21 24 44 34 48 36 40 28 38 
5 7 74 66 70 64 62 72 60 58 56 68 54 52 47 51 14 25 29 15 34 9 17 31 20 3 1 42 11 21 44 24 48 36 28 40 38 
5 7 74 66 70 64 62 58 56 68 54 52 47 72 60 16 51 14 3 25 29 34 9 17 31 20 1 42 11 21 44 24 48 36 28 40 38 
5 7 74 66 70 64 62 58 56 68 54 52 47 72 60 16 51 14 3 25 29 9 31 20 17 12 44 24 1 42 21 34 48 36 28 40 38 
5 7 74 66 70 64 62 60 58 56 68 54 52 50 73 46 14 25 29 15 34 9 19 17 31 3 1 42 11 21 24 44 48 36 40 28 38 
5 7 74 66 70 64 62 58 56 68 54 52 50 73 46 60 16 14 3 25 29 34 9 19 17 31 1 42 11 21 24 44 48 36 40 28 38 
5 7 74 66 70 64 62 58 56 68 54 52 50 73 46 60 16 14 3 25 29 9 19 31 17 12 1 42 21 24 44 34 48 36 40 28 38 
5 7 73 74 66 70 64 62 60 58 56 68 54 52 50 47 14 25 29 15 34 9 17 31 20 3 1 42 11 21 44 24 48 36 28 40 38 
5 7 73 74 66 70 64 62 58 56 68 54 52 50 47 60 16 14 3 25 29 34 9 17 31 20 1 42 11 21 44 24 48 36 28 40 38 
5 7 74 66 70 64 62 60 58 56 68 54 52 73 46 51 14 25 29 15 34 9 19 17 31 3 1 42 11 21 24 44 48 36 40 28 38 
5 7 74 66 70 64 62 58 56 68 54 52 73 46 60 16 51 14 3 25 29 34 9 19 17 31 1 42 11 21 24 44 48 36 40 28 38 
5 7 74 66 70 64 62 58 56 68 54 52 73 46 60 16 51 14 3 25 29 9 19 31 17 12 1 42 21 24 44 34 48 36 40 28 38 
5 7 74 66 70 64 62 72 60 58 56 68 54 52 50 46 14 25 29 15 34 9 19 17 3 1 42 11 21 24 44 48 36 33 40 28 38 
5 7 74 66 70 64 62 72 60 58 56 68 54 52 50 46 15 14 25 29 9 19 3 17 12 1 42 21 24 44 34 48 36 33 40 28 38 
5 7 74 66 70 64 62 58 56 68 54 52 50 46 72 60 16 14 3 25 29 34 9 19 17 1 42 11 21 24 44 48 36 33 40 28 38 
5 7 74 66 70 64 62 72 60 58 56 68 54 52 50 47 15 14 25 29 9 20 3 17 12 44 24 1 42 21 34 48 36 33 28 40 38 
5 7 74 66 70 64 62 72 60 58 56 68 54 52 50 46 14 25 29 15 34 9 19 17 4 31 1 42 11 21 24 44 48 36 40 28 38 
5 7 74 66 70 64 62 58 56 68 54 52 50 46 72 60 16 14 25 29 34 9 19 17 4 31 1 42 11 21 24 44 48 36 40 28 38 
5 7 74 66 70 64 62 72 60 58 56 68 54 52 46 51 14 25 29 15 34 9 19 17 4 31 1 42 11 21 24 44 48 36 40 28 38 
5 7 74 66 70 64 62 58 56 68 54 52 46 72 60 16 51 14 25 29 34 9 19 17 4 31 1 42 11 21 24 44 48 36 40 28 38 
5 7 74 66 70 64 62 58 56 68 54 52 46 72 60 16 51 14 25 29 9 19 4 31 17 12 1 42 21 24 44 34 48 36 40 28 38 
5 7 74 66 70 64 62 60 58 56 68 54 52 50 73 46 14 25 29 15 34 9 19 17 4 31 1 42 11 21 24 44 48 36 40 28 38 
5 7 74 66 70 64 62 58 56 68 54 52 50 73 46 60 16 14 25 29 34 9 19 17 4 31 1 42 11 21 24 44 48 36 40 28 38 
5 7 74 66 70 64 62 60 58 56 68 54 52 73 46 51 14 25 29 15 34 9 19 17 4 31 1 42 11 21 24 44 48 36 40 28 38 
5 7 74 66 70 64 62 72 60 58 56 68 54 52 50 46 14 25 29 15 34 9 19 17 4 1 42 11 21 24 44 48 36 33 40 28 38 
5 7 74 66 70 64 62 58 56 68 54 52 50 46 72 60 16 14 25 29 34 9 19 17 4 1 42 11 21 24 44 48 36 33 40 28 38 
5 7 74 66 70 64 62 72 60 58 56 68 54 52 46 51 14 25 29 15 34 9 19 17 4 1 42 11 21 24 44 48 36 33 40 28 38 
5 7 74 66 64 62 72 60 58 56 68 54 52 46 15 71 39 51 14 25 29 9 19 31 3 17 12 1 42 21 23 40 28 44 34 48 36 
5 7 74 66 64 62 72 60 58 56 68 54 52 46 15 71 39 51 14 25 29 10 3 19 31 17 12 1 42 21 23 40 28 44 34 48 36 
5 7 69 74 66 64 62 72 60 58 56 54 52 46 15 71 39 51 14 25 29 9 19 31 3 17 12 1 42 21 23 40 28 44 34 48 36 
5 7 74 66 64 62 72 60 58 56 68 54 52 46 51 14 25 29 15 71 39 34 10 3 19 17 31 1 42 11 21 40 28 24 44 48 36 
5 7 70 64 62 58 56 68 54 52 50 46 74 66 18 72 60 16 14 3 25 29 34 9 44 1 42 11 21 23 20 31 48 36 28 40 38 
5 7 70 64 62 58 56 68 54 52 50 46 74 66 18 72 60 16 14 3 25 29 9 44 12 1 42 21 23 20 31 34 48 36 28 40 38 
5 7 71 64 62 58 56 68 54 52 50 46 74 66 18 72 60 16 14 3 25 29 9 44 12 1 42 21 23 20 31 34 48 36 28 40 38 
5 7 70 64 62 58 56 68 54 52 50 47 74 66 18 72 60 16 14 3 25 29 34 9 44 1 42 11 21 23 20 31 48 36 28 40 38 
5 7 70 64 62 58 56 68 54 52 50 47 74 66 18 72 60 16 14 3 25 29 9 44 12 1 42 21 23 20 31 34 48 36 28 40 38 
5 7 70 64 62 58 56 68 54 52 46 74 66 18 72 60 16 51 14 3 25 29 9 44 12 1 42 21 23 20 31 34 48 36 28 40 38 
5 7 70 64 62 58 56 68 54 52 50 46 74 66 18 72 60 16 14 3 25 29 34 9 1 42 11 21 44 24 20 31 48 36 28 40 38 
5 7 70 64 62 58 56 68 54 52 50 47 74 66 18 72 60 16 14 3 25 29 34 9 1 42 11 21 44 24 20 31 48 36 28 40 38 
5 7 70 64 62 58 56 68 54 52 46 74 66 18 72 60 16 51 14 3 25 29 34 9 1 42 11 21 44 24 20 31 48 36 28 40 38 
5 7 70 64 62 58 56 68 54 52 50 73 46 74 66 18 60 16 14 3 25 29 34 9 1 42 11 21 44 24 20 31 48 36 28 40 38 
5 7 70 64 62 58 56 68 54 52 73 46 74 66 18 60 16 51 14 3 25 29 34 9 1 42 11 21 44 24 20 31 48 36 28 40 38 
5 7 74 66 70 64 62 72 60 58 56 68 54 52 50 46 14 25 29 15 34 9 19 17 31 3 1 49 42 11 21 23 44 36 40 28 38 
5 7 74 66 70 64 62 72 60 58 56 68 54 52 50 47 14 25 29 15 34 9 17 31 20 44 3 1 49 42 11 21 23 36 28 40 38 
5 7 74 66 70 64 62 72 60 58 56 68 54 52 46 51 14 25 29 15 34 9 19 17 31 3 1 49 42 11 21 23 44 36 40 28 38 
5 7 74 66 70 64 62 72 60 58 56 68 54 52 50 46 14 25 29 15 34 9 19 17 31 3 1 49 42 11 21 24 44 36 40 28 38 
5 7 74 66 70 64 62 72 60 58 56 68 54 52 50 47 14 25 29 15 34 9 17 31 20 3 1 49 42 11 21 44 24 36 28 40 38 
5 7 74 66 70 64 62 72 60 58 56 68 54 52 50 46 14 25 29 15 34 9 19 17 3 1 49 42 11 21 24 44 36 33 40 28 38 
5 7 74 66 70 64 62 72 60 58 56 68 54 50 46 14 25 29 15 34 9 19 17 31 3 1 49 42 11 21 52 37 24 44 40 28 38 
5 7 68 74 66 70 64 62 72 60 58 56 55 52 50 46 13 15 34 9 19 17 31 3 25 29 1 42 11 21 23 44 48 36 40 28 38 
5 7 68 74 66 70 64 62 72 60 58 56 55 52 50 46 15 13 9 19 31 17 12 3 25 29 1 42 21 23 44 34 48 36 40 28 38 
5 7 68 74 66 70 64 62 58 56 55 52 50 46 72 60 16 13 9 19 31 17 12 3 25 29 1 42 21 23 44 34 48 36 40 28 38 
5 7 68 74 66 70 64 62 72 60 58 56 52 50 55 47 13 15 34 9 17 31 20 44 3 25 29 1 42 11 21 23 48 36 28 40 38 
5 7 68 74 66 70 64 62 72 60 58 56 52 50 55 47 15 13 9 31 20 44 17 12 3 25 29 1 42 21 23 34 48 36 28 40 38 
5 7 68 74 66 70 64 62 72 60 58 56 55 52 46 51 13 15 34 9 19 17 31 3 25 29 1 42 11 21 23 44 48 36 40 28 38 
5 7 68 74 66 70 64 62 72 60 58 56 55 52 46 15 51 13 9 19 31 17 12 3 25 29 1 42 21 23 44 34 48 36 40 28 38 
5 7 68 74 66 70 64 72 60 58 56 63 55 52 46 51 13 15 34 9 19 17 31 3 25 29 1 42 11 21 23 44 48 36 40 28 38 
5 7 68 74 66 70 64 62 58 56 55 52 46 72 60 16 51 13 9 19 31 17 12 3 25 29 1 42 21 23 44 34 48 36 40 28 38 
5 7 68 74 66 70 64 62 72 60 58 56 52 55 47 51 13 15 34 9 17 31 20 44 3 25 29 1 42 11 21 23 48 36 28 40 38 
5 7 68 74 66 70 64 62 72 60 58 56 52 55 47 15 51 13 9 31 20 44 17 12 3 25 29 1 42 21 23 34 48 36 28 40 38 
5 7 68 74 66 70 64 62 58 56 52 55 47 72 60 16 51 13 34 9 17 31 20 44 3 25 29 1 42 11 21 23 48 36 28 40 38 
5 7 68 74 66 70 64 62 72 60 58 56 55 50 48 46 13 15 34 9 19 17 31 3 25 29 1 42 11 21 23 44 52 37 40 28 38 
5 7 68 74 66 70 64 62 72 60 58 56 50 48 55 47 13 15 34 9 17 31 20 44 3 25 29 1 42 11 21 23 52 37 28 40 38 
5 7 68 74 66 70 64 62 72 60 58 56 55 48 46 51 13 15 34 9 19 17 31 3 25 29 1 42 11 21 23 44 52 37 40 28 38 
5 7 68 70 64 62 58 56 55 52 50 46 72 60 16 74 66 18 13 9 44 12 3 25 29 1 42 21 23 20 31 34 48 36 28 40 38 
5 7 68 70 64 62 58 56 55 52 46 72 60 16 74 66 18 51 13 9 44 12 3 25 29 1 42 21 23 20 31 34 48 36 28 40 38 
5 7 68 74 66 70 64 62 72 60 58 56 55 52 50 46 14 25 29 15 34 9 19 17 31 3 1 42 11 21 23 44 48 36 40 28 38 
5 7 71 68 74 66 64 62 72 60 58 56 55 52 50 46 14 25 29 15 34 9 19 17 31 3 1 42 11 21 23 44 48 36 40 28 38 
5 7 71 68 74 66 64 62 72 60 58 56 55 52 50 46 14 25 29 15 34 10 3 19 17 31 1 42 11 21 23 44 48 36 40 28 38 
5 7 68 74 66 70 64 62 72 60 58 56 55 52 50 46 15 14 25 29 9 19 31 3 17 12 1 42 21 23 44 34 48 36 40 28 38 
5 7 71 68 74 66 64 62 72 60 58 56 55 52 50 46 15 14 25 29 9 19 31 3 17 12 1 42 21 23 44 34 48 36 40 28 38 
5 7 68 74 66 70 64 62 72 60 58 56 55 52 50 46 15 14 25 29 10 3 19 31 17 12 1 42 21 23 44 34 48 36 40 28 38 
5 7 71 68 74 66 64 62 72 60 58 56 55 52 50 46 15 14 25 29 10 3 19 31 17 12 1 42 21 23 44 34 48 36 40 28 38 
5 7 68 74 66 70 64 62 58 56 55 52 50 46 72 60 16 14 3 25 29 9 19 31 17 12 1 42 21 23 44 34 48 36 40 28 38 
5 7 71 69 74 66 64 62 72 60 58 56 55 52 50 46 15 14 25 29 9 19 31 3 17 12 1 42 21 23 44 34 48 36 40 28 38 
5 7 68 74 66 70 64 62 72 60 58 56 52 50 55 47 14 25 29 15 34 9 17 31 20 44 3 1 42 11 21 23 48 36 28 40 38 
5 7 68 74 66 70 64 62 72 60 58 56 52 50 55 47 15 14 25 29 9 31 20 44 3 17 12 1 42 21 23 34 48 36 28 40 38 
5 7 68 74 66 70 64 62 58 56 52 50 55 47 72 60 16 14 3 25 29 34 9 17 31 20 44 1 42 11 21 23 48 36 28 40 38 
5 7 68 74 66 70 64 62 58 56 52 50 55 47 72 60 16 14 3 25 29 9 31 20 44 17 12 1 42 21 23 34 48 36 28 40 38 
5 7 68 74 66 70 64 62 72 60 58 56 55 52 46 51 14 25 29 15 34 9 19 17 31 3 1 42 11 21 23 44 48 36 40 28 38 
5 7 71 68 74 66 64 62 72 60 58 56 55 52 46 51 14 25 29 15 34 9 19 17 31 3 1 42 11 21 23 44 48 36 40 28 38 
71 74 66 64 62 72 60 58 56 55 52 46 19 17 31 51 14 25 29 15 34 9 68 8 3 5 1 42 11 21 23 38 40 28 44 48 36 
5 7 71 68 74 66 64 62 72 60 58 56 55 52 46 51 14 25 29 15 34 10 3 19 17 31 1 42 11 21 23 44 48 36 40 28 38 
5 7 68 74 66 70 64 62 58 56 55 52 46 72 60 16 51 14 3 25 29 9 19 31 17 12 1 42 21 23 44 34 48 36 40 28 38 
5 7 68 74 66 70 64 62 72 60 58 56 52 55 47 51 14 25 29 15 34 9 17 31 20 44 3 1 42 11 21 23 48 36 28 40 38 
5 7 68 74 66 70 64 62 58 56 52 55 47 72 60 16 51 14 3 25 29 9 31 20 44 17 12 1 42 21 23 34 48 36 28 40 38 
5 7 68 74 66 64 62 72 60 58 56 55 52 46 15 71 39 51 14 25 29 9 19 31 3 17 12 1 42 21 23 40 28 44 34 48 36 
5 7 69 74 66 64 62 72 60 58 56 55 52 46 15 71 39 51 14 25 29 9 19 31 3 17 12 1 42 21 23 40 28 44 34 48 36 
5 7 68 70 64 62 58 56 55 52 50 46 74 66 18 72 60 16 14 3 25 29 9 44 12 1 42 21 23 20 31 34 48 36 28 40 38 
5 7 71 68 64 62 58 56 55 52 50 46 74 66 18 72 60 16 14 3 25 29 9 44 12 1 42 21 23 20 31 34 48 36 28 40 38 
5 7 68 70 64 62 58 56 55 52 46 74 66 18 72 60 16 51 14 3 25 29 9 44 12 1 42 21 23 20 31 34 48 36 28 40 38 
5 7 68 74 66 70 64 62 72 60 58 56 55 52 50 46 14 25 29 15 34 9 19 17 31 3 1 49 42 11 21 23 44 36 40 28 38 
5 7 68 74 66 70 64 62 72 60 58 56 52 50 55 47 14 25 29 15 34 9 17 31 20 44 3 1 49 42 11 21 23 36 28 40 38 
5 7 68 74 66 70 64 62 72 60 58 56 55 52 46 51 14 25 29 15 34 9 19 17 31 3 1 49 42 11 21 23 44 36 40 28 38 
5 7 74 66 70 64 62 72 60 58 56 68 54 52 50 46 15 34 9 19 17 31 3 29 1 42 11 21 23 13 27 48 36 40 38 26 44 
5 7 74 66 70 64 62 72 60 58 56 68 54 52 50 47 15 34 9 17 31 20 26 44 3 29 1 42 11 21 23 13 27 48 36 40 38 
5 7 74 66 70 64 62 72 60 58 56 68 54 52 50 47 15 34 9 17 32 20 3 29 1 42 11 21 26 44 24 13 27 48 36 40 38 
5 7 74 66 70 64 62 60 58 56 68 54 52 50 73 46 15 34 9 19 17 32 3 29 1 42 11 21 13 27 48 36 40 38 26 24 44 
5 7 74 66 70 64 62 72 60 58 56 68 54 52 50 46 15 39 34 9 19 17 31 3 29 1 40 42 11 21 23 13 27 48 36 26 44 
5 7 74 66 64 62 72 60 58 56 68 54 52 50 46 15 71 39 34 9 19 17 31 3 29 1 40 42 11 21 23 13 27 48 36 26 44 
5 7 74 66 64 62 72 60 58 56 68 54 52 46 15 71 39 34 9 19 17 31 3 29 1 40 42 11 21 23 51 13 27 48 36 26 44 
5 7 74 66 70 64 62 72 60 58 56 68 54 52 50 46 15 39 34 9 19 17 32 3 29 1 40 42 11 21 13 27 48 36 26 24 44 
5 7 74 66 70 64 62 60 58 56 68 54 52 50 73 46 15 39 34 9 19 17 32 3 29 1 40 42 11 21 13 27 48 36 26 24 44 
5 7 74 66 70 64 62 72 60 58 56 68 54 50 48 46 15 34 9 19 17 32 3 29 1 42 11 21 52 37 13 27 40 38 26 24 44 
5 7 74 66 70 64 62 72 60 58 56 68 54 52 50 46 29 15 34 9 19 17 31 3 1 42 11 21 23 14 27 48 36 40 38 26 44 
5 7 74 66 70 64 62 72 60 58 56 68 54 52 50 47 29 15 34 9 17 31 20 26 44 3 1 42 11 21 23 14 27 48 36 40 38 
5 7 74 66 70 64 62 58 56 68 54 52 50 73 46 60 16 3 29 34 9 19 17 32 1 42 11 21 14 27 48 36 40 38 26 24 44 
5 7 74 66 70 64 62 72 60 58 56 68 54 52 50 46 29 15 39 34 9 19 17 31 3 1 40 42 11 21 23 14 27 48 36 26 44 
5 7 74 66 64 62 72 60 58 56 68 54 52 50 46 29 15 71 39 34 9 19 17 31 3 1 40 42 11 21 23 14 27 48 36 26 44 
5 7 74 66 64 62 72 60 58 56 68 54 52 46 29 15 71 39 34 9 19 17 31 3 1 40 42 11 21 23 51 14 27 48 36 26 44 
5 7 68 74 66 70 64 62 72 60 58 56 55 52 50 46 15 34 9 19 17 31 3 29 1 42 11 21 23 13 27 48 36 40 38 26 44 
5 7 68 74 66 70 64 62 72 60 58 56 52 50 55 47 15 34 9 17 31 20 26 44 3 29 1 42 11 21 23 13 27 48 36 40 38 
5 7 68 74 66 70 64 62 72 60 58 56 55 52 46 15 34 9 19 17 31 3 29 1 42 11 21 23 51 13 27 48 36 40 38 26 44 
5 7 68 74 66 70 64 72 60 58 56 63 55 52 46 15 34 9 19 17 31 3 29 1 42 11 21 23 51 13 27 48 36 40 38 26 44 
5 7 68 74 66 70 64 62 72 60 58 56 52 55 47 15 34 9 17 31 20 26 44 3 29 1 42 11 21 23 51 13 27 48 36 40 38 
5 7 68 74 66 70 64 62 72 60 58 56 55 52 50 46 15 39 34 9 19 17 31 3 29 1 40 42 11 21 23 13 27 48 36 26 44 
5 7 68 74 66 70 64 62 72 60 58 56 52 50 55 47 15 39 34 9 17 31 20 26 44 3 29 1 40 42 11 21 23 13 27 48 36 
5 7 68 74 66 70 64 62 72 60 58 56 55 52 50 46 29 15 34 9 19 17 31 3 1 42 11 21 23 14 27 48 36 40 38 26 44 
5 7 68 74 66 70 64 62 72 60 58 56 52 50 55 47 29 15 34 9 17 31 20 26 44 3 1 42 11 21 23 14 27 48 36 40 38 
5 7 68 74 66 70 64 62 72 60 58 56 55 52 46 29 15 34 9 19 17 31 3 1 42 11 21 23 51 14 27 48 36 40 38 26 44 
5 7 68 74 66 70 64 62 72 60 58 56 55 52 50 46 29 15 39 34 9 19 17 31 3 1 40 42 11 21 23 14 27 48 36 26 44 
5 7 74 66 70 64 62 72 60 58 56 68 54 52 50 46 13 15 34 9 19 17 31 3 29 1 42 11 21 23 26 44 48 36 40 28 38 
5 7 74 66 70 64 62 72 60 58 56 68 54 52 50 47 13 15 34 9 17 31 20 26 44 3 29 1 42 11 21 23 48 36 28 40 38 
5 7 74 66 70 64 62 72 60 58 56 68 54 52 46 51 13 15 34 9 19 17 31 3 29 1 42 11 21 23 26 44 48 36 40 28 38 
5 7 74 66 70 64 62 72 60 58 56 68 54 52 50 46 14 29 15 34 9 19 17 31 3 1 42 11 21 23 26 44 48 36 40 28 38 
5 7 74 66 70 64 62 72 60 58 56 68 54 52 50 47 14 29 15 34 9 17 31 20 26 44 3 1 42 11 21 23 48 36 28 40 38 
5 7 74 66 70 64 62 72 60 58 56 68 54 52 46 51 14 29 15 34 9 19 17 31 3 1 42 11 21 23 26 44 48 36 40 28 38 
5 7 68 74 66 70 64 62 72 60 58 56 55 52 50 46 13 15 34 9 19 17 31 3 29 1 42 11 21 23 26 44 48 36 40 28 38 
5 7 68 74 66 70 64 62 72 60 58 56 52 50 55 47 13 15 34 9 17 31 20 26 44 3 29 1 42 11 21 23 48 36 28 40 38 
5 7 68 74 66 70 64 62 72 60 58 56 55 52 46 51 13 15 34 9 19 17 31 3 29 1 42 11 21 23 26 44 48 36 40 28 38 
5 7 68 74 66 70 64 62 72 60 58 56 55 52 50 46 14 29 15 34 9 19 17 31 3 1 42 11 21 23 26 44 48 36 40 28 38 
5 7 68 74 66 70 64 62 72 60 58 56 52 50 55 47 14 29 15 34 9 17 31 20 26 44 3 1 42 11 21 23 48 36 28 40 38 
5 7 68 74 66 70 64 62 72 60 58 56 55 52 46 51 14 29 15 34 9 19 17 31 3 1 42 11 21 23 26 44 48 36 40 28 38 
5 7 66 70 64 62 72 60 58 56 68 54 52 50 46 15 34 9 19 17 31 3 25 29 75 1 42 11 21 23 13 27 48 36 40 38 44 
5 7 66 70 64 62 58 56 68 54 52 50 46 72 60 16 9 19 31 17 12 3 25 29 75 1 42 21 23 13 27 34 48 36 40 38 44 
5 7 66 70 64 62 72 60 58 56 68 54 52 46 15 34 9 19 17 31 3 25 29 75 1 42 11 21 23 51 13 27 48 36 40 38 44 
5 7 66 70 64 63 72 60 58 56 68 54 52 46 15 34 9 19 17 31 3 25 29 75 1 42 11 21 23 51 13 27 48 36 40 38 44 
5 7 66 70 64 62 72 60 58 56 68 54 52 50 46 15 39 34 9 19 17 31 3 25 29 75 1 40 42 11 21 23 13 27 48 36 44 
5 7 66 64 62 72 60 58 56 68 54 52 50 46 15 71 39 34 9 19 17 31 3 25 29 75 1 40 42 11 21 23 13 27 48 36 44 
66 64 62 72 60 58 56 68 54 52 50 46 15 71 39 34 9 19 17 31 7 6 3 25 29 75 1 40 42 11 21 23 13 27 48 36 44 
5 7 66 64 62 58 56 68 54 52 50 46 72 60 16 9 19 31 17 12 3 25 29 75 1 40 42 21 23 13 27 34 48 36 71 39 44 
5 7 69 66 64 62 72 60 58 56 54 52 50 46 15 71 39 34 9 19 17 31 3 25 29 75 1 40 42 11 21 23 13 27 48 36 44 
5 7 66 70 64 62 72 60 58 56 68 54 52 46 15 39 34 9 19 17 31 3 25 29 75 1 40 42 11 21 23 51 13 27 48 36 44 
5 7 66 64 62 72 60 58 56 68 54 52 46 15 71 39 34 9 19 17 31 3 25 29 75 1 40 42 11 21 23 51 13 27 48 36 44 
5 7 66 64 63 72 60 58 56 68 54 52 46 15 71 39 34 9 19 17 31 3 25 29 75 1 40 42 11 21 23 51 13 27 48 36 44 
5 7 69 66 64 62 72 60 58 56 54 52 46 15 71 39 34 9 19 17 31 3 25 29 75 1 40 42 11 21 23 51 13 27 48 36 44 
5 7 70 64 62 58 56 68 54 52 50 46 72 60 16 66 18 9 44 12 3 25 29 75 1 42 21 23 13 27 20 31 34 48 36 40 38 
5 7 64 62 58 56 68 54 52 50 46 72 60 16 66 18 9 44 12 3 25 29 75 1 40 42 21 23 13 27 20 31 34 48 36 71 39 
5 7 66 70 64 62 72 60 58 56 68 54 52 50 46 25 29 15 34 9 19 17 31 3 75 1 42 11 21 23 14 27 48 36 40 38 44 
5 7 71 66 64 62 72 60 58 56 68 54 52 50 46 25 29 15 34 9 19 17 31 3 75 1 42 11 21 23 14 27 48 36 40 38 44 
5 7 71 66 64 62 58 56 68 54 52 50 46 72 60 16 3 25 29 34 9 19 17 31 75 1 42 11 21 23 14 27 48 36 40 38 44 
5 7 66 70 64 62 58 56 68 54 52 50 46 72 60 16 3 25 29 9 19 31 17 12 75 1 42 21 23 14 27 34 48 36 40 38 44 
5 7 71 66 64 62 58 56 68 54 52 50 46 72 60 16 3 25 29 9 19 31 17 12 75 1 42 21 23 14 27 34 48 36 40 38 44 
5 7 66 70 64 62 72 60 58 56 68 54 52 46 25 29 15 34 9 19 17 31 3 75 1 42 11 21 23 51 14 27 48 36 40 38 44 
5 7 66 64 62 72 60 58 56 68 54 52 50 46 25 29 15 71 39 34 9 19 17 31 3 75 1 40 42 11 21 23 14 27 48 36 44 
5 7 69 66 64 62 72 60 58 56 54 52 50 46 25 29 15 71 39 34 9 19 17 31 3 75 1 40 42 11 21 23 14 27 48 36 44 
5 7 69 66 64 62 72 60 58 56 54 52 50 46 15 71 39 25 29 9 19 31 3 17 12 75 1 40 42 21 23 14 27 34 48 36 44 
5 7 66 70 64 62 72 60 58 56 68 54 52 46 25 29 15 39 34 9 19 17 31 3 75 1 40 42 11 21 23 51 14 27 48 36 44 
5 7 66 64 62 72 60 58 56 68 54 52 46 25 29 15 71 39 34 9 19 17 31 3 75 1 40 42 11 21 23 51 14 27 48 36 44 
66 64 62 72 60 58 56 68 54 52 46 3 25 29 15 71 39 34 9 19 17 31 7 6 75 1 40 42 11 21 23 51 14 27 48 36 44 
66 64 62 72 60 58 56 52 46 19 17 31 25 29 15 71 39 34 9 68 54 8 3 5 75 1 40 42 11 21 23 51 14 27 48 36 44 
5 7 66 64 62 72 60 58 56 68 54 52 46 25 29 15 71 39 34 10 3 19 17 31 75 1 40 42 11 21 23 51 14 27 48 36 44 
5 7 66 64 62 58 56 68 54 52 46 72 60 16 3 25 29 34 9 19 17 31 75 1 40 42 11 21 23 51 14 27 48 36 71 39 44 
5 7 66 64 62 58 56 68 54 52 46 72 60 16 3 25 29 9 19 31 17 12 75 1 40 42 21 23 51 14 27 34 48 36 71 39 44 
5 7 69 66 64 62 72 60 58 56 54 52 46 25 29 15 71 39 34 9 19 17 31 3 75 1 40 42 11 21 23 51 14 27 48 36 44 
5 7 71 64 62 58 56 68 54 52 50 46 66 18 72 60 16 3 25 29 34 9 44 75 1 42 11 21 23 14 27 20 31 48 36 40 38 
5 7 70 64 62 58 56 68 54 52 50 46 66 18 72 60 16 3 25 29 9 44 12 75 1 42 21 23 14 27 20 31 34 48 36 40 38 
5 7 71 64 62 58 56 68 54 52 50 46 66 18 72 60 16 3 25 29 9 44 12 75 1 42 21 23 14 27 20 31 34 48 36 40 38 
5 7 64 62 58 56 68 54 52 46 66 18 72 60 16 3 25 29 34 9 44 75 1 40 42 11 21 23 51 14 27 20 31 48 36 71 39 
5 7 68 66 70 64 62 72 60 58 56 55 52 50 46 15 34 9 19 17 31 3 25 29 75 1 42 11 21 23 13 27 48 36 40 38 44 
5 7 68 66 70 64 62 72 60 58 56 55 52 50 46 15 9 19 31 17 12 3 25 29 75 1 42 21 23 13 27 34 48 36 40 38 44 
5 7 68 66 70 64 62 72 60 58 55 57 52 50 46 15 9 19 31 17 12 3 25 29 75 1 42 21 23 13 27 34 48 36 40 38 44 
5 7 68 66 70 64 62 58 56 55 52 50 46 72 60 16 9 19 31 17 12 3 25 29 75 1 42 21 23 13 27 34 48 36 40 38 44 
5 7 68 66 70 64 62 72 60 58 56 52 50 55 47 15 34 9 17 31 20 44 3 25 29 75 1 42 11 21 23 13 27 48 36 40 38 
5 7 68 66 70 64 62 72 60 58 56 55 52 46 15 34 9 19 17 31 3 25 29 75 1 42 11 21 23 51 13 27 48 36 40 38 44 
5 7 68 66 70 64 62 72 60 58 56 55 52 46 15 9 19 31 17 12 3 25 29 75 1 42 21 23 51 13 27 34 48 36 40 38 44 
5 7 68 66 70 64 72 60 58 56 63 55 52 46 15 34 9 19 17 31 3 25 29 75 1 42 11 21 23 51 13 27 48 36 40 38 44 
5 7 68 66 70 64 62 58 56 55 52 46 72 60 16 9 19 31 17 12 3 25 29 75 1 42 21 23 51 13 27 34 48 36 40 38 44 
5 7 68 66 70 64 62 72 60 58 56 52 55 47 15 34 9 17 31 20 44 3 25 29 75 1 42 11 21 23 51 13 27 48 36 40 38 
5 7 68 66 70 64 62 72 60 58 56 55 52 50 46 15 39 34 9 19 17 31 3 25 29 75 1 40 42 11 21 23 13 27 48 36 44 
5 7 68 66 64 62 72 60 58 56 55 52 50 46 15 71 39 34 9 19 17 31 3 25 29 75 1 40 42 11 21 23 13 27 48 36 44 
5 7 68 66 70 64 62 72 60 58 56 55 52 50 46 15 39 9 19 31 17 12 3 25 29 75 1 40 42 21 23 13 27 34 48 36 44 
5 7 68 66 64 62 58 56 55 52 50 46 72 60 16 9 19 31 17 12 3 25 29 75 1 40 42 21 23 13 27 34 48 36 71 39 44 
5 7 69 66 64 62 72 60 58 56 55 52 50 46 15 71 39 34 9 19 17 31 3 25 29 75 1 40 42 11 21 23 13 27 48 36 44 
5 7 68 66 70 64 62 72 60 58 56 55 52 46 15 39 34 9 19 17 31 3 25 29 75 1 40 42 11 21 23 51 13 27 48 36 44 
5 7 68 66 64 62 72 60 58 56 55 52 46 15 71 39 34 9 19 17 31 3 25 29 75 1 40 42 11 21 23 51 13 27 48 36 44 
5 7 69 66 64 62 72 60 58 56 55 52 46 15 71 39 34 9 19 17 31 3 25 29 75 1 40 42 11 21 23 51 13 27 48 36 44 
5 7 68 70 64 62 58 56 55 52 50 46 72 60 16 66 18 9 44 12 3 25 29 75 1 42 21 23 13 27 20 31 34 48 36 40 38 
5 7 68 70 64 62 58 56 55 52 46 72 60 16 66 18 9 44 12 3 25 29 75 1 42 21 23 51 13 27 20 31 34 48 36 40 38 
5 7 68 66 70 64 62 72 60 58 56 55 52 50 46 25 29 15 34 9 19 17 31 3 75 1 42 11 21 23 14 27 48 36 40 38 44 
5 7 71 68 66 64 62 72 60 58 56 55 52 50 46 25 29 15 34 9 19 17 31 3 75 1 42 11 21 23 14 27 48 36 40 38 44 
5 7 71 68 66 64 62 72 60 58 56 55 52 50 46 25 29 15 34 10 3 19 17 31 75 1 42 11 21 23 14 27 48 36 40 38 44 
5 7 68 66 70 64 62 72 60 58 56 55 52 50 46 15 25 29 10 3 19 31 17 12 75 1 42 21 23 14 27 34 48 36 40 38 44 
5 7 71 68 66 64 62 72 60 58 56 55 52 50 46 15 25 29 10 3 19 31 17 12 75 1 42 21 23 14 27 34 48 36 40 38 44 
5 7 68 66 70 64 62 58 56 55 52 50 46 72 60 16 3 25 29 9 19 31 17 12 75 1 42 21 23 14 27 34 48 36 40 38 44 
5 7 71 68 66 64 62 58 56 55 52 50 46 72 60 16 3 25 29 9 19 31 17 12 75 1 42 21 23 14 27 34 48 36 40 38 44 
5 7 71 69 66 64 62 72 60 58 56 55 52 50 46 15 25 29 9 19 31 3 17 12 75 1 42 21 23 14 27 34 48 36 40 38 44 
5 7 68 66 70 64 62 72 60 58 56 52 50 55 47 25 29 15 34 9 17 31 20 44 3 75 1 42 11 21 23 14 27 48 36 40 38 
5 7 71 68 66 64 62 72 60 58 56 52 50 55 47 25 29 15 34 9 17 31 20 44 3 75 1 42 11 21 23 14 27 48 36 40 38 
5 7 71 68 66 64 62 58 56 52 50 55 47 72 60 16 3 25 29 34 9 17 31 20 44 75 1 42 11 21 23 14 27 48 36 40 38 
5 7 68 66 70 64 62 72 60 58 56 55 52 46 25 29 15 34 9 19 17 31 3 75 1 42 11 21 23 51 14 27 48 36 40 38 44 
71 66 64 62 72 60 58 56 55 52 46 19 17 31 25 29 15 34 9 68 8 3 5 75 1 38 40 42 11 21 23 51 14 27 48 36 44 
5 7 71 68 66 64 62 72 60 58 56 55 52 46 25 29 15 34 10 3 19 17 31 75 1 42 11 21 23 51 14 27 48 36 40 38 44 
5 7 68 66 70 64 62 58 56 55 52 46 72 60 16 3 25 29 9 19 31 17 12 75 1 42 21 23 51 14 27 34 48 36 40 38 44 
5 7 68 66 70 64 62 72 60 58 56 52 55 47 25 29 15 34 9 17 31 20 44 3 75 1 42 11 21 23 51 14 27 48 36 40 38 
5 7 68 66 70 64 62 72 60 58 56 55 52 50 46 25 29 15 39 34 9 19 17 31 3 75 1 40 42 11 21 23 14 27 48 36 44 
5 7 68 66 64 62 72 60 58 56 55 52 50 46 25 29 15 71 39 34 9 19 17 31 3 75 1 40 42 11 21 23 14 27 48 36 44 
5 7 68 66 70 64 62 72 60 58 56 55 52 50 46 15 39 25 29 10 3 19 31 17 12 75 1 40 42 21 23 14 27 34 48 36 44 
5 7 69 66 64 62 72 60 58 56 55 52 50 46 25 29 15 71 39 34 9 19 17 31 3 75 1 40 42 11 21 23 14 27 48 36 44 
69 66 70 64 62 72 60 58 56 55 52 50 46 3 25 29 15 39 34 9 19 17 31 7 6 75 1 40 42 11 21 23 14 27 48 36 44 
5 7 69 66 64 62 72 60 58 56 55 52 50 46 15 71 39 25 29 9 19 31 3 17 12 75 1 40 42 21 23 14 27 34 48 36 44 
5 7 68 66 70 64 62 72 60 58 56 55 52 46 25 29 15 39 34 9 19 17 31 3 75 1 40 42 11 21 23 51 14 27 48 36 44 
5 7 68 66 64 62 72 60 58 56 55 52 46 25 29 15 71 39 34 9 19 17 31 3 75 1 40 42 11 21 23 51 14 27 48 36 44 
5 7 68 66 64 62 58 56 55 52 46 72 60 16 3 25 29 9 19 31 17 12 75 1 40 42 21 23 51 14 27 34 48 36 71 39 44 
5 7 69 66 64 62 72 60 58 56 55 52 46 25 29 15 71 39 34 9 19 17 31 3 75 1 40 42 11 21 23 51 14 27 48 36 44 
5 7 69 66 64 62 72 60 58 56 55 52 46 15 71 39 25 29 9 19 31 3 17 12 75 1 40 42 21 23 51 14 27 34 48 36 44 
5 7 68 70 64 62 58 56 55 52 50 46 66 18 72 60 16 3 25 29 9 44 12 75 1 42 21 23 14 27 20 31 34 48 36 40 38 
5 7 66 70 64 62 72 60 58 56 68 54 52 50 46 13 15 34 9 19 17 31 3 25 29 75 1 42 11 21 23 44 48 36 40 28 38 
5 7 66 70 64 62 72 60 58 56 68 54 52 50 46 15 13 9 19 31 17 12 3 25 29 75 1 42 21 23 44 34 48 36 40 28 38 
5 7 66 70 64 62 72 60 58 68 54 57 52 50 46 15 13 9 19 31 17 12 3 25 29 75 1 42 21 23 44 34 48 36 40 28 38 
5 7 66 70 64 62 58 56 68 54 52 50 46 72 60 16 13 9 19 31 17 12 3 25 29 75 1 42 21 23 44 34 48 36 40 28 38 
5 7 66 70 64 62 72 60 58 56 68 54 52 46 51 13 15 34 9 19 17 31 3 25 29 75 1 42 11 21 23 44 48 36 40 28 38 
5 7 66 70 64 63 72 60 58 56 68 54 52 46 51 13 15 34 9 19 17 31 3 25 29 75 1 42 11 21 23 44 48 36 40 28 38 
5 7 66 64 62 72 60 58 56 68 54 52 50 46 13 15 71 39 34 9 19 17 31 3 25 29 75 1 42 11 21 23 40 28 44 48 36 
66 64 62 72 60 58 56 68 54 52 50 46 13 15 71 39 34 9 19 17 31 7 6 3 25 29 75 1 42 11 21 23 40 28 44 48 36 
5 7 66 64 62 72 60 58 56 68 54 52 46 51 13 15 71 39 34 9 19 17 31 3 25 29 75 1 42 11 21 23 40 28 44 48 36 
5 7 70 64 62 58 56 68 54 52 50 46 72 60 16 66 18 13 9 44 12 3 25 29 75 1 42 21 23 20 31 34 48 36 28 40 38 
5 7 66 70 64 62 72 60 58 56 68 54 52 50 46 14 25 29 15 34 9 19 17 31 3 75 1 42 11 21 23 44 48 36 40 28 38 
5 7 71 66 64 62 72 60 58 56 68 54 52 50 46 14 25 29 15 34 9 19 17 31 3 75 1 42 11 21 23 44 48 36 40 28 38 
71 66 64 62 72 60 58 56 68 54 52 50 46 14 3 25 29 15 34 9 19 17 31 7 6 75 1 42 11 21 23 44 48 36 40 28 38 
5 7 71 66 64 62 72 60 58 56 68 54 52 50 46 14 25 29 15 34 10 3 19 17 31 75 1 42 11 21 23 44 48 36 40 28 38 
5 7 66 70 64 62 58 56 68 54 52 50 46 72 60 16 14 3 25 29 34 9 19 17 31 75 1 42 11 21 23 44 48 36 40 28 38 
5 7 66 70 64 62 58 56 68 54 52 50 46 72 60 16 14 3 25 29 9 19 31 17 12 75 1 42 21 23 44 34 48 36 40 28 38 
5 7 66 70 64 62 72 60 58 56 68 54 52 46 51 14 25 29 15 34 9 19 17 31 3 75 1 42 11 21 23 44 48 36 40 28 38 
71 66 64 62 72 60 58 56 52 46 19 17 31 51 14 25 29 15 34 9 68 54 8 3 5 75 1 42 11 21 23 38 40 28 44 48 36 
5 7 66 70 64 62 58 56 68 54 52 46 72 60 16 51 14 3 25 29 34 9 19 17 31 75 1 42 11 21 23 44 48 36 40 28 38 
5 7 66 70 64 62 58 56 68 54 52 46 72 60 16 51 14 3 25 29 9 19 31 17 12 75 1 42 21 23 44 34 48 36 40 28 38 
5 7 66 64 62 72 60 58 56 68 54 52 46 51 14 25 29 15 71 39 34 9 19 17 31 3 75 1 42 11 21 23 40 28 44 48 36 
5 7 70 64 62 58 56 68 54 52 50 46 66 18 72 60 16 14 3 25 29 34 9 44 75 1 42 11 21 23 20 31 48 36 28 40 38 
5 7 70 64 62 58 56 68 54 52 50 46 66 18 72 60 16 14 3 25 29 9 44 12 75 1 42 21 23 20 31 34 48 36 28 40 38 
5 7 70 64 62 58 56 68 54 52 46 66 18 72 60 16 51 14 3 25 29 34 9 44 75 1 42 11 21 23 20 31 48 36 28 40 38 
5 7 68 66 70 64 62 72 60 58 56 55 52 50 46 13 15 34 9 19 17 31 3 25 29 75 1 42 11 21 23 44 48 36 40 28 38 
5 7 68 66 70 64 62 72 60 58 56 55 52 50 46 15 13 9 19 31 17 12 3 25 29 75 1 42 21 23 44 34 48 36 40 28 38 
5 7 68 66 70 64 62 58 56 55 52 50 46 72 60 16 13 9 19 31 17 12 3 25 29 75 1 42 21 23 44 34 48 36 40 28 38 
5 7 68 66 70 64 62 72 60 58 56 52 50 55 47 13 15 34 9 17 31 20 44 3 25 29 75 1 42 11 21 23 48 36 28 40 38 
5 7 68 66 70 64 62 72 60 58 56 52 50 55 47 15 13 9 31 20 44 17 12 3 25 29 75 1 42 21 23 34 48 36 28 40 38 
5 7 68 66 70 64 62 72 60 58 56 55 52 46 51 13 15 34 9 19 17 31 3 25 29 75 1 42 11 21 23 44 48 36 40 28 38 
5 7 68 66 70 64 62 72 60 58 56 55 52 46 15 51 13 9 19 31 17 12 3 25 29 75 1 42 21 23 44 34 48 36 40 28 38 
5 7 68 66 70 64 72 60 58 56 63 55 52 46 51 13 15 34 9 19 17 31 3 25 29 75 1 42 11 21 23 44 48 36 40 28 38 
5 7 68 66 70 64 62 58 56 55 52 46 72 60 16 51 13 9 19 31 17 12 3 25 29 75 1 42 21 23 44 34 48 36 40 28 38 
5 7 68 66 70 64 62 72 60 58 56 52 55 47 51 13 15 34 9 17 31 20 44 3 25 29 75 1 42 11 21 23 48 36 28 40 38 
5 7 68 66 70 64 62 72 60 58 56 55 52 50 46 14 25 29 15 34 9 19 17 31 3 75 1 42 11 21 23 44 48 36 40 28 38 
5 7 71 68 66 64 62 72 60 58 56 55 52 50 46 14 25 29 15 34 10 3 19 17 31 75 1 42 11 21 23 44 48 36 40 28 38 
5 7 68 66 70 64 62 72 60 58 56 55 52 50 46 15 14 25 29 10 3 19 31 17 12 75 1 42 21 23 44 34 48 36 40 28 38 
5 7 68 66 70 64 62 58 56 55 52 50 46 72 60 16 14 3 25 29 9 19 31 17 12 75 1 42 21 23 44 34 48 36 40 28 38 
5 7 68 66 70 64 62 72 60 58 56 52 50 55 47 14 25 29 15 34 9 17 31 20 44 3 75 1 42 11 21 23 48 36 28 40 38 
5 7 68 66 70 64 62 72 60 58 56 55 52 46 51 14 25 29 15 34 9 19 17 31 3 75 1 42 11 21 23 44 48 36 40 28 38 
5 7 68 66 70 64 62 58 56 55 52 46 72 60 16 51 14 3 25 29 9 19 31 17 12 75 1 42 21 23 44 34 48 36 40 28 38 
5 7 68 66 70 64 62 72 60 58 56 52 55 47 51 14 25 29 15 34 9 17 31 20 44 3 75 1 42 11 21 23 48 36 28 40 38 
5 7 66 70 64 62 72 60 58 56 68 54 52 50 46 15 34 9 19 17 31 3 29 75 1 42 11 21 23 13 27 48 36 40 38 26 44 
5 7 69 66 64 62 72 60 58 56 54 52 50 46 15 71 39 34 9 19 17 31 3 29 75 1 40 42 11 21 23 13 27 48 36 26 44 
5 7 66 64 62 72 60 58 56 68 54 52 46 15 71 39 34 9 19 17 31 3 29 75 1 40 42 11 21 23 51 13 27 48 36 26 44 
5 7 66 70 64 62 72 60 58 56 68 54 52 50 46 29 15 34 9 19 17 31 3 75 1 42 11 21 23 14 27 48 36 40 38 26 44 
5 7 69 66 64 62 72 60 58 56 54 52 50 46 29 15 71 39 34 9 19 17 31 3 75 1 40 42 11 21 23 14 27 48 36 26 44 
5 7 66 64 62 72 60 58 56 68 54 52 46 29 15 71 39 34 9 19 17 31 3 75 1 40 42 11 21 23 51 14 27 48 36 26 44 
5 7 68 66 70 64 62 72 60 58 56 55 52 50 46 15 34 9 19 17 31 3 29 75 1 42 11 21 23 13 27 48 36 40 38 26 44 
5 7 68 66 70 64 62 72 60 58 56 52 50 55 47 15 34 9 17 31 20 26 44 3 29 75 1 42 11 21 23 13 27 48 36 40 38 
5 7 68 66 70 64 62 72 60 58 56 55 52 46 15 34 9 19 17 31 3 29 75 1 42 11 21 23 51 13 27 48 36 40 38 26 44 
5 7 68 66 70 64 62 72 60 58 56 55 52 50 46 15 39 34 9 19 17 31 3 29 75 1 40 42 11 21 23 13 27 48 36 26 44 
5 7 69 66 64 62 72 60 58 56 55 52 50 46 15 71 39 34 9 19 17 31 3 29 75 1 40 42 11 21 23 13 27 48 36 26 44 
5 7 68 66 70 64 62 72 60 58 56 55 52 50 46 29 15 34 9 19 17 31 3 75 1 42 11 21 23 14 27 48 36 40 38 26 44 
5 7 68 66 70 64 62 72 60 58 56 55 52 46 29 15 34 9 19 17 31 3 75 1 42 11 21 23 51 14 27 48 36 40 38 26 44 
5 7 66 70 64 62 72 60 58 56 68 54 52 50 46 14 29 15 34 9 19 17 31 3 75 1 42 11 21 23 26 44 48 36 40 28 38 
5 7 66 70 64 62 72 60 58 56 68 54 52 46 51 14 29 15 34 9 19 17 31 3 75 1 42 11 21 23 26 44 48 36 40 28 38 
5 7 68 66 70 64 62 72 60 58 56 55 52 50 46 13 15 34 9 19 17 31 3 29 75 1 42 11 21 23 26 44 48 36 40 28 38 
5 7 68 66 70 64 62 72 60 58 56 55 52 46 51 13 15 34 9 19 17 31 3 29 75 1 42 11 21 23 26 44 48 36 40 28 38 
5 7 74 66 70 64 62 72 60 58 56 68 54 52 50 46 15 34 9 19 17 31 3 25 29 1 42 11 21 23 13 27 48 36 40 38 45 
5 7 69 74 66 70 64 62 72 60 58 56 54 52 50 46 15 34 9 19 17 31 3 25 29 1 42 11 21 23 13 27 48 36 40 38 45 
5 7 74 66 70 64 62 72 60 58 56 68 54 52 50 47 15 34 9 17 31 20 3 25 29 1 42 11 21 23 13 27 48 36 40 38 45 
5 7 74 66 70 64 62 72 60 58 56 68 54 52 46 15 34 9 19 17 31 3 25 29 1 42 11 21 23 51 13 27 48 36 40 38 45 
5 7 69 74 66 70 64 62 72 60 58 56 54 52 46 15 34 9 19 17 31 3 25 29 1 42 11 21 23 51 13 27 48 36 40 38 45 
5 7 74 66 70 64 62 72 60 58 56 68 54 52 47 15 34 9 17 31 20 3 25 29 1 42 11 21 23 51 13 27 48 36 40 38 45 
5 7 74 66 64 62 72 60 58 56 68 54 52 50 46 15 71 39 34 9 19 17 31 3 25 29 1 40 42 11 21 23 13 27 48 36 45 
5 7 74 66 64 62 72 60 58 56 68 54 52 50 46 15 71 39 9 19 31 17 12 3 25 29 1 40 42 21 23 13 27 34 48 36 45 
5 7 69 74 66 64 62 72 60 58 56 54 52 50 46 15 71 39 34 9 19 17 31 3 25 29 1 40 42 11 21 23 13 27 48 36 45 
5 7 74 66 64 62 72 60 58 56 68 54 52 46 15 71 39 34 9 19 17 31 3 25 29 1 40 42 11 21 23 51 13 27 48 36 45 
5 7 74 66 64 62 72 60 58 56 68 54 52 46 15 71 39 9 19 31 17 12 3 25 29 1 40 42 21 23 51 13 27 34 48 36 45 
5 7 74 66 64 63 72 60 58 56 68 54 52 46 15 71 39 34 9 19 17 31 3 25 29 1 40 42 11 21 23 51 13 27 48 36 45 
5 7 69 74 66 64 62 72 60 58 56 54 52 46 15 71 39 34 9 19 17 31 3 25 29 1 40 42 11 21 23 51 13 27 48 36 45 
5 7 74 66 70 64 62 72 60 58 56 68 54 52 50 46 25 29 15 34 9 19 17 31 3 1 42 11 21 23 14 27 48 36 40 38 45 
5 7 69 74 66 70 64 62 72 60 58 56 54 52 50 46 25 29 15 34 9 19 17 31 3 1 42 11 21 23 14 27 48 36 40 38 45 
5 7 74 66 70 64 62 72 60 58 56 68 54 52 50 47 25 29 15 34 9 17 31 20 3 1 42 11 21 23 14 27 48 36 40 38 45 
5 7 74 66 70 64 62 72 60 58 56 68 54 52 46 25 29 15 34 9 19 17 31 3 1 42 11 21 23 51 14 27 48 36 40 38 45 
5 7 69 74 66 70 64 62 72 60 58 56 54 52 46 25 29 15 34 9 19 17 31 3 1 42 11 21 23 51 14 27 48 36 40 38 45 
5 7 74 66 64 62 72 60 58 56 68 54 52 50 46 25 29 15 71 39 34 9 19 17 31 3 1 40 42 11 21 23 14 27 48 36 45 
5 7 74 66 64 62 72 60 58 56 68 54 52 50 46 15 71 39 25 29 9 19 31 3 17 12 1 40 42 21 23 14 27 34 48 36 45 
5 7 74 66 64 62 72 60 58 56 68 54 52 50 46 15 71 39 25 29 10 3 19 31 17 12 1 40 42 21 23 14 27 34 48 36 45 
5 7 74 66 64 62 72 60 58 56 68 54 52 46 25 29 15 71 39 34 9 19 17 31 3 1 40 42 11 21 23 51 14 27 48 36 45 
5 7 68 74 66 70 64 62 72 60 58 56 55 52 50 46 15 34 9 19 17 31 3 25 29 1 42 11 21 23 13 27 48 36 40 38 45 
5 7 69 74 66 70 64 62 72 60 58 56 55 52 50 46 15 34 9 19 17 31 3 25 29 1 42 11 21 23 13 27 48 36 40 38 45 
5 7 68 74 66 70 64 62 72 60 58 56 52 50 55 47 15 34 9 17 31 20 3 25 29 1 42 11 21 23 13 27 48 36 40 38 45 
5 7 69 74 66 70 64 62 72 60 58 56 52 50 55 47 15 34 9 17 31 20 3 25 29 1 42 11 21 23 13 27 48 36 40 38 45 
5 7 68 74 66 70 64 62 72 60 58 56 55 52 46 15 34 9 19 17 31 3 25 29 1 42 11 21 23 51 13 27 48 36 40 38 45 
5 7 69 74 66 70 64 62 72 60 58 56 55 52 46 15 34 9 19 17 31 3 25 29 1 42 11 21 23 51 13 27 48 36 40 38 45 
5 7 68 74 66 70 64 62 72 60 58 56 52 55 47 15 34 9 17 31 20 3 25 29 1 42 11 21 23 51 13 27 48 36 40 38 45 
5 7 69 74 66 70 64 62 72 60 58 56 52 55 47 15 34 9 17 31 20 3 25 29 1 42 11 21 23 51 13 27 48 36 40 38 45 
5 7 68 74 66 64 62 72 60 58 56 55 52 50 46 15 71 39 34 9 19 17 31 3 25 29 1 40 42 11 21 23 13 27 48 36 45 
5 7 68 74 66 64 62 72 60 58 56 55 52 50 46 15 71 39 9 19 31 17 12 3 25 29 1 40 42 21 23 13 27 34 48 36 45 
5 7 69 74 66 64 62 72 60 58 56 55 52 50 46 15 71 39 34 9 19 17 31 3 25 29 1 40 42 11 21 23 13 27 48 36 45 
5 7 69 74 66 64 62 72 60 58 56 55 52 50 46 15 71 39 9 19 31 17 12 3 25 29 1 40 42 21 23 13 27 34 48 36 45 
5 7 69 74 66 70 64 62 72 60 58 56 52 50 55 47 15 39 34 9 17 31 20 3 25 29 1 40 42 11 21 23 13 27 48 36 45 
5 7 68 74 66 64 62 72 60 58 56 55 52 46 15 71 39 34 9 19 17 31 3 25 29 1 40 42 11 21 23 51 13 27 48 36 45 
5 7 68 74 66 64 62 72 60 58 56 55 52 46 15 71 39 9 19 31 17 12 3 25 29 1 40 42 21 23 51 13 27 34 48 36 45 
5 7 69 74 66 64 62 72 60 58 56 55 52 46 15 71 39 34 9 19 17 31 3 25 29 1 40 42 11 21 23 51 13 27 48 36 45 
5 7 69 74 66 64 62 72 60 58 56 55 52 46 15 71 39 9 19 31 17 12 3 25 29 1 40 42 21 23 51 13 27 34 48 36 45 
5 7 68 74 66 70 64 62 72 60 58 56 55 52 50 46 25 29 15 34 9 19 17 31 3 1 42 11 21 23 14 27 48 36 40 38 45 
5 7 69 74 66 70 64 62 72 60 58 56 55 52 50 46 25 29 15 34 9 19 17 31 3 1 42 11 21 23 14 27 48 36 40 38 45 
5 7 68 74 66 70 64 62 72 60 58 56 52 50 55 47 25 29 15 34 9 17 31 20 3 1 42 11 21 23 14 27 48 36 40 38 45 
5 7 69 74 66 70 64 62 72 60 58 56 52 50 55 47 25 29 15 34 9 17 31 20 3 1 42 11 21 23 14 27 48 36 40 38 45 
5 7 68 74 66 70 64 62 72 60 58 56 55 52 46 25 29 15 34 9 19 17 31 3 1 42 11 21 23 51 14 27 48 36 40 38 45 
5 7 69 74 66 70 64 62 72 60 58 56 55 52 46 25 29 15 34 9 19 17 31 3 1 42 11 21 23 51 14 27 48 36 40 38 45 
5 7 69 74 66 70 64 62 58 56 55 52 46 72 60 16 3 25 29 9 19 31 17 12 1 42 21 23 51 14 27 34 48 36 40 38 45 
5 7 68 74 66 64 62 72 60 58 56 55 52 50 46 25 29 15 71 39 34 9 19 17 31 3 1 40 42 11 21 23 14 27 48 36 45 
5 7 68 74 66 64 62 72 60 58 56 55 52 50 46 15 71 39 25 29 9 19 31 3 17 12 1 40 42 21 23 14 27 34 48 36 45 
5 7 68 74 66 64 62 58 56 55 52 50 46 72 60 16 3 25 29 9 19 31 17 12 1 40 42 21 23 14 27 34 48 36 71 39 45 
5 7 69 74 66 64 62 72 60 58 56 55 52 50 46 25 29 15 71 39 34 9 19 17 31 3 1 40 42 11 21 23 14 27 48 36 45 
5 7 69 74 66 64 62 72 60 58 56 55 52 50 46 15 71 39 25 29 9 19 31 3 17 12 1 40 42 21 23 14 27 34 48 36 45 
5 7 69 74 66 64 62 58 56 55 52 50 46 72 60 16 3 25 29 34 9 19 17 31 1 40 42 11 21 23 14 27 48 36 71 39 45 
5 7 69 74 66 70 64 62 72 60 58 56 52 50 55 47 25 29 15 39 34 9 17 31 20 3 1 40 42 11 21 23 14 27 48 36 45 
5 7 68 74 66 64 62 72 60 58 56 55 52 46 25 29 15 71 39 34 9 19 17 31 3 1 40 42 11 21 23 51 14 27 48 36 45 
5 7 69 74 66 64 62 72 60 58 56 55 52 46 25 29 15 71 39 34 9 19 17 31 3 1 40 42 11 21 23 51 14 27 48 36 45 
5 7 74 66 70 64 62 72 60 58 56 68 54 52 50 46 13 15 34 9 19 17 31 3 25 29 1 42 11 21 23 48 36 40 28 38 45 
5 7 69 74 66 70 64 62 72 60 58 56 54 52 50 46 13 15 34 9 19 17 31 3 25 29 1 42 11 21 23 48 36 40 28 38 45 
5 7 74 66 70 64 62 72 60 58 56 68 54 52 46 51 13 15 34 9 19 17 31 3 25 29 1 42 11 21 23 48 36 40 28 38 45 
5 7 74 66 70 64 63 72 60 58 56 68 54 52 46 51 13 15 34 9 19 17 31 3 25 29 1 42 11 21 23 48 36 40 28 38 45 
5 7 69 74 66 70 64 62 72 60 58 56 54 52 46 51 13 15 34 9 19 17 31 3 25 29 1 42 11 21 23 48 36 40 28 38 45 
5 7 69 74 66 70 64 63 72 60 58 56 54 52 46 51 13 15 34 9 19 17 31 3 25 29 1 42 11 21 23 48 36 40 28 38 45 
5 7 74 66 70 64 62 72 60 58 56 68 54 52 50 46 14 25 29 15 34 9 19 17 31 3 1 42 11 21 23 48 36 40 28 38 45 
5 7 69 74 66 70 64 62 72 60 58 56 54 52 50 46 14 25 29 15 34 9 19 17 31 3 1 42 11 21 23 48 36 40 28 38 45 
5 7 74 66 70 64 62 72 60 58 56 68 54 52 46 51 14 25 29 15 34 9 19 17 31 3 1 42 11 21 23 48 36 40 28 38 45 
5 7 69 74 66 70 64 62 72 60 58 56 54 52 46 51 14 25 29 15 34 9 19 17 31 3 1 42 11 21 23 48 36 40 28 38 45 
5 7 68 74 66 70 64 62 72 60 58 56 55 52 50 46 13 15 34 9 19 17 31 3 25 29 1 42 11 21 23 48 36 40 28 38 45 
5 7 69 74 66 70 64 62 72 60 58 56 55 52 50 46 13 15 34 9 19 17 31 3 25 29 1 42 11 21 23 48 36 40 28 38 45 
5 7 68 74 66 70 64 62 72 60 58 56 55 52 46 51 13 15 34 9 19 17 31 3 25 29 1 42 11 21 23 48 36 40 28 38 45 
5 7 68 74 66 70 64 72 60 58 56 63 55 52 46 51 13 15 34 9 19 17 31 3 25 29 1 42 11 21 23 48 36 40 28 38 45 
5 7 69 74 66 70 64 62 72 60 58 56 55 52 46 51 13 15 34 9 19 17 31 3 25 29 1 42 11 21 23 48 36 40 28 38 45 
5 7 68 74 66 70 64 62 72 60 58 56 55 52 50 46 14 25 29 15 34 9 19 17 31 3 1 42 11 21 23 48 36 40 28 38 45 
5 7 69 74 66 70 64 62 72 60 58 56 55 52 50 46 14 25 29 15 34 9 19 17 31 3 1 42 11 21 23 48 36 40 28 38 45 
5 7 68 74 66 70 64 62 72 60 58 56 55 52 46 51 14 25 29 15 34 9 19 17 31 3 1 42 11 21 23 48 36 40 28 38 45 
5 7 68 74 66 70 64 62 58 56 55 52 46 72 60 16 51 14 3 25 29 9 19 31 17 12 1 42 21 23 34 48 36 40 28 38 45 
5 7 69 74 66 70 64 62 72 60 58 56 55 52 46 51 14 25 29 15 34 9 19 17 31 3 1 42 11 21 23 48 36 40 28 38 45 
5 7 69 74 66 70 64 62 72 60 58 56 54 52 50 46 15 34 9 19 17 31 26 3 29 1 42 11 21 23 13 27 48 36 40 38 45 
5 7 74 66 70 64 62 72 60 58 56 68 54 52 50 47 15 34 9 17 26 31 20 3 29 1 42 11 21 23 13 27 48 36 40 38 45 
5 7 74 66 64 62 72 60 58 56 68 54 52 50 46 15 71 39 34 9 19 17 31 26 3 29 1 40 42 11 21 23 13 27 48 36 45 
5 7 69 74 66 70 64 62 72 60 58 56 54 52 50 46 29 15 34 9 19 17 31 26 3 1 42 11 21 23 14 27 48 36 40 38 45 
5 7 74 66 70 64 62 72 60 58 56 68 54 52 50 47 29 15 34 9 17 26 31 20 3 1 42 11 21 23 14 27 48 36 40 38 45 
5 7 74 66 64 62 72 60 58 56 68 54 52 50 46 29 15 71 39 34 9 19 17 31 26 3 1 40 42 11 21 23 14 27 48 36 45 
5 7 69 74 66 70 64 62 72 60 58 56 55 52 50 46 15 34 9 19 17 31 26 3 29 1 42 11 21 23 13 27 48 36 40 38 45 
5 7 68 74 66 64 62 72 60 58 56 55 52 50 46 15 71 39 34 9 19 17 31 26 3 29 1 40 42 11 21 23 13 27 48 36 45 
5 7 69 74 66 70 64 62 72 60 58 56 55 52 50 46 29 15 34 9 19 17 31 26 3 1 42 11 21 23 14 27 48 36 40 38 45 
5 7 68 74 66 64 62 72 60 58 56 55 52 50 46 29 15 71 39 34 9 19 17 31 26 3 1 40 42 11 21 23 14 27 48 36 45 
5 7 74 66 70 64 62 72 60 58 56 68 54 52 50 46 13 15 34 9 19 17 31 26 3 29 1 42 11 21 23 48 36 40 28 38 45 
5 7 69 74 66 70 64 62 72 60 58 56 54 52 50 46 13 15 34 9 19 17 31 26 3 29 1 42 11 21 23 48 36 40 28 38 45 
5 7 74 66 70 64 62 72 60 58 56 68 54 52 50 46 14 29 15 34 9 19 17 31 26 3 1 42 11 21 23 48 36 40 28 38 45 
5 7 69 74 66 70 64 62 72 60 58 56 54 52 50 46 14 29 15 34 9 19 17 31 26 3 1 42 11 21 23 48 36 40 28 38 45 
5 7 68 74 66 70 64 62 72 60 58 56 55 52 50 46 13 15 34 9 19 17 31 26 3 29 1 42 11 21 23 48 36 40 28 38 45 
5 7 69 74 66 70 64 62 72 60 58 56 55 52 50 46 13 15 34 9 19 17 31 26 3 29 1 42 11 21 23 48 36 40 28 38 45 
5 7 68 74 66 70 64 62 72 60 58 56 55 52 50 46 14 29 15 34 9 19 17 31 26 3 1 42 11 21 23 48 36 40 28 38 45 
5 7 69 74 66 70 64 62 72 60 58 56 55 52 50 46 14 29 15 34 9 19 17 31 26 3 1 42 11 21 23 48 36 40 28 38 45 
5 7 66 70 64 62 72 60 58 56 68 54 52 50 46 15 34 9 19 17 31 3 25 29 75 1 42 11 21 23 13 27 48 36 40 38 45 
5 7 69 66 70 64 62 72 60 58 56 54 52 50 47 15 34 9 17 31 20 3 25 29 75 1 42 11 21 23 13 27 48 36 40 38 45 
5 7 66 70 64 62 72 60 58 56 68 54 52 46 15 34 9 19 17 31 3 25 29 75 1 42 11 21 23 51 13 27 48 36 40 38 45 
5 7 69 66 70 64 62 72 60 58 56 54 52 47 15 34 9 17 31 20 3 25 29 75 1 42 11 21 23 51 13 27 48 36 40 38 45 
5 7 66 70 64 62 72 60 58 56 68 54 52 50 46 15 39 34 9 19 17 31 3 25 29 75 1 40 42 11 21 23 13 27 48 36 45 
5 7 66 64 62 72 60 58 56 68 54 52 50 46 15 71 39 34 9 19 17 31 3 25 29 75 1 40 42 11 21 23 13 27 48 36 45 
5 7 69 66 64 62 72 60 58 56 54 52 50 46 15 71 39 34 9 19 17 31 3 25 29 75 1 40 42 11 21 23 13 27 48 36 45 
5 7 69 66 64 62 72 60 58 56 54 52 50 46 15 71 39 9 19 31 17 12 3 25 29 75 1 40 42 21 23 13 27 34 48 36 45 
5 7 66 64 62 72 60 58 56 68 54 52 46 15 71 39 34 9 19 17 31 3 25 29 75 1 40 42 11 21 23 51 13 27 48 36 45 
5 7 69 66 64 62 72 60 58 56 54 52 46 15 71 39 34 9 19 17 31 3 25 29 75 1 40 42 11 21 23 51 13 27 48 36 45 
5 7 66 70 64 62 72 60 58 56 68 54 52 50 46 25 29 15 34 9 19 17 31 3 75 1 42 11 21 23 14 27 48 36 40 38 45 
5 7 69 66 70 64 62 72 60 58 56 54 52 50 47 25 29 15 34 9 17 31 20 3 75 1 42 11 21 23 14 27 48 36 40 38 45 
5 7 66 70 64 62 72 60 58 56 68 54 52 46 25 29 15 34 9 19 17 31 3 75 1 42 11 21 23 51 14 27 48 36 40 38 45 
5 7 69 66 70 64 62 72 60 58 56 54 52 47 25 29 15 34 9 17 31 20 3 75 1 42 11 21 23 51 14 27 48 36 40 38 45 
5 7 66 70 64 62 72 60 58 56 68 54 52 50 46 25 29 15 39 34 9 19 17 31 3 75 1 40 42 11 21 23 14 27 48 36 45 
5 7 69 66 64 62 72 60 58 56 54 52 50 46 25 29 15 71 39 34 9 19 17 31 3 75 1 40 42 11 21 23 14 27 48 36 45 
5 7 69 66 64 62 72 60 58 56 54 52 50 46 15 71 39 25 29 9 19 31 3 17 12 75 1 40 42 21 23 14 27 34 48 36 45 
5 7 69 66 64 62 72 60 58 56 54 52 46 25 29 15 71 39 34 9 19 17 31 3 75 1 40 42 11 21 23 51 14 27 48 36 45 
5 7 68 66 70 64 62 72 60 58 56 55 52 50 46 15 34 9 19 17 31 3 25 29 75 1 42 11 21 23 13 27 48 36 40 38 45 
5 7 69 66 70 64 62 72 60 58 56 55 52 50 46 15 34 9 19 17 31 3 25 29 75 1 42 11 21 23 13 27 48 36 40 38 45 
5 7 68 66 70 64 62 72 60 58 56 55 52 46 15 34 9 19 17 31 3 25 29 75 1 42 11 21 23 51 13 27 48 36 40 38 45 
5 7 69 66 70 64 62 72 60 58 56 55 52 46 15 34 9 19 17 31 3 25 29 75 1 42 11 21 23 51 13 27 48 36 40 38 45 
5 7 68 66 64 62 72 60 58 56 55 52 50 46 15 71 39 34 9 19 17 31 3 25 29 75 1 40 42 11 21 23 13 27 48 36 45 
5 7 68 66 64 62 72 60 58 56 55 52 50 46 15 71 39 9 19 31 17 12 3 25 29 75 1 40 42 21 23 13 27 34 48 36 45 
5 7 69 66 64 62 72 60 58 56 55 52 50 46 15 71 39 34 9 19 17 31 3 25 29 75 1 40 42 11 21 23 13 27 48 36 45 
5 7 68 66 64 62 72 60 58 56 55 52 46 15 71 39 34 9 19 17 31 3 25 29 75 1 40 42 11 21 23 51 13 27 48 36 45 
5 7 68 66 70 64 62 72 60 58 56 55 52 50 46 25 29 15 34 9 19 17 31 3 75 1 42 11 21 23 14 27 48 36 40 38 45 
5 7 69 66 70 64 62 72 60 58 56 55 52 50 46 25 29 15 34 9 19 17 31 3 75 1 42 11 21 23 14 27 48 36 40 38 45 
5 7 68 66 70 64 62 72 60 58 56 55 52 46 25 29 15 34 9 19 17 31 3 75 1 42 11 21 23 51 14 27 48 36 40 38 45 
5 7 69 66 70 64 62 72 60 58 56 55 52 46 25 29 15 34 9 19 17 31 3 75 1 42 11 21 23 51 14 27 48 36 40 38 45 
5 7 68 66 64 62 72 60 58 56 55 52 50 46 25 29 15 71 39 34 9 19 17 31 3 75 1 40 42 11 21 23 14 27 48 36 45 
5 7 69 66 64 62 72 60 58 56 55 52 50 46 25 29 15 71 39 34 9 19 17 31 3 75 1 40 42 11 21 23 14 27 48 36 45 
5 7 74 66 70 64 62 72 60 58 56 68 54 52 50 46 15 11 34 9 19 22 17 31 3 25 29 1 42 23 13 27 48 36 40 38 45 
5 7 74 66 70 64 62 72 60 58 56 68 54 52 50 46 15 9 19 22 31 17 12 3 25 29 1 42 23 13 27 34 48 36 40 38 45 
5 7 74 66 70 64 62 72 60 58 56 68 54 52 46 15 9 19 22 31 17 12 3 25 29 1 42 23 51 13 27 34 48 36 40 38 45 
5 7 69 74 66 70 64 62 72 60 58 56 54 52 50 46 15 11 34 9 19 22 17 32 3 25 29 1 42 24 13 27 48 36 40 38 45 
5 7 69 74 66 70 64 62 72 60 58 56 54 52 46 15 11 34 9 19 22 17 32 3 25 29 1 42 24 51 13 27 48 36 40 38 45 
5 7 69 74 66 70 64 62 60 58 56 54 52 50 73 46 15 11 34 9 19 22 17 32 3 25 29 1 42 24 13 27 48 36 40 38 45 
5 7 74 66 70 64 62 72 60 58 56 68 54 52 50 46 15 39 11 34 9 19 22 17 31 3 25 29 1 40 42 23 13 27 48 36 45 
5 7 74 66 70 64 62 72 60 58 56 68 54 52 50 46 15 39 9 19 22 31 17 12 3 25 29 1 40 42 23 13 27 34 48 36 45 
5 7 74 66 70 64 62 72 60 58 56 68 54 52 50 46 15 39 11 34 9 19 22 17 31 3 25 29 43 1 40 24 13 27 48 36 45 
5 7 74 66 70 64 62 72 60 58 56 68 54 52 50 46 15 39 9 19 22 31 17 12 24 3 25 29 43 1 40 13 27 34 48 36 45 
5 7 74 66 70 64 62 72 60 58 56 68 54 52 50 46 25 29 15 11 34 9 19 22 17 31 3 1 42 23 14 27 48 36 40 38 45 
5 7 74 66 70 64 62 72 60 58 56 68 54 52 50 46 15 25 29 10 3 19 22 31 17 12 1 42 23 14 27 34 48 36 40 38 45 
5 7 74 66 70 64 62 72 60 58 56 68 54 52 46 25 29 15 11 34 9 19 22 17 31 3 1 42 23 51 14 27 48 36 40 38 45 
5 7 69 74 66 70 64 62 58 56 54 52 50 46 72 60 16 3 25 29 11 34 9 19 22 17 31 1 42 24 14 27 48 36 40 38 45 
5 7 74 66 70 64 62 72 60 58 56 68 54 52 50 46 25 29 15 39 11 34 9 19 22 17 31 3 40 24 14 27 48 36 1 43 45 
5 7 74 66 70 64 62 72 60 58 56 68 54 52 46 25 29 15 39 11 34 9 19 22 17 31 3 40 24 51 14 27 48 36 1 43 45 
5 7 70 64 62 58 56 68 54 52 50 46 74 66 18 22 72 60 16 3 25 29 9 12 1 42 23 14 27 20 31 34 48 36 40 38 45 
5 7 68 74 66 70 64 62 72 60 58 56 52 50 46 15 39 11 34 9 19 55 22 17 31 3 25 29 1 40 42 23 13 27 48 36 45 
5 7 68 74 66 70 64 62 72 60 58 56 52 46 25 29 15 39 11 34 9 19 55 22 17 31 3 1 40 42 23 51 14 27 48 36 45 
5 7 74 66 70 64 62 72 60 58 56 68 54 52 50 46 13 15 11 34 9 19 22 17 31 3 25 29 1 42 23 48 36 40 28 38 45 
5 7 74 66 70 64 62 72 60 58 56 68 54 52 50 46 15 13 9 19 22 31 17 12 3 25 29 1 42 23 34 48 36 40 28 38 45 
5 7 74 66 70 64 62 72 60 58 56 68 54 52 46 15 51 13 9 19 22 31 17 12 3 25 29 1 42 23 34 48 36 40 28 38 45 
5 7 74 66 70 64 62 72 60 58 56 68 54 52 50 46 13 15 11 34 9 19 22 17 31 3 25 29 1 42 24 48 36 40 28 38 45 
5 7 74 66 70 64 62 72 60 58 56 68 54 52 50 46 15 13 9 19 22 31 17 12 24 3 25 29 1 42 34 48 36 40 28 38 45 
5 7 69 74 66 70 64 62 72 60 58 56 54 52 50 46 13 15 11 34 9 19 22 17 31 3 25 29 1 42 24 48 36 40 28 38 45 
5 7 74 66 70 64 62 72 60 58 56 68 54 52 46 15 51 13 9 19 22 31 17 12 24 3 25 29 1 42 34 48 36 40 28 38 45 
5 7 69 74 66 70 64 62 72 60 58 56 54 52 46 51 13 15 11 34 9 19 22 17 31 3 25 29 1 42 24 48 36 40 28 38 45 
5 7 74 66 70 64 62 72 60 58 56 68 54 52 50 46 13 15 11 34 9 19 22 17 31 3 25 29 1 49 42 23 36 40 28 38 45 
5 7 74 66 70 64 62 72 60 58 56 68 54 52 50 46 14 25 29 15 11 34 9 19 22 17 31 3 1 42 23 48 36 40 28 38 45 
5 7 74 66 70 64 62 72 60 58 56 68 54 52 50 46 15 14 25 29 9 19 22 31 3 17 12 1 42 23 34 48 36 40 28 38 45 
5 7 74 66 70 64 62 58 56 68 54 52 50 46 72 60 16 14 3 25 29 9 19 22 31 17 12 1 42 23 34 48 36 40 28 38 45 
5 7 74 66 70 64 62 72 60 58 56 68 54 52 46 51 14 25 29 15 11 34 9 19 22 17 31 3 1 42 23 48 36 40 28 38 45 
5 7 74 66 70 64 62 72 60 58 56 68 54 52 50 46 14 25 29 15 11 34 9 19 22 17 31 3 1 42 24 48 36 40 28 38 45 
5 7 74 66 70 64 62 72 60 58 56 68 54 52 50 46 15 14 25 29 9 19 22 31 3 17 12 24 1 42 34 48 36 40 28 38 45 
5 7 74 66 70 64 62 58 56 68 54 52 50 46 72 60 16 14 3 25 29 9 19 22 31 17 12 24 1 42 34 48 36 40 28 38 45 
5 7 69 74 66 70 64 62 72 60 58 56 54 52 50 46 14 25 29 15 11 34 9 19 22 17 31 3 1 42 24 48 36 40 28 38 45 
5 7 69 74 66 70 64 62 58 56 54 52 50 46 72 60 16 14 3 25 29 11 34 9 19 22 17 31 1 42 24 48 36 40 28 38 45 
5 7 74 66 70 64 62 72 60 58 56 68 54 52 46 51 14 25 29 15 11 34 9 19 22 17 31 3 1 42 24 48 36 40 28 38 45 
5 7 74 66 70 64 62 72 60 58 56 68 54 52 50 46 14 25 29 15 11 34 9 19 22 17 31 3 1 49 42 23 36 40 28 38 45 
5 7 68 74 66 70 64 62 72 60 58 56 52 50 46 13 15 11 34 9 19 55 22 17 31 3 25 29 1 42 23 48 36 40 28 38 45 
5 7 68 74 66 70 64 62 72 60 58 56 52 50 46 15 13 9 19 55 22 31 17 12 3 25 29 1 42 23 34 48 36 40 28 38 45 
5 7 68 74 66 70 64 62 72 60 58 56 52 46 15 51 13 9 19 55 22 31 17 12 3 25 29 1 42 23 34 48 36 40 28 38 45 
5 7 68 74 66 70 64 62 72 60 58 56 52 50 46 14 25 29 15 11 34 9 19 55 22 17 31 3 1 42 23 48 36 40 28 38 45 
5 7 68 74 66 70 64 62 72 60 58 56 52 50 46 15 14 25 29 9 19 55 22 31 3 17 12 1 42 23 34 48 36 40 28 38 45 
5 7 68 74 66 70 64 62 58 56 52 50 46 72 60 16 14 3 25 29 9 19 55 22 31 17 12 1 42 23 34 48 36 40 28 38 45 
5 7 68 74 66 70 64 62 72 60 58 56 52 46 51 14 25 29 15 11 34 9 19 55 22 17 31 3 1 42 23 48 36 40 28 38 45 
5 7 74 66 70 64 62 72 60 58 56 68 54 52 50 46 15 11 34 9 19 22 17 31 26 3 29 1 42 23 13 27 48 36 40 38 45 
5 7 74 66 70 64 62 72 60 58 56 68 54 52 50 46 15 39 11 34 9 19 22 17 31 26 3 29 1 40 42 23 13 27 48 36 45 
5 7 74 66 70 64 62 72 60 58 56 68 54 52 50 46 13 15 11 34 9 19 22 17 31 26 3 29 1 42 23 48 36 40 28 38 45 
5 7 74 66 70 64 62 72 60 58 56 68 54 52 50 46 14 29 15 11 34 9 19 22 17 31 26 3 1 42 23 48 36 40 28 38 45 
5 7 66 70 64 62 72 60 58 56 68 54 52 50 46 15 11 34 9 19 22 17 31 3 25 29 75 1 42 23 13 27 48 36 40 38 45 
5 7 66 70 64 62 72 60 58 56 68 54 52 46 15 11 34 9 19 22 17 31 3 25 29 75 1 42 23 51 13 27 48 36 40 38 45 
5 7 66 70 64 62 72 60 58 56 68 54 52 50 46 15 39 11 34 9 19 22 17 31 3 25 29 75 1 40 42 23 13 27 48 36 45 
5 7 66 70 64 62 72 60 58 56 68 54 52 46 15 39 11 34 9 19 22 17 31 3 25 29 75 1 40 42 23 51 13 27 48 36 45 
5 7 66 70 64 62 72 60 58 56 68 54 52 50 46 25 29 15 11 34 9 19 22 17 31 3 75 1 42 23 14 27 48 36 40 38 45 
5 7 66 70 64 62 72 60 58 56 68 54 52 46 25 29 15 11 34 9 19 22 17 31 3 75 1 42 23 51 14 27 48 36 40 38 45 
5 7 66 70 64 62 72 60 58 56 68 54 52 50 46 25 29 15 39 11 34 9 19 22 17 31 3 75 1 40 42 23 14 27 48 36 45 
5 7 68 66 70 64 62 72 60 58 56 52 50 46 15 11 34 9 19 55 22 17 31 3 25 29 75 1 42 23 13 27 48 36 40 38 45 
5 7 68 66 70 64 62 72 60 58 56 52 50 46 15 9 19 55 22 31 17 12 3 25 29 75 1 42 23 13 27 34 48 36 40 38 45 
5 7 68 66 70 64 62 58 56 52 50 46 72 60 16 9 19 55 22 31 17 12 3 25 29 75 1 42 23 13 27 34 48 36 40 38 45 
5 7 69 66 70 64 62 72 60 58 56 52 50 46 15 11 34 9 19 55 22 17 31 3 25 29 75 1 42 23 13 27 48 36 40 38 45 
5 7 68 66 70 64 62 72 60 58 56 52 46 15 11 34 9 19 55 22 17 31 3 25 29 75 1 42 23 51 13 27 48 36 40 38 45 
5 7 68 66 70 64 62 72 60 58 56 52 46 15 9 19 55 22 31 17 12 3 25 29 75 1 42 23 51 13 27 34 48 36 40 38 45 
5 7 69 66 70 64 62 72 60 58 56 52 46 15 11 34 9 19 55 22 17 31 3 25 29 75 1 42 23 51 13 27 48 36 40 38 45 
5 7 68 66 70 64 62 72 60 58 56 52 50 46 15 39 11 34 9 19 55 22 17 31 3 25 29 75 1 40 42 23 13 27 48 36 45 
5 7 68 66 64 62 72 60 58 56 52 50 46 15 71 39 11 34 9 19 55 22 17 31 3 25 29 75 1 40 42 23 13 27 48 36 45 
5 7 68 66 70 64 62 72 60 58 56 52 50 46 25 29 15 11 34 9 19 55 22 17 31 3 75 1 42 23 14 27 48 36 40 38 45 
5 7 69 66 70 64 62 72 60 58 56 52 50 46 25 29 15 11 34 9 19 55 22 17 31 3 75 1 42 23 14 27 48 36 40 38 45 
5 7 69 66 70 64 62 58 56 52 50 46 72 60 16 3 25 29 11 34 9 19 55 22 17 31 75 1 42 23 14 27 48 36 40 38 45 
5 7 68 66 70 64 62 72 60 58 56 52 46 25 29 15 11 34 9 19 55 22 17 31 3 75 1 42 23 51 14 27 48 36 40 38 45 
5 7 69 66 70 64 62 72 60 58 56 52 46 25 29 15 11 34 9 19 55 22 17 31 3 75 1 42 23 51 14 27 48 36 40 38 45 
5 7 68 66 70 64 62 72 60 58 56 52 50 46 25 29 15 39 11 34 9 19 55 22 17 31 3 75 1 40 42 23 14 27 48 36 45 
5 7 68 66 70 64 62 72 60 58 56 52 50 46 13 15 11 34 9 19 55 22 17 31 3 25 29 75 1 42 23 48 36 40 28 38 45 
5 7 69 66 70 64 62 72 60 58 56 52 50 46 13 15 11 34 9 19 55 22 17 31 3 25 29 75 1 42 23 48 36 40 28 38 45 
5 7 68 66 70 64 62 72 60 58 56 52 50 46 14 25 29 15 11 34 9 19 55 22 17 31 3 75 1 42 23 48 36 40 28 38 45 
5 7 66 70 64 62 72 60 58 56 68 54 52 50 46 15 11 34 9 19 22 17 31 26 3 29 75 1 42 23 13 27 48 36 40 38 45 
5 7 66 70 64 62 72 60 58 56 68 54 52 50 46 29 15 11 34 9 19 22 17 31 26 3 75 1 42 23 14 27 48 36 40 38 45 
5 7 69 74 66 70 64 62 72 60 58 56 54 52 50 46 9 19 17 31 3 25 29 15 34 2 11 21 23 13 27 48 36 38 40 42 44 
5 7 69 74 66 70 64 62 58 56 54 52 50 46 72 60 16 9 19 31 17 12 3 25 29 2 21 23 13 27 34 48 36 38 40 42 44 
5 7 69 74 66 70 64 62 72 60 58 56 54 52 46 9 19 17 31 3 25 29 15 34 2 11 21 23 51 13 27 48 36 38 40 42 44 
5 7 74 67 70 64 62 60 58 56 68 54 52 50 73 46 9 19 17 31 3 25 29 15 34 2 11 21 23 13 27 48 36 38 40 42 44 
5 7 74 70 67 62 60 58 56 68 54 65 52 50 73 46 9 19 17 31 3 25 29 15 34 2 11 21 23 13 27 48 36 38 40 42 44 
5 7 74 73 67 70 64 62 60 58 56 68 54 52 50 47 9 17 31 20 44 3 25 29 15 34 2 11 21 23 13 27 48 36 38 40 42 
5 7 74 73 67 70 64 62 60 58 56 68 54 52 50 47 9 31 20 44 17 12 3 25 29 15 2 21 23 13 27 34 48 36 38 40 42 
5 7 74 67 70 64 62 60 58 56 68 54 52 73 46 9 19 17 31 3 25 29 15 34 2 11 21 23 51 13 27 48 36 38 40 42 44 
5 7 74 67 70 64 62 60 58 56 68 54 52 73 46 9 19 31 17 12 3 25 29 15 2 21 23 51 13 27 34 48 36 38 40 42 44 
5 7 74 70 67 62 60 58 56 68 54 65 52 73 46 9 19 17 31 3 25 29 15 34 2 11 21 23 51 13 27 48 36 38 40 42 44 
5 7 74 73 67 70 64 62 60 58 56 68 54 52 47 9 17 31 20 44 3 25 29 15 34 2 11 21 23 51 13 27 48 36 38 40 42 
5 7 74 66 70 64 62 60 58 56 68 54 52 50 73 46 9 19 31 17 12 3 25 29 15 2 21 13 27 34 48 36 38 40 42 24 44 
5 7 74 66 70 64 62 60 58 56 68 54 52 50 73 46 10 19 31 17 12 3 25 29 15 2 21 13 27 34 48 36 38 40 42 24 44 
5 7 70 74 66 62 60 58 56 68 54 65 52 50 73 46 9 19 17 31 3 25 29 15 34 2 11 21 13 27 48 36 38 40 42 24 44 
5 7 70 74 66 62 60 58 56 68 54 65 52 50 73 46 43 9 19 17 31 3 25 29 15 34 2 11 21 13 27 48 36 38 40 24 44 
5 7 74 66 70 64 62 58 56 68 54 52 50 73 46 60 16 9 19 17 31 3 25 29 34 2 11 21 13 27 48 36 38 40 42 24 44 
5 7 74 66 70 64 62 58 56 68 54 52 50 73 46 60 16 9 19 31 17 12 3 25 29 2 21 13 27 34 48 36 38 40 42 24 44 
5 7 69 74 66 70 64 62 60 58 56 54 52 50 73 46 43 9 19 17 31 3 25 29 15 34 2 11 21 13 27 48 36 38 40 24 44 
5 7 69 74 66 70 64 62 60 58 54 57 52 50 73 46 43 9 19 17 31 3 25 29 15 34 2 11 21 13 27 48 36 38 40 24 44 
5 7 70 69 74 66 62 60 58 56 54 65 52 50 73 46 9 19 17 31 3 25 29 15 34 2 11 21 13 27 48 36 38 40 42 24 44 
5 7 70 69 74 66 62 60 58 56 54 65 52 50 73 46 43 9 19 17 31 3 25 29 15 34 2 11 21 13 27 48 36 38 40 24 44 
5 7 69 74 66 70 64 62 58 56 54 52 50 73 46 60 16 9 19 17 31 3 25 29 34 2 11 21 13 27 48 36 38 40 42 24 44 
5 7 69 74 66 70 64 62 58 56 54 52 50 73 46 60 16 9 19 31 17 12 3 25 29 2 21 13 27 34 48 36 38 40 42 24 44 
5 7 70 69 74 66 62 58 56 54 65 52 50 73 46 60 16 43 9 19 17 31 3 25 29 34 2 11 21 13 27 48 36 38 40 24 44 
5 7 73 74 66 70 64 62 60 58 56 68 54 52 50 47 9 17 31 20 3 25 29 15 34 2 11 21 44 24 13 27 48 36 38 40 42 
5 7 73 74 66 70 64 62 60 58 56 68 54 52 50 47 43 9 17 31 20 3 25 29 15 34 2 11 21 44 24 13 27 48 36 38 40 
5 7 73 74 66 70 64 62 60 58 56 68 54 52 50 47 9 31 20 17 12 44 24 3 25 29 15 2 21 13 27 34 48 36 38 40 42 
5 7 73 74 66 70 64 62 60 58 56 68 54 52 50 47 43 9 31 20 17 12 44 24 3 25 29 15 2 21 13 27 34 48 36 38 40 
5 7 73 70 74 66 62 60 58 56 68 54 65 52 50 47 9 17 31 20 3 25 29 15 34 2 11 21 44 24 13 27 48 36 38 40 42 
5 7 73 70 69 74 66 62 60 58 56 54 65 52 50 47 9 17 31 20 3 25 29 15 34 2 11 21 44 24 13 27 48 36 38 40 42 
5 7 70 74 66 62 60 58 56 68 54 65 52 73 46 9 19 17 31 3 25 29 15 34 2 11 21 51 13 27 48 36 38 40 42 24 44 
5 7 70 69 74 66 62 60 58 56 54 65 52 73 46 9 19 17 31 3 25 29 15 34 2 11 21 51 13 27 48 36 38 40 42 24 44 
5 7 70 69 74 66 62 60 58 56 54 65 52 73 46 43 9 19 17 31 3 25 29 15 34 2 11 21 51 13 27 48 36 38 40 24 44 
5 7 73 74 66 70 64 62 60 58 56 68 54 52 47 9 17 31 20 3 25 29 15 34 2 11 21 44 24 51 13 27 48 36 38 40 42 
5 7 73 74 66 70 64 62 60 58 56 68 54 52 47 43 9 17 31 20 3 25 29 15 34 2 11 21 44 24 51 13 27 48 36 38 40 
5 7 73 74 66 70 64 62 60 58 56 68 54 52 47 9 31 20 17 12 44 24 3 25 29 15 2 21 51 13 27 34 48 36 38 40 42 
5 7 73 70 74 66 62 60 58 56 68 54 65 52 47 9 17 31 20 3 25 29 15 34 2 11 21 44 24 51 13 27 48 36 38 40 42 
5 7 74 66 70 64 62 72 60 58 56 68 54 52 50 46 9 19 17 12 3 25 29 15 2 21 13 27 34 48 36 33 38 40 42 24 44 
5 7 70 74 66 62 72 60 58 56 68 54 65 52 50 46 9 19 17 3 25 29 15 34 2 11 21 13 27 48 36 33 38 40 42 24 44 
5 7 74 66 70 64 62 58 56 68 54 52 50 46 72 60 16 9 19 17 3 25 29 34 2 11 21 13 27 48 36 33 38 40 42 24 44 
5 7 74 66 70 64 62 72 60 58 56 68 54 52 46 9 19 17 12 3 25 29 15 2 21 51 13 27 34 48 36 33 38 40 42 24 44 
5 7 74 66 70 64 62 58 56 68 54 52 46 72 60 16 9 19 17 12 3 25 29 2 21 51 13 27 34 48 36 33 38 40 42 24 44 
5 7 74 67 70 64 62 60 58 56 68 54 52 50 73 46 9 19 17 3 25 29 15 34 2 11 21 23 13 27 48 36 33 38 40 42 44 
5 7 74 66 70 64 62 60 58 56 68 54 52 50 73 46 9 19 17 12 3 25 29 15 2 21 13 27 34 48 36 33 38 40 42 24 44 
5 7 74 66 70 64 62 60 58 56 68 54 52 50 73 46 10 19 17 12 3 25 29 15 2 21 13 27 34 48 36 33 38 40 42 24 44 
5 7 74 66 70 64 62 60 58 56 68 54 52 50 73 46 43 9 19 17 12 3 25 29 15 2 21 13 27 34 48 36 33 38 40 24 44 
5 7 70 74 66 62 60 58 56 68 54 65 52 50 73 46 9 19 17 3 25 29 15 34 2 11 21 13 27 48 36 33 38 40 42 24 44 
5 7 73 74 66 70 64 62 60 58 56 68 54 52 50 47 9 20 17 12 44 24 3 25 29 15 2 21 13 27 34 48 36 33 38 40 42 
5 7 69 74 66 64 62 58 56 54 52 50 46 72 60 16 9 19 31 17 12 3 25 29 21 23 13 27 34 48 36 71 2 39 40 42 44 
5 7 74 66 64 62 60 58 56 68 54 52 50 73 46 9 19 17 31 3 25 29 15 34 71 39 2 11 21 13 27 48 36 40 42 24 44 
5 7 74 66 64 62 60 58 56 68 54 52 50 73 46 43 9 19 17 31 3 25 29 15 34 71 39 2 11 21 13 27 48 36 40 24 44 
5 7 74 66 64 62 60 58 56 68 54 52 50 73 46 43 9 19 31 17 12 3 25 29 15 71 39 2 21 13 27 34 48 36 40 24 44 
5 7 74 66 64 62 58 56 68 54 52 50 73 46 60 16 9 19 17 31 3 25 29 34 11 21 13 27 48 36 71 2 39 40 42 24 44 
5 7 74 66 64 62 58 56 68 54 52 50 73 46 60 16 43 9 19 17 31 3 25 29 34 11 21 13 27 48 36 71 2 39 40 24 44 
5 7 74 66 64 62 58 56 68 54 52 50 73 46 60 16 9 19 31 17 12 3 25 29 21 13 27 34 48 36 71 2 39 40 42 24 44 
5 7 74 66 64 62 58 56 68 54 52 50 73 46 60 16 43 9 19 31 17 12 3 25 29 21 13 27 34 48 36 71 2 39 40 24 44 
5 7 69 74 66 70 64 62 60 58 56 54 52 50 73 46 43 9 19 17 31 3 25 29 15 34 39 2 11 21 13 27 48 36 40 24 44 
5 7 70 69 74 66 62 60 58 56 54 65 52 50 73 46 43 9 19 17 31 3 25 29 15 34 39 2 11 21 13 27 48 36 40 24 44 
5 7 69 74 66 64 62 58 56 54 52 50 73 46 60 16 43 9 19 17 31 3 25 29 34 11 21 13 27 48 36 71 2 39 40 24 44 
5 7 69 74 66 64 62 58 56 54 52 50 73 46 60 16 9 19 31 17 12 3 25 29 21 13 27 34 48 36 71 2 39 40 42 24 44 
5 7 69 74 66 62 58 56 54 65 52 50 73 46 60 16 9 19 17 31 3 25 29 34 11 21 13 27 48 36 71 2 39 40 42 24 44 
5 7 74 66 64 62 60 58 56 68 54 52 73 46 9 19 17 31 3 25 29 15 34 71 39 2 11 21 51 13 27 48 36 40 42 24 44 
5 7 74 66 64 62 60 58 56 68 54 52 73 46 43 9 19 17 31 3 25 29 15 34 71 39 2 11 21 51 13 27 48 36 40 24 44 
5 7 74 66 62 60 58 56 68 54 65 52 73 46 9 19 31 17 12 3 25 29 15 71 39 2 21 51 13 27 34 48 36 40 42 24 44 
5 7 74 66 64 62 58 56 68 54 52 73 46 60 16 9 19 31 17 12 3 25 29 21 51 13 27 34 48 36 71 2 39 40 42 24 44 
5 7 69 74 66 64 62 58 56 54 52 73 46 60 16 9 19 31 17 12 3 25 29 21 51 13 27 34 48 36 71 2 39 40 42 24 44 
5 7 70 69 74 66 62 60 58 56 54 50 48 73 46 9 19 17 31 3 25 29 15 34 2 11 21 65 52 37 13 27 38 40 42 24 44 
5 7 69 70 64 62 58 56 54 52 50 46 72 60 16 74 66 18 9 44 12 3 25 29 2 21 23 13 27 20 31 34 48 36 38 40 42 
5 7 70 64 62 58 56 68 54 52 50 73 46 60 16 74 66 18 9 3 25 29 34 2 11 21 44 24 13 27 20 31 48 36 38 40 42 
5 7 70 64 62 58 56 68 54 52 50 73 46 60 16 74 66 18 9 12 44 24 3 25 29 2 21 13 27 20 31 34 48 36 38 40 42 
5 7 73 70 64 62 58 56 68 54 52 50 47 60 16 74 66 18 9 3 25 29 34 2 11 21 44 24 13 27 20 31 48 36 38 40 42 
5 7 69 70 64 62 58 56 54 52 50 73 46 60 16 74 66 18 9 3 25 29 34 2 11 21 44 24 13 27 20 31 48 36 38 40 42 
5 7 69 70 64 62 58 56 54 52 50 73 46 60 16 74 66 18 9 12 44 24 3 25 29 2 21 13 27 20 31 34 48 36 38 40 42 
5 7 73 69 70 64 62 58 56 54 52 50 47 60 16 74 66 18 9 3 25 29 34 2 11 21 44 24 13 27 20 31 48 36 38 40 42 
5 7 70 64 62 58 56 68 54 52 50 46 72 60 16 74 66 18 9 20 12 44 24 3 25 29 2 21 13 27 34 48 36 33 38 40 42 
5 7 70 64 62 58 56 68 54 52 46 72 60 16 74 66 18 9 20 12 44 24 3 25 29 2 21 51 13 27 34 48 36 33 38 40 42 
5 7 69 64 62 58 56 54 52 50 46 72 60 16 74 66 18 9 44 12 3 25 29 21 23 13 27 20 31 34 48 36 71 2 39 40 42 
5 7 64 62 58 56 68 54 52 50 73 46 60 16 74 66 18 9 3 25 29 34 11 21 44 24 13 27 20 31 48 36 71 2 39 40 42 
5 7 69 64 62 58 56 54 52 50 73 46 60 16 74 66 18 9 3 25 29 34 11 21 44 24 13 27 20 31 48 36 71 2 39 40 42 
5 7 70 74 66 62 72 60 58 56 68 54 65 52 50 46 9 19 17 31 3 25 29 15 34 2 11 21 13 27 36 38 40 49 42 24 44 
5 7 69 74 66 70 64 62 60 58 56 54 52 50 73 46 9 19 17 31 3 25 29 15 34 2 11 21 13 27 36 38 40 49 42 24 44 
5 7 74 66 70 64 62 72 60 58 56 68 54 52 50 46 9 19 17 4 15 34 2 11 21 25 29 13 27 36 33 38 40 49 42 24 44 
5 7 69 74 66 70 64 62 72 60 58 56 54 52 50 46 25 29 9 19 17 31 3 15 34 2 11 21 23 14 27 48 36 38 40 42 44 
5 7 69 74 66 70 64 62 58 56 54 52 50 46 72 60 16 3 25 29 9 19 31 17 12 2 21 23 14 27 34 48 36 38 40 42 44 
5 7 69 74 66 70 64 62 72 60 58 56 54 52 46 25 29 9 19 17 31 3 15 34 2 11 21 23 51 14 27 48 36 38 40 42 44 
69 74 66 64 62 58 56 52 46 19 31 72 60 16 5 3 25 29 9 54 8 17 12 71 2 21 23 51 14 27 34 48 36 38 40 42 44 
5 7 70 69 74 66 62 60 58 56 54 65 52 50 73 46 25 29 9 19 17 31 3 15 34 2 11 21 14 27 48 36 38 40 42 24 44 
5 7 70 69 74 66 62 60 58 56 54 65 52 50 73 46 25 29 9 19 17 31 3 15 34 2 11 21 14 27 48 36 38 40 43 24 44 
5 7 69 74 66 70 64 62 58 56 54 52 50 73 46 60 16 3 25 29 9 19 17 31 34 2 11 21 14 27 48 36 38 40 42 24 44 
5 7 69 74 66 70 64 62 58 56 54 52 50 73 46 60 16 3 25 29 9 19 31 17 12 2 21 14 27 34 48 36 38 40 42 24 44 
5 7 70 69 74 66 62 58 56 54 65 52 50 73 46 60 16 3 25 29 9 19 17 31 34 2 11 21 14 27 48 36 38 40 43 24 44 
5 7 73 69 74 66 70 64 62 58 56 54 52 50 47 60 16 3 25 29 9 17 31 20 34 2 11 21 44 24 14 27 48 36 38 40 42 
5 7 70 69 74 66 62 60 58 56 54 65 52 73 46 25 29 9 19 17 31 3 15 34 2 11 21 51 14 27 48 36 38 40 42 24 44 
5 7 70 69 74 66 62 60 58 56 54 65 52 73 46 25 29 9 19 17 31 3 15 34 2 11 21 51 14 27 48 36 38 40 43 24 44 
5 7 70 69 74 66 62 60 58 56 54 65 52 50 73 46 25 29 9 19 17 4 31 15 34 2 11 21 14 27 48 36 38 40 42 24 44 
5 7 69 74 66 70 64 62 58 56 54 52 50 73 46 60 16 25 29 9 19 17 4 31 34 2 11 21 14 27 48 36 38 40 42 24 44 
5 7 69 74 66 64 62 72 60 58 56 54 52 50 46 25 29 10 3 19 17 31 15 34 71 39 2 11 21 23 14 27 48 36 40 42 44 
69 74 66 64 62 72 60 58 56 52 46 19 17 31 25 29 9 54 8 3 5 15 34 71 39 2 11 21 23 51 14 27 48 36 40 42 44 
5 7 69 74 66 64 62 72 60 58 56 54 52 46 25 29 10 3 19 17 31 15 34 71 39 2 11 21 23 51 14 27 48 36 40 42 44 
5 7 69 74 66 64 62 58 56 54 52 46 72 60 16 3 25 29 9 19 17 31 34 11 21 23 51 14 27 48 36 71 2 39 40 42 44 
5 7 69 74 66 64 62 58 56 54 52 46 72 60 16 3 25 29 9 19 31 17 12 21 23 51 14 27 34 48 36 71 2 39 40 42 44 
5 7 69 74 66 64 62 58 56 54 52 50 73 46 60 16 3 25 29 9 19 31 17 12 21 14 27 34 48 36 71 2 39 40 42 24 44 
5 7 69 74 66 64 62 58 56 54 52 73 46 60 16 3 25 29 9 19 17 31 34 11 21 51 14 27 48 36 71 2 39 40 42 24 44 
5 7 69 74 66 64 62 58 56 54 52 73 46 60 16 3 25 29 9 19 31 17 12 21 51 14 27 34 48 36 71 2 39 40 42 24 44 
5 7 69 70 64 62 58 56 54 52 50 46 74 66 18 72 60 16 3 25 29 9 44 12 2 21 23 14 27 20 31 34 48 36 38 40 42 
5 7 69 64 62 58 56 54 52 46 74 66 18 72 60 16 3 25 29 9 44 34 11 21 23 51 14 27 20 31 48 36 71 2 39 40 42 
5 7 69 74 66 70 64 62 72 60 58 56 55 52 50 46 9 19 17 31 3 25 29 15 34 2 11 21 23 13 27 48 36 38 40 42 44 
5 7 69 74 66 70 64 62 72 60 58 56 55 52 50 46 9 19 31 17 12 3 25 29 15 2 21 23 13 27 34 48 36 38 40 42 44 
5 7 69 74 66 70 64 62 58 56 55 52 50 46 72 60 16 9 19 31 17 12 3 25 29 2 21 23 13 27 34 48 36 38 40 42 44 
5 7 69 74 66 70 64 62 72 60 58 56 52 50 55 47 9 17 31 20 44 3 25 29 15 34 2 11 21 23 13 27 48 36 38 40 42 
5 7 69 74 66 70 64 62 72 60 58 56 55 52 46 9 19 17 31 3 25 29 15 34 2 11 21 23 51 13 27 48 36 38 40 42 44 
5 7 69 74 66 70 64 62 72 60 58 56 55 52 46 9 19 31 17 12 3 25 29 15 2 21 23 51 13 27 34 48 36 38 40 42 44 
5 7 69 74 66 70 64 72 60 58 56 63 55 52 46 9 19 17 31 3 25 29 15 34 2 11 21 23 51 13 27 48 36 38 40 42 44 
5 7 69 74 66 70 64 62 72 60 58 56 52 55 47 9 17 31 20 44 3 25 29 15 34 2 11 21 23 51 13 27 48 36 38 40 42 
5 7 69 74 66 64 62 58 56 55 52 50 46 72 60 16 9 19 31 17 12 3 25 29 21 23 13 27 34 48 36 71 2 39 40 42 44 
5 7 69 74 66 64 62 72 60 58 56 55 52 46 9 19 17 31 3 25 29 15 71 39 2 11 21 23 51 13 27 35 44 48 36 40 42 
5 7 69 74 66 64 62 58 56 55 52 46 72 60 16 9 19 31 17 12 3 25 29 21 23 51 13 27 34 48 36 71 2 39 40 42 44 
5 7 69 70 64 62 58 56 55 52 50 46 72 60 16 74 66 18 9 44 12 3 25 29 2 21 23 13 27 20 31 34 48 36 38 40 42 
5 7 68 74 66 70 64 62 72 60 58 56 55 52 50 46 9 19 17 31 3 25 29 15 34 2 11 21 23 13 27 36 38 40 49 42 44 
5 7 69 74 66 70 64 62 72 60 58 56 55 52 50 46 9 19 17 31 3 25 29 15 34 2 11 21 23 13 27 36 38 40 49 42 44 
5 7 68 74 66 70 64 62 72 60 58 56 55 52 46 9 19 17 31 3 25 29 15 34 2 11 21 23 51 13 27 36 38 40 49 42 44 
5 7 69 74 66 70 64 62 72 60 58 56 55 50 46 9 19 17 31 3 25 29 15 34 2 11 21 23 13 27 52 37 38 40 49 42 44 
5 7 69 74 66 70 64 62 72 60 58 56 55 52 50 46 25 29 9 19 17 31 3 15 34 2 11 21 23 14 27 48 36 38 40 42 44 
5 7 69 74 66 70 64 62 72 60 58 56 55 52 50 46 25 29 10 3 19 31 17 12 15 2 21 23 14 27 34 48 36 38 40 42 44 
5 7 69 74 66 64 62 72 60 58 56 55 52 50 46 25 29 9 19 17 31 3 15 71 2 11 21 23 14 27 35 44 48 36 38 40 42 
5 7 69 74 66 64 62 58 56 55 52 50 46 72 60 16 3 25 29 9 19 17 31 34 71 2 11 21 23 14 27 48 36 38 40 42 44 
5 7 69 74 66 70 64 62 58 56 55 52 50 46 72 60 16 3 25 29 9 19 31 17 12 2 21 23 14 27 34 48 36 38 40 42 44 
5 7 69 74 66 64 62 58 56 55 52 50 46 72 60 16 3 25 29 9 19 31 17 12 71 2 21 23 14 27 34 48 36 38 40 42 44 
5 7 69 74 66 64 62 58 56 55 52 50 46 72 60 16 3 25 29 9 19 17 31 71 2 11 21 23 14 27 35 44 48 36 38 40 42 
5 7 69 74 66 64 62 58 56 55 52 50 46 72 60 16 3 25 29 9 19 31 17 12 71 2 21 23 14 27 35 44 48 36 38 40 42 
5 7 69 74 66 70 64 62 72 60 58 56 52 50 55 47 25 29 9 17 31 20 44 3 15 34 2 11 21 23 14 27 48 36 38 40 42 
5 7 69 74 66 70 64 62 58 56 52 50 55 47 72 60 16 3 25 29 9 31 20 44 17 12 2 21 23 14 27 34 48 36 38 40 42 
5 7 69 74 66 70 64 62 72 60 58 56 55 52 46 25 29 9 19 17 31 3 15 34 2 11 21 23 51 14 27 48 36 38 40 42 44 
5 7 69 74 66 70 64 62 58 56 55 52 46 72 60 16 3 25 29 9 19 31 17 12 2 21 23 51 14 27 34 48 36 38 40 42 44 
5 7 69 74 66 70 64 62 72 60 58 56 52 55 47 25 29 9 17 31 20 44 3 15 34 2 11 21 23 51 14 27 48 36 38 40 42 
5 7 69 74 66 64 62 58 56 55 52 50 46 72 60 16 3 25 29 9 19 31 17 12 21 23 14 27 34 48 36 71 2 39 40 42 44 
5 7 69 74 66 64 62 72 60 58 56 55 52 46 25 29 9 19 17 31 3 15 71 39 2 11 21 23 51 14 27 35 44 48 36 40 42 
5 7 69 74 66 64 62 58 56 55 52 46 72 60 16 3 25 29 9 19 31 17 12 21 23 51 14 27 34 48 36 71 2 39 40 42 44 
5 7 69 64 62 58 56 55 52 50 46 74 66 18 72 60 16 3 25 29 9 44 34 71 2 11 21 23 14 27 20 31 48 36 38 40 42 
5 7 69 70 64 62 58 56 55 52 50 46 74 66 18 72 60 16 3 25 29 9 44 12 2 21 23 14 27 20 31 34 48 36 38 40 42 
5 7 69 64 62 58 56 55 52 50 46 74 66 18 72 60 16 3 25 29 9 44 12 71 2 21 23 14 27 20 31 34 48 36 38 40 42 
5 7 69 70 64 62 58 56 52 50 55 47 74 66 18 72 60 16 3 25 29 9 44 34 2 11 21 23 14 27 20 31 48 36 38 40 42 
5 7 69 70 64 62 58 56 55 52 46 74 66 18 72 60 16 3 25 29 9 44 12 2 21 23 51 14 27 20 31 34 48 36 38 40 42 
5 7 69 74 66 70 64 62 72 60 58 56 54 52 50 46 13 9 19 17 31 3 25 29 15 34 2 11 21 23 44 48 36 28 38 40 42 
5 7 69 74 66 70 64 62 72 60 58 56 54 52 50 46 13 9 19 31 17 12 3 25 29 15 2 21 23 44 34 48 36 28 38 40 42 
5 7 69 74 66 70 64 62 58 56 54 52 50 46 72 60 16 13 9 19 31 17 12 3 25 29 2 21 23 44 34 48 36 28 38 40 42 
5 7 69 74 66 70 64 62 72 60 58 56 54 52 50 47 13 9 17 31 20 44 3 25 29 15 34 2 11 21 23 48 36 28 38 40 42 
5 7 69 74 66 70 64 62 72 60 58 56 54 52 46 51 13 9 19 17 31 3 25 29 15 34 2 11 21 23 44 48 36 28 38 40 42 
5 7 69 74 66 70 64 62 72 60 58 56 54 52 46 51 13 9 19 31 17 12 3 25 29 15 2 21 23 44 34 48 36 28 38 40 42 
5 7 69 74 66 70 64 62 72 60 58 56 54 52 46 51 13 9 19 17 31 3 25 29 15 2 11 21 23 35 44 48 36 28 38 40 42 
5 7 69 74 66 70 64 63 72 60 58 56 54 52 46 51 13 9 19 17 31 3 25 29 15 34 2 11 21 23 44 48 36 28 38 40 42 
5 7 69 74 66 70 64 62 58 56 54 52 46 72 60 16 51 13 9 19 31 17 12 3 25 29 2 21 23 44 34 48 36 28 38 40 42 
5 7 69 74 66 70 64 62 72 60 58 56 54 52 47 51 13 9 17 31 20 44 3 25 29 15 34 2 11 21 23 48 36 28 38 40 42 
5 7 74 67 70 64 62 60 58 56 68 54 52 50 73 46 13 9 19 17 31 3 25 29 15 34 2 11 21 23 44 48 36 28 38 40 42 
5 7 74 70 67 62 60 58 56 68 54 65 52 50 73 46 13 9 19 17 31 3 25 29 15 34 2 11 21 23 44 48 36 28 38 40 42 
5 7 74 67 70 64 62 58 56 68 54 52 50 73 46 60 16 13 9 19 17 31 3 25 29 34 2 11 21 23 44 48 36 28 38 40 42 
5 7 74 67 70 64 62 60 58 56 68 54 52 73 46 51 13 9 19 17 31 3 25 29 15 34 2 11 21 23 44 48 36 28 38 40 42 
5 7 74 67 70 64 62 58 56 68 54 52 73 46 60 16 51 13 9 19 17 31 3 25 29 34 2 11 21 23 44 48 36 28 38 40 42 
5 7 74 66 70 64 62 60 58 56 68 54 52 50 73 46 13 9 19 17 31 3 25 29 15 34 2 11 21 24 44 48 36 28 38 40 42 
5 7 74 66 70 64 62 60 58 56 68 54 52 50 73 46 13 9 19 31 17 12 3 25 29 15 2 21 24 44 34 48 36 28 38 40 42 
5 7 74 66 70 64 62 60 58 56 68 54 52 50 73 46 13 10 19 31 17 12 3 25 29 15 2 21 24 44 34 48 36 28 38 40 42 
5 7 74 66 70 64 62 58 56 68 54 52 50 73 46 60 16 13 9 19 17 31 3 25 29 34 2 11 21 24 44 48 36 28 38 40 42 
5 7 74 66 70 64 62 58 56 68 54 52 50 73 46 60 16 13 9 19 31 17 12 3 25 29 2 21 24 44 34 48 36 28 38 40 42 
5 7 73 74 66 70 64 62 60 58 56 68 54 52 50 47 13 9 17 31 20 3 25 29 15 34 2 11 21 44 24 48 36 28 38 40 42 
5 7 73 74 66 70 64 62 60 58 56 68 54 52 50 47 13 9 31 20 17 12 44 24 3 25 29 15 2 21 34 48 36 28 38 40 42 
5 7 74 66 70 64 62 60 58 56 68 54 52 73 46 51 13 9 19 17 31 3 25 29 15 34 2 11 21 24 44 48 36 28 38 40 42 
5 7 74 66 70 64 62 60 58 56 68 54 52 73 46 51 13 9 19 31 17 12 3 25 29 15 2 21 24 44 34 48 36 28 38 40 42 
5 7 74 66 70 64 63 60 58 56 68 54 52 73 46 51 13 9 19 17 31 3 25 29 15 34 2 11 21 24 44 48 36 28 38 40 42 
5 7 74 66 70 64 62 58 56 68 54 52 73 46 60 16 51 13 9 19 31 17 12 3 25 29 2 21 24 44 34 48 36 28 38 40 42 
5 7 73 74 66 70 64 62 60 58 56 68 54 52 47 51 13 9 17 31 20 3 25 29 15 34 2 11 21 44 24 48 36 28 38 40 42 
5 7 73 74 66 70 64 62 60 58 56 68 54 52 47 51 13 9 31 20 17 12 44 24 3 25 29 15 2 21 34 48 36 28 38 40 42 
5 7 74 66 70 64 62 72 60 58 56 68 54 52 50 46 13 9 19 17 3 25 29 15 34 2 11 21 24 44 48 36 33 28 38 40 42 
5 7 74 66 70 64 62 72 60 58 56 68 54 52 50 46 13 9 19 17 12 3 25 29 15 2 21 24 44 34 48 36 33 28 38 40 42 
5 7 74 66 70 64 62 58 56 68 54 52 50 46 72 60 16 13 9 19 17 3 25 29 34 2 11 21 24 44 48 36 33 28 38 40 42 
5 7 74 66 70 64 62 72 60 58 56 68 54 52 46 51 13 9 19 17 12 3 25 29 15 2 21 24 44 34 48 36 33 28 38 40 42 
5 7 74 66 70 64 62 58 56 68 54 52 46 72 60 16 51 13 9 19 17 12 3 25 29 2 21 24 44 34 48 36 33 28 38 40 42 
5 7 74 67 70 64 62 60 58 56 68 54 52 50 73 46 13 9 19 17 3 25 29 15 34 2 11 21 23 44 48 36 33 28 38 40 42 
5 7 74 66 70 64 62 60 58 56 68 54 52 50 73 46 13 9 19 17 3 25 29 15 34 2 11 21 24 44 48 36 33 28 38 40 42 
5 7 74 66 70 64 62 60 58 56 68 54 52 50 73 46 13 9 19 17 12 3 25 29 15 2 21 24 44 34 48 36 33 28 38 40 42 
5 7 74 66 70 64 62 60 58 56 68 54 52 73 46 51 13 9 19 17 12 3 25 29 15 2 21 24 44 34 48 36 33 28 38 40 42 
5 7 74 67 70 64 62 60 58 56 68 54 52 50 73 46 13 9 19 17 4 31 15 34 2 11 21 23 25 29 44 48 36 28 38 40 42 
5 7 69 70 64 62 58 56 54 52 50 46 72 60 16 74 66 18 13 9 44 12 3 25 29 2 21 23 20 31 34 48 36 28 38 40 42 
5 7 69 70 64 62 58 56 54 52 46 72 60 16 74 66 18 51 13 9 44 12 3 25 29 2 21 23 20 31 34 48 36 28 38 40 42 
5 7 70 64 62 58 56 68 54 52 50 73 46 60 16 74 66 18 13 9 3 25 29 34 2 11 21 44 24 20 31 48 36 28 38 40 42 
5 7 70 64 62 58 56 68 54 52 50 73 46 60 16 74 66 18 13 9 12 44 24 3 25 29 2 21 20 31 34 48 36 28 38 40 42 
5 7 74 66 70 64 62 72 60 58 56 68 54 52 50 46 13 9 19 17 31 3 25 29 15 34 2 11 21 23 44 36 28 38 40 49 42 
5 7 69 74 66 70 64 62 72 60 58 56 54 52 50 46 13 9 19 17 31 3 25 29 15 34 2 11 21 23 44 36 28 38 40 49 42 
5 7 74 66 70 64 62 72 60 58 56 68 54 52 50 47 13 9 17 31 20 44 3 25 29 15 34 2 11 21 23 36 28 38 40 49 42 
5 7 69 74 66 70 64 62 72 60 58 56 54 52 50 47 13 9 17 31 20 44 3 25 29 15 34 2 11 21 23 36 28 38 40 49 42 
5 7 74 66 70 64 62 72 60 58 56 68 54 52 46 51 13 9 19 17 31 3 25 29 15 34 2 11 21 23 44 36 28 38 40 49 42 
5 7 74 66 70 64 62 72 60 58 56 68 54 52 47 51 13 9 17 31 20 44 3 25 29 15 34 2 11 21 23 36 28 38 40 49 42 
5 7 74 66 70 64 62 72 60 58 56 68 54 52 50 46 13 9 19 17 31 3 25 29 15 34 2 11 21 24 44 36 28 38 40 49 42 
5 7 74 66 70 64 62 72 60 58 56 68 54 52 50 47 13 9 17 31 20 3 25 29 15 34 2 11 21 44 24 36 28 38 40 49 42 
5 7 74 66 70 64 62 72 60 58 56 68 54 52 50 46 13 9 19 17 3 25 29 15 34 2 11 21 24 44 36 33 28 38 40 49 42 
5 7 69 74 66 70 64 62 72 60 58 56 54 52 50 46 14 25 29 9 19 17 31 3 15 34 2 11 21 23 44 48 36 28 38 40 42 
5 7 69 74 66 64 62 72 60 58 56 54 52 50 46 14 25 29 10 3 19 17 31 15 34 71 2 11 21 23 44 48 36 28 38 40 42 
5 7 69 74 66 70 64 62 72 60 58 56 54 52 50 46 14 25 29 10 3 19 31 17 12 15 2 21 23 44 34 48 36 28 38 40 42 
5 7 69 74 66 70 64 62 58 56 54 52 50 46 72 60 16 14 3 25 29 9 19 31 17 12 2 21 23 44 34 48 36 28 38 40 42 
5 7 69 74 66 70 64 62 72 60 58 56 54 52 50 47 14 25 29 9 17 31 20 44 3 15 34 2 11 21 23 48 36 28 38 40 42 
5 7 69 74 66 70 64 62 58 56 54 52 50 47 72 60 16 14 3 25 29 9 31 20 44 17 12 2 21 23 34 48 36 28 38 40 42 
5 7 69 74 66 70 64 62 72 60 58 56 54 52 46 51 14 25 29 9 19 17 31 3 15 34 2 11 21 23 44 48 36 28 38 40 42 
69 74 66 64 62 72 60 58 56 52 46 19 17 31 51 14 25 29 9 54 8 3 5 15 34 71 2 11 21 23 44 48 36 38 28 40 42 
5 7 69 74 66 64 62 72 60 58 56 54 52 46 51 14 25 29 10 3 19 17 31 15 34 71 2 11 21 23 44 48 36 28 38 40 42 
5 7 69 74 66 70 64 62 58 56 54 52 46 72 60 16 51 14 3 25 29 9 19 17 31 34 2 11 21 23 44 48 36 28 38 40 42 
5 7 69 74 66 70 64 62 58 56 54 52 46 72 60 16 51 14 3 25 29 9 19 31 17 12 2 21 23 44 34 48 36 28 38 40 42 
5 7 69 74 66 70 64 62 72 60 58 56 54 52 47 51 14 25 29 9 17 31 20 44 3 15 34 2 11 21 23 48 36 28 38 40 42 
5 7 69 70 64 62 58 56 54 52 50 46 74 66 18 72 60 16 14 3 25 29 9 44 12 2 21 23 20 31 34 48 36 28 38 40 42 
5 7 69 64 62 58 56 54 52 50 46 74 66 18 72 60 16 14 3 25 29 9 44 12 71 2 21 23 20 31 34 48 36 28 38 40 42 
5 7 69 70 64 62 58 56 54 52 46 74 66 18 72 60 16 51 14 3 25 29 9 44 34 2 11 21 23 20 31 48 36 28 38 40 42 
5 7 69 70 64 62 58 56 54 52 46 74 66 18 72 60 16 51 14 3 25 29 9 44 12 2 21 23 20 31 34 48 36 28 38 40 42 
5 7 69 74 66 70 64 62 72 60 58 56 54 52 50 46 14 25 29 9 19 17 31 3 15 34 2 11 21 23 44 36 28 38 40 49 42 
5 7 69 74 66 70 64 62 72 60 58 56 54 52 50 47 14 25 29 9 17 31 20 44 3 15 34 2 11 21 23 36 28 38 40 49 42 
5 7 69 74 66 70 64 62 72 60 58 56 55 52 50 46 13 9 19 17 31 3 25 29 15 34 2 11 21 23 44 48 36 28 38 40 42 
5 7 69 74 66 70 64 62 72 60 58 56 55 52 50 46 13 9 19 31 17 12 3 25 29 15 2 21 23 44 34 48 36 28 38 40 42 
5 7 69 74 66 70 64 62 58 56 55 52 50 46 72 60 16 13 9 19 31 17 12 3 25 29 2 21 23 44 34 48 36 28 38 40 42 
5 7 69 74 66 70 64 62 72 60 58 56 52 50 55 47 13 9 17 31 20 44 3 25 29 15 34 2 11 21 23 48 36 28 38 40 42 
5 7 69 74 66 70 64 62 72 60 58 56 55 52 46 51 13 9 19 17 31 3 25 29 15 34 2 11 21 23 44 48 36 28 38 40 42 
5 7 69 74 66 70 64 62 72 60 58 56 55 52 46 51 13 9 19 31 17 12 3 25 29 15 2 21 23 44 34 48 36 28 38 40 42 
5 7 69 74 66 70 64 62 72 60 58 56 55 52 46 51 13 9 19 17 31 3 25 29 15 2 11 21 23 35 44 48 36 28 38 40 42 
5 7 69 74 66 70 64 72 60 58 56 63 55 52 46 51 13 9 19 17 31 3 25 29 15 34 2 11 21 23 44 48 36 28 38 40 42 
5 7 69 74 66 70 64 62 58 56 55 52 46 72 60 16 51 13 9 19 31 17 12 3 25 29 2 21 23 44 34 48 36 28 38 40 42 
5 7 69 74 66 70 64 62 72 60 58 56 52 55 47 51 13 9 17 31 20 44 3 25 29 15 34 2 11 21 23 48 36 28 38 40 42 
5 7 69 74 66 70 64 62 72 60 58 56 55 50 48 46 13 9 19 17 31 3 25 29 15 34 2 11 21 23 44 52 37 28 38 40 42 
5 7 69 74 66 70 64 62 72 60 58 56 55 48 46 51 13 9 19 17 31 3 25 29 15 34 2 11 21 23 44 52 37 28 38 40 42 
5 7 69 70 64 62 58 56 55 52 50 46 72 60 16 74 66 18 13 9 44 12 3 25 29 2 21 23 20 31 34 48 36 28 38 40 42 
5 7 68 74 66 70 64 62 72 60 58 56 55 52 50 46 13 9 19 17 31 3 25 29 15 34 2 11 21 23 44 36 28 38 40 49 42 
5 7 69 74 66 70 64 62 72 60 58 56 55 52 50 46 13 9 19 17 31 3 25 29 15 34 2 11 21 23 44 36 28 38 40 49 42 
5 7 68 74 66 70 64 62 72 60 58 56 52 50 55 47 13 9 17 31 20 44 3 25 29 15 34 2 11 21 23 36 28 38 40 49 42 
5 7 68 74 66 70 64 62 72 60 58 56 55 52 46 51 13 9 19 17 31 3 25 29 15 34 2 11 21 23 44 36 28 38 40 49 42 
5 7 69 74 66 70 64 62 72 60 58 56 55 52 50 46 14 25 29 9 19 17 31 3 15 34 2 11 21 23 44 48 36 28 38 40 42 
5 7 69 74 66 64 62 72 60 58 56 55 52 50 46 14 25 29 10 3 19 17 31 15 34 71 2 11 21 23 44 48 36 28 38 40 42 
5 7 69 74 66 70 64 62 72 60 58 56 55 52 50 46 14 25 29 10 3 19 31 17 12 15 2 21 23 44 34 48 36 28 38 40 42 
5 7 69 74 66 70 64 62 58 56 55 52 50 46 72 60 16 14 3 25 29 9 19 31 17 12 2 21 23 44 34 48 36 28 38 40 42 
5 7 69 74 66 70 64 62 72 60 58 56 52 50 55 47 14 25 29 9 17 31 20 44 3 15 34 2 11 21 23 48 36 28 38 40 42 
5 7 69 74 66 70 64 62 58 56 52 50 55 47 72 60 16 14 3 25 29 9 31 20 44 17 12 2 21 23 34 48 36 28 38 40 42 
5 7 69 74 66 70 64 62 72 60 58 56 55 52 46 51 14 25 29 9 19 17 31 3 15 34 2 11 21 23 44 48 36 28 38 40 42 
69 74 66 64 62 72 60 58 56 55 52 46 19 17 31 51 14 25 29 9 8 3 5 15 34 71 2 11 21 23 44 48 36 38 28 40 42 
5 7 69 74 66 64 62 72 60 58 56 55 52 46 51 14 25 29 10 3 19 17 31 15 34 71 2 11 21 23 44 48 36 28 38 40 42 
5 7 69 74 66 70 64 62 72 60 58 56 55 52 46 51 14 25 29 9 19 17 31 3 15 2 11 21 23 35 44 48 36 28 38 40 42 
5 7 69 74 66 70 64 62 58 56 55 52 46 72 60 16 51 14 3 25 29 9 19 31 17 12 2 21 23 44 34 48 36 28 38 40 42 
5 7 69 74 66 70 64 62 72 60 58 56 52 55 47 51 14 25 29 9 17 31 20 44 3 15 34 2 11 21 23 48 36 28 38 40 42 
5 7 69 70 64 62 58 56 55 52 50 46 74 66 18 72 60 16 14 3 25 29 9 44 12 2 21 23 20 31 34 48 36 28 38 40 42 
5 7 69 74 66 70 64 62 72 60 58 56 55 52 50 46 14 25 29 9 19 17 31 3 15 34 2 11 21 23 44 36 28 38 40 49 42 
5 7 69 74 66 70 64 62 72 60 58 56 54 52 50 46 9 19 17 31 3 29 15 34 2 11 21 23 13 27 48 36 38 40 42 26 44 
5 7 69 74 66 70 64 62 72 60 58 56 54 52 50 46 29 9 19 17 31 3 15 34 2 11 21 23 14 27 48 36 38 40 42 26 44 
5 7 69 74 66 70 64 62 72 60 58 56 55 52 50 46 9 19 17 31 3 29 15 34 2 11 21 23 13 27 48 36 38 40 42 26 44 
5 7 69 74 66 70 64 62 72 60 58 56 52 50 55 47 9 17 31 20 26 44 3 29 15 34 2 11 21 23 13 27 48 36 38 40 42 
5 7 69 74 66 70 64 62 72 60 58 56 55 52 46 9 19 17 31 3 29 15 34 2 11 21 23 51 13 27 48 36 38 40 42 26 44 
5 7 69 74 66 70 64 62 72 60 58 56 55 52 50 46 29 9 19 17 31 3 15 34 2 11 21 23 14 27 48 36 38 40 42 26 44 
5 7 69 74 66 70 64 62 72 60 58 56 55 52 46 29 9 19 17 31 3 15 34 2 11 21 23 51 14 27 48 36 38 40 42 26 44 
5 7 69 74 66 70 64 62 72 60 58 56 54 52 50 46 13 9 19 17 31 3 29 15 34 2 11 21 23 26 44 48 36 28 38 40 42 
5 7 69 74 66 70 64 62 72 60 58 56 54 52 50 47 13 9 17 31 20 26 44 3 29 15 34 2 11 21 23 48 36 28 38 40 42 
5 7 69 74 66 70 64 62 72 60 58 56 54 52 46 51 13 9 19 17 31 3 29 15 34 2 11 21 23 26 44 48 36 28 38 40 42 
5 7 69 74 66 70 64 62 72 60 58 56 54 52 47 51 13 9 17 31 20 26 44 3 29 15 34 2 11 21 23 48 36 28 38 40 42 
5 7 69 74 66 70 64 62 72 60 58 56 54 52 50 46 14 29 9 19 17 31 3 15 34 2 11 21 23 26 44 48 36 28 38 40 42 
5 7 69 74 66 70 64 62 72 60 58 56 54 52 50 47 14 29 9 17 31 20 26 44 3 15 34 2 11 21 23 48 36 28 38 40 42 
5 7 69 74 66 70 64 62 72 60 58 56 54 52 46 51 14 29 9 19 17 31 3 15 34 2 11 21 23 26 44 48 36 28 38 40 42 
5 7 69 74 66 70 64 62 72 60 58 56 55 52 50 46 13 9 19 17 31 3 29 15 34 2 11 21 23 26 44 48 36 28 38 40 42 
5 7 69 74 66 70 64 62 72 60 58 56 55 52 46 51 13 9 19 17 31 3 29 15 34 2 11 21 23 26 44 48 36 28 38 40 42 
5 7 69 74 66 70 64 62 72 60 58 56 55 52 50 46 14 29 9 19 17 31 3 15 34 2 11 21 23 26 44 48 36 28 38 40 42 
5 7 69 74 66 70 64 62 72 60 58 56 55 52 46 51 14 29 9 19 17 31 3 15 34 2 11 21 23 26 44 48 36 28 38 40 42 
5 7 75 69 66 70 64 62 72 60 58 56 54 52 50 46 9 19 31 17 12 3 25 29 15 2 21 23 13 27 34 48 36 38 40 42 44 
5 7 75 69 66 70 64 62 72 60 58 56 54 52 50 47 9 17 31 20 44 3 25 29 15 34 2 11 21 23 13 27 48 36 38 40 42 
5 7 75 69 66 70 64 62 72 60 58 56 54 52 47 9 17 31 20 44 3 25 29 15 34 2 11 21 23 51 13 27 48 36 38 40 42 
5 7 75 69 66 64 63 72 60 58 56 54 52 50 46 9 19 17 31 3 25 29 15 34 71 39 2 11 21 23 13 27 48 36 40 42 44 
5 7 75 69 66 64 62 58 56 54 52 50 46 72 60 16 9 19 31 17 12 3 25 29 21 23 13 27 34 48 36 71 2 39 40 42 44 
5 7 75 69 66 64 63 72 60 58 56 54 52 46 9 19 17 31 3 25 29 15 34 71 39 2 11 21 23 51 13 27 48 36 40 42 44 
5 7 75 69 66 64 62 58 56 54 52 46 72 60 16 9 19 31 17 12 3 25 29 21 23 51 13 27 34 48 36 71 2 39 40 42 44 
5 7 75 69 66 70 64 62 72 60 58 56 54 52 50 46 25 29 10 3 19 31 17 12 15 2 21 23 14 27 34 48 36 38 40 42 44 
5 7 75 69 66 70 64 62 72 60 58 56 54 52 50 47 25 29 9 17 31 20 44 3 15 34 2 11 21 23 14 27 48 36 38 40 42 
5 7 75 69 66 70 64 62 58 56 54 52 50 47 72 60 16 3 25 29 9 31 20 44 17 12 2 21 23 14 27 34 48 36 38 40 42 
5 7 75 69 66 70 64 62 72 60 58 56 54 52 47 25 29 9 17 31 20 44 3 15 34 2 11 21 23 51 14 27 48 36 38 40 42 
5 7 75 69 66 64 62 58 56 54 52 50 46 72 60 16 3 25 29 9 19 17 31 34 11 21 23 14 27 48 36 71 2 39 40 42 44 
5 7 75 69 66 64 62 58 56 54 52 50 46 72 60 16 3 25 29 9 19 31 17 12 21 23 14 27 34 48 36 71 2 39 40 42 44 
5 7 75 69 70 64 62 58 56 54 52 50 47 66 18 72 60 16 3 25 29 9 44 34 2 11 21 23 14 27 20 31 48 36 38 40 42 
5 7 75 69 66 70 64 62 72 60 58 56 55 52 50 46 9 19 17 31 3 25 29 15 34 2 11 21 23 13 27 48 36 38 40 42 44 
5 7 75 69 66 70 64 62 72 60 58 55 57 52 50 46 9 19 17 31 3 25 29 15 34 2 11 21 23 13 27 48 36 38 40 42 44 
5 7 75 69 66 70 64 62 72 60 58 55 57 52 50 46 9 19 31 17 12 3 25 29 15 2 21 23 13 27 34 48 36 38 40 42 44 
5 7 75 69 66 70 64 62 58 56 55 52 50 46 72 60 16 9 19 31 17 12 3 25 29 2 21 23 13 27 34 48 36 38 40 42 44 
5 7 75 69 66 70 64 62 72 60 58 56 52 50 55 47 9 17 31 20 44 3 25 29 15 34 2 11 21 23 13 27 48 36 38 40 42 
5 7 75 69 66 70 64 62 72 60 58 56 52 50 55 47 9 31 20 44 17 12 3 25 29 15 2 21 23 13 27 34 48 36 38 40 42 
5 7 75 69 66 70 64 62 72 60 58 56 55 52 46 9 19 17 31 3 25 29 15 34 2 11 21 23 51 13 27 48 36 38 40 42 44 
5 7 75 69 66 70 64 62 72 60 58 55 57 52 46 9 19 17 31 3 25 29 15 34 2 11 21 23 51 13 27 48 36 38 40 42 44 
5 7 75 69 66 70 64 62 72 60 58 56 52 55 47 9 17 31 20 44 3 25 29 15 34 2 11 21 23 51 13 27 48 36 38 40 42 
5 7 75 69 66 70 64 62 72 60 58 56 52 55 47 9 31 20 44 17 12 3 25 29 15 2 21 23 51 13 27 34 48 36 38 40 42 
5 7 75 69 66 64 62 58 56 55 52 50 46 72 60 16 9 19 31 17 12 3 25 29 21 23 13 27 34 48 36 71 2 39 40 42 44 
5 7 75 69 66 70 64 62 72 60 58 56 52 50 55 47 9 17 31 20 44 3 25 29 15 34 39 2 11 21 23 13 27 48 36 40 42 
5 7 75 69 70 64 62 58 56 55 52 50 46 72 60 16 66 18 9 44 12 3 25 29 2 21 23 13 27 20 31 34 48 36 38 40 42 
5 7 75 68 66 70 64 62 72 60 58 56 55 52 50 46 9 19 17 31 3 25 29 15 34 2 11 21 23 13 27 36 38 40 49 42 44 
5 7 75 69 66 70 64 62 72 60 58 56 55 52 50 46 9 19 17 31 3 25 29 15 34 2 11 21 23 13 27 36 38 40 49 42 44 
5 7 75 69 66 70 64 62 72 60 58 56 55 52 50 46 25 29 9 19 17 31 3 15 34 2 11 21 23 14 27 48 36 38 40 42 44 
5 7 75 69 66 64 62 72 60 58 56 55 52 50 46 25 29 9 19 17 31 3 15 71 2 11 21 23 14 27 35 44 48 36 38 40 42 
5 7 75 69 66 70 64 62 58 56 55 52 50 46 72 60 16 3 25 29 9 19 31 17 12 2 21 23 14 27 34 48 36 38 40 42 44 
5 7 75 69 66 70 64 62 72 60 58 56 52 50 55 47 25 29 9 17 31 20 44 3 15 34 2 11 21 23 14 27 48 36 38 40 42 
5 7 75 69 66 70 64 62 72 60 58 56 55 52 46 25 29 9 19 17 31 3 15 34 2 11 21 23 51 14 27 48 36 38 40 42 44 
5 7 75 69 66 70 64 62 72 60 58 56 52 55 47 25 29 9 17 31 20 44 3 15 34 2 11 21 23 51 14 27 48 36 38 40 42 
5 7 75 69 66 64 62 58 56 55 52 50 46 72 60 16 3 25 29 9 19 31 17 12 21 23 14 27 34 48 36 71 2 39 40 42 44 
5 7 75 69 66 70 64 62 72 60 58 56 54 52 50 46 13 9 19 17 31 3 25 29 15 34 2 11 21 23 44 48 36 28 38 40 42 
5 7 75 69 66 70 64 62 72 60 58 54 57 52 50 46 13 9 19 17 31 3 25 29 15 34 2 11 21 23 44 48 36 28 38 40 42 
5 7 75 69 66 70 64 62 72 60 58 54 57 52 50 46 13 9 19 31 17 12 3 25 29 15 2 21 23 44 34 48 36 28 38 40 42 
5 7 75 69 66 70 64 62 58 56 54 52 50 46 72 60 16 13 9 19 31 17 12 3 25 29 2 21 23 44 34 48 36 28 38 40 42 
5 7 75 69 66 70 64 62 72 60 58 56 54 52 50 47 13 9 17 31 20 44 3 25 29 15 34 2 11 21 23 48 36 28 38 40 42 
5 7 75 69 66 70 64 62 72 60 58 56 54 52 46 51 13 9 19 17 31 3 25 29 15 34 2 11 21 23 44 48 36 28 38 40 42 
5 7 75 69 66 70 64 62 72 60 58 54 57 52 46 51 13 9 19 17 31 3 25 29 15 34 2 11 21 23 44 48 36 28 38 40 42 
5 7 75 69 66 70 64 62 58 56 54 52 46 72 60 16 51 13 9 19 31 17 12 3 25 29 2 21 23 44 34 48 36 28 38 40 42 
5 7 75 69 66 70 64 62 72 60 58 56 54 52 47 51 13 9 17 31 20 44 3 25 29 15 34 2 11 21 23 48 36 28 38 40 42 
5 7 75 69 66 70 64 62 72 60 58 56 54 52 50 46 14 25 29 9 19 17 31 3 15 34 2 11 21 23 44 48 36 28 38 40 42 
5 7 75 69 66 70 64 62 58 56 54 52 50 46 72 60 16 14 3 25 29 9 19 17 31 34 2 11 21 23 44 48 36 28 38 40 42 
5 7 75 69 66 70 64 62 58 56 54 52 50 46 72 60 16 14 3 25 29 9 19 31 17 12 2 21 23 44 34 48 36 28 38 40 42 
5 7 75 69 66 70 64 62 72 60 58 56 54 52 50 47 14 25 29 9 17 31 20 44 3 15 34 2 11 21 23 48 36 28 38 40 42 
5 7 75 69 66 70 64 62 72 60 58 56 54 52 46 51 14 25 29 9 19 17 31 3 15 34 2 11 21 23 44 48 36 28 38 40 42 
5 7 75 69 66 70 64 62 72 60 58 56 54 52 47 51 14 25 29 9 17 31 20 44 3 15 34 2 11 21 23 48 36 28 38 40 42 
5 7 75 69 66 70 64 62 72 60 58 56 55 52 50 46 13 9 19 17 31 3 25 29 15 34 2 11 21 23 44 48 36 28 38 40 42 
5 7 75 69 66 70 64 62 72 60 58 55 57 52 50 46 13 9 19 17 31 3 25 29 15 34 2 11 21 23 44 48 36 28 38 40 42 
5 7 75 69 66 70 64 62 58 56 55 52 50 46 72 60 16 13 9 19 31 17 12 3 25 29 2 21 23 44 34 48 36 28 38 40 42 
5 7 75 69 66 70 64 62 72 60 58 56 52 50 55 47 13 9 17 31 20 44 3 25 29 15 34 2 11 21 23 48 36 28 38 40 42 
5 7 75 69 66 70 64 62 72 60 58 56 55 52 46 51 13 9 19 17 31 3 25 29 15 34 2 11 21 23 44 48 36 28 38 40 42 
5 7 75 68 66 70 64 62 72 60 58 56 55 52 50 46 13 9 19 17 31 3 25 29 15 34 2 11 21 23 44 36 28 38 40 49 42 
5 7 75 69 66 70 64 62 72 60 58 56 55 52 50 46 14 25 29 9 19 17 31 3 15 34 2 11 21 23 44 48 36 28 38 40 42 
5 7 75 69 66 70 64 62 72 60 58 56 55 52 50 46 14 25 29 9 19 31 3 17 12 15 2 21 23 44 34 48 36 28 38 40 42 
5 7 75 69 66 70 64 62 58 56 55 52 50 46 72 60 16 14 3 25 29 9 19 31 17 12 2 21 23 44 34 48 36 28 38 40 42 
5 7 75 69 66 70 64 62 72 60 58 56 52 50 55 47 14 25 29 9 17 31 20 44 3 15 34 2 11 21 23 48 36 28 38 40 42 
5 7 75 69 66 70 64 62 72 60 58 56 55 52 46 51 14 25 29 9 19 17 31 3 15 34 2 11 21 23 44 48 36 28 38 40 42 
5 7 75 69 66 70 64 62 58 56 55 52 46 72 60 16 51 14 3 25 29 9 19 31 17 12 2 21 23 44 34 48 36 28 38 40 42 
5 7 75 69 66 70 64 62 72 60 58 56 54 52 50 47 9 17 31 20 26 44 3 29 15 34 2 11 21 23 13 27 48 36 38 40 42 
5 7 75 69 66 70 64 62 72 60 58 56 54 52 50 47 29 9 17 31 20 26 44 3 15 34 2 11 21 23 14 27 48 36 38 40 42 
5 7 75 69 66 70 64 62 72 60 58 56 55 52 46 9 19 17 31 3 29 15 34 2 11 21 23 51 13 27 48 36 38 40 42 26 44 
5 7 75 69 66 70 64 62 72 60 58 56 55 52 46 29 9 19 17 31 3 15 34 2 11 21 23 51 14 27 48 36 38 40 42 26 44 
5 7 75 66 70 64 62 72 60 58 56 68 54 52 50 46 13 9 19 17 31 3 29 15 34 2 11 21 23 26 44 48 36 28 38 40 42 
5 7 75 69 66 70 64 62 72 60 58 56 54 52 50 46 13 9 19 17 31 3 29 15 34 2 11 21 23 26 44 48 36 28 38 40 42 
5 7 75 69 66 70 64 62 72 60 58 56 54 52 50 46 14 29 9 19 17 31 3 15 34 2 11 21 23 26 44 48 36 28 38 40 42 
5 7 75 69 66 70 64 62 72 60 58 56 55 52 50 46 13 9 19 17 31 3 29 15 34 2 11 21 23 26 44 48 36 28 38 40 42 
5 7 74 66 70 64 62 72 60 58 56 68 54 52 50 46 9 19 22 17 31 3 25 29 15 11 34 2 23 13 27 48 36 38 40 42 44 
5 7 74 66 64 62 72 60 58 56 68 54 52 50 46 9 19 22 17 31 3 25 29 15 11 34 71 2 23 13 27 48 36 38 40 42 44 
5 7 74 66 70 64 62 58 56 68 54 52 50 46 72 60 16 9 19 22 31 17 12 3 25 29 2 23 13 27 34 48 36 38 40 42 44 
5 7 69 74 66 70 64 62 72 60 58 56 54 52 50 46 9 19 22 17 31 3 25 29 15 11 34 2 23 13 27 48 36 38 40 42 44 
5 7 69 74 66 70 64 62 58 56 54 52 50 46 72 60 16 9 19 22 31 17 12 3 25 29 2 23 13 27 34 48 36 38 40 42 44 
5 7 74 66 70 64 62 72 60 58 56 68 54 52 46 9 19 22 17 31 3 25 29 15 11 34 2 23 51 13 27 48 36 38 40 42 44 
5 7 74 66 64 62 72 60 58 56 68 54 52 46 9 19 22 17 31 3 25 29 15 11 34 71 2 23 51 13 27 48 36 38 40 42 44 
5 7 69 74 66 70 64 62 72 60 58 56 54 52 46 9 19 22 17 31 3 25 29 15 11 34 2 23 51 13 27 48 36 38 40 42 44 
5 7 74 66 70 64 62 72 60 58 56 68 54 52 50 46 9 19 22 17 31 3 25 29 15 11 34 2 13 27 48 36 38 40 42 24 44 
74 66 70 64 62 72 60 58 56 68 54 52 50 46 9 19 22 17 31 7 6 3 25 29 15 11 2 13 27 35 24 44 48 36 38 40 42 
5 7 74 66 70 64 62 58 56 68 54 52 50 46 72 60 16 9 19 22 17 31 3 25 29 11 34 2 13 27 48 36 38 40 42 24 44 
5 7 69 74 66 70 64 62 72 60 58 56 54 52 50 46 9 19 22 17 31 3 25 29 15 11 34 2 13 27 48 36 38 40 42 24 44 
5 7 70 69 74 66 62 72 60 58 56 54 65 52 50 46 9 19 22 17 31 3 25 29 15 11 34 2 13 27 48 36 38 40 42 24 44 
5 7 69 74 66 70 64 62 58 56 54 52 50 46 72 60 16 9 19 22 17 31 3 25 29 11 34 2 13 27 48 36 38 40 42 24 44 
5 7 69 74 66 70 64 62 58 56 54 52 50 46 72 60 16 9 19 22 31 17 12 3 25 29 2 13 27 34 48 36 38 40 42 24 44 
5 7 74 66 70 64 62 72 60 58 56 68 54 52 46 9 19 22 17 31 3 25 29 15 11 34 2 51 13 27 48 36 38 40 42 24 44 
5 7 69 74 66 70 64 62 72 60 58 56 54 52 46 9 19 22 17 31 3 25 29 15 11 34 2 51 13 27 48 36 38 40 42 24 44 
5 7 70 69 74 66 62 72 60 58 56 54 65 52 46 9 19 22 17 31 3 25 29 15 11 34 2 51 13 27 48 36 38 40 42 24 44 
5 7 74 67 70 64 62 60 58 56 68 54 52 50 73 46 43 9 19 22 17 31 3 25 29 15 11 34 2 23 13 27 48 36 38 40 44 
5 7 74 69 67 70 64 62 60 58 56 54 52 50 73 46 9 19 22 17 31 3 25 29 15 11 34 2 23 13 27 48 36 38 40 42 44 
5 7 74 69 67 70 64 62 58 56 54 52 50 73 46 60 16 9 19 22 17 31 3 25 29 11 34 2 23 13 27 48 36 38 40 42 44 
5 7 74 69 67 70 64 62 60 58 56 54 52 73 46 9 19 22 17 31 3 25 29 15 11 34 2 23 51 13 27 48 36 38 40 42 44 
5 7 74 69 67 70 64 62 58 56 54 52 73 46 60 16 9 19 22 17 31 3 25 29 11 34 2 23 51 13 27 48 36 38 40 42 44 
5 7 69 74 66 70 64 62 60 58 56 54 52 50 73 46 9 19 22 17 31 3 25 29 15 11 34 2 13 27 48 36 38 40 42 24 44 
5 7 70 69 74 66 62 60 58 56 54 65 52 50 73 46 9 19 22 17 31 3 25 29 15 11 34 2 13 27 48 36 38 40 42 24 44 
5 7 69 74 66 70 64 62 58 56 54 52 50 73 46 60 16 9 19 22 17 31 3 25 29 11 34 2 13 27 48 36 38 40 42 24 44 
5 7 69 74 66 70 64 62 58 56 54 52 50 73 46 60 16 43 9 19 22 17 31 3 25 29 11 34 2 13 27 48 36 38 40 24 44 
5 7 69 74 66 70 64 62 58 56 54 52 50 73 46 60 16 9 19 22 31 17 12 3 25 29 2 13 27 34 48 36 38 40 42 24 44 
5 7 69 74 66 70 64 62 58 56 54 52 50 73 46 60 16 43 9 19 22 31 17 12 3 25 29 2 13 27 34 48 36 38 40 24 44 
5 7 69 74 66 70 64 62 60 58 56 54 52 73 46 9 19 22 17 31 3 25 29 15 11 34 2 51 13 27 48 36 38 40 42 24 44 
5 7 69 74 66 70 64 60 58 56 54 62 53 73 46 9 19 22 17 31 3 25 29 15 11 34 2 51 13 27 48 36 38 40 42 24 44 
5 7 70 69 74 66 62 60 58 56 54 65 52 73 46 9 19 22 17 31 3 25 29 15 11 34 2 51 13 27 48 36 38 40 42 24 44 
5 7 74 66 70 64 62 72 60 58 56 68 54 52 50 46 9 19 22 17 32 3 25 29 15 11 34 2 13 27 48 36 38 40 42 24 44 
5 7 74 66 70 64 62 72 60 58 56 68 54 52 50 46 9 19 22 17 3 25 29 15 11 34 2 13 27 48 36 33 38 40 42 24 44 
5 7 74 66 70 64 62 58 56 68 54 52 50 46 72 60 16 43 9 19 22 17 3 25 29 11 34 2 13 27 48 36 33 38 40 24 44 
5 7 69 74 66 70 64 62 72 60 58 56 54 52 50 46 9 19 22 17 3 25 29 15 11 34 2 13 27 48 36 33 38 40 42 24 44 
5 7 70 69 74 66 62 72 60 58 56 54 65 52 50 46 9 19 22 17 3 25 29 15 11 34 2 13 27 48 36 33 38 40 42 24 44 
5 7 69 74 66 70 64 62 58 56 54 52 50 46 72 60 16 9 19 22 17 32 3 25 29 11 34 2 13 27 48 36 38 40 42 24 44 
5 7 69 74 66 70 64 62 58 56 54 52 50 46 72 60 16 9 19 22 17 3 25 29 11 34 2 13 27 48 36 33 38 40 42 24 44 
5 7 69 74 66 70 64 62 58 56 54 52 50 46 72 60 16 9 19 22 17 32 12 3 25 29 2 13 27 34 48 36 38 40 42 24 44 
5 7 74 66 70 64 62 72 60 58 56 68 54 52 46 9 19 22 17 32 3 25 29 15 11 34 2 51 13 27 48 36 38 40 42 24 44 
5 7 74 66 70 64 62 72 60 58 56 68 54 52 46 9 19 22 17 3 25 29 15 11 34 2 51 13 27 48 36 33 38 40 42 24 44 
5 7 69 74 66 70 64 62 72 60 58 56 54 52 46 9 19 22 17 3 25 29 15 11 34 2 51 13 27 48 36 33 38 40 42 24 44 
5 7 69 74 66 70 64 62 60 58 56 54 52 50 73 46 9 19 22 17 3 25 29 15 11 34 2 13 27 48 36 33 38 40 42 24 44 
5 7 69 74 66 70 64 62 58 56 54 52 50 73 46 60 16 9 19 22 17 32 3 25 29 11 34 2 13 27 48 36 38 40 42 24 44 
5 7 69 74 66 70 64 62 58 56 54 52 50 73 46 60 16 9 19 22 17 32 12 3 25 29 2 13 27 34 48 36 38 40 42 24 44 
5 7 69 74 66 70 64 62 60 58 56 54 52 73 46 9 19 22 17 3 25 29 15 11 34 2 51 13 27 48 36 33 38 40 42 24 44 
74 66 64 62 72 60 58 56 68 54 52 50 46 9 19 22 17 31 7 6 3 25 29 15 11 34 71 39 2 23 13 27 48 36 40 42 44 
69 74 66 70 64 62 72 60 58 56 54 52 50 46 9 19 22 17 31 7 6 3 25 29 15 11 34 39 2 23 13 27 48 36 40 42 44 
69 74 66 64 62 72 60 58 56 54 52 50 46 9 19 22 17 31 7 6 3 25 29 15 11 34 71 39 2 23 13 27 48 36 40 42 44 
69 74 66 64 62 72 60 58 56 54 52 46 9 19 22 17 31 7 6 3 25 29 15 11 34 71 39 2 23 51 13 27 48 36 40 42 44 
74 66 70 64 62 72 60 58 56 68 54 52 50 46 9 19 22 17 31 7 6 3 25 29 15 11 34 39 2 13 27 48 36 40 42 24 44 
74 66 64 62 72 60 58 56 68 54 52 50 46 9 19 22 17 31 7 6 3 25 29 15 11 34 71 39 2 13 27 48 36 40 42 24 44 
74 66 70 64 62 72 60 58 56 68 54 52 46 9 19 22 17 31 7 6 3 25 29 15 11 34 39 2 51 13 27 48 36 40 42 24 44 
74 66 64 62 72 60 58 56 68 54 52 46 9 19 22 17 31 7 6 3 25 29 15 11 34 71 39 2 51 13 27 48 36 40 42 24 44 
5 7 69 74 66 70 64 62 72 60 58 56 54 50 48 46 9 19 22 17 3 25 29 15 11 34 2 52 37 13 27 33 38 40 42 24 44 
5 7 64 62 58 56 68 54 52 50 46 72 60 16 74 66 18 22 9 44 3 25 29 11 34 71 2 23 13 27 20 31 48 36 38 40 42 
5 7 70 64 62 58 56 68 54 52 50 46 72 60 16 74 66 18 22 9 44 12 3 25 29 2 23 13 27 20 31 34 48 36 38 40 42 
5 7 64 62 58 56 68 54 52 50 46 72 60 16 74 66 18 22 9 44 12 3 25 29 71 2 23 13 27 20 31 34 48 36 38 40 42 
5 7 64 62 58 56 68 54 52 50 72 60 16 74 66 18 47 22 9 44 3 25 29 11 34 71 2 23 13 27 20 31 48 36 38 40 42 
5 7 69 64 62 58 56 54 52 50 46 72 60 16 74 66 18 22 9 44 3 25 29 11 34 71 2 23 13 27 20 31 48 36 38 40 42 
5 7 69 70 64 62 58 56 54 52 50 46 72 60 16 74 66 18 22 9 44 12 3 25 29 2 23 13 27 20 31 34 48 36 38 40 42 
5 7 69 64 62 58 56 54 52 50 46 72 60 16 74 66 18 22 9 44 12 3 25 29 71 2 23 13 27 20 31 34 48 36 38 40 42 
5 7 69 70 64 62 58 56 54 52 50 46 72 60 16 74 66 18 22 9 3 25 29 11 34 2 44 24 13 27 20 31 48 36 38 40 42 
5 7 69 70 64 62 58 56 54 52 50 46 72 60 16 74 66 18 22 9 12 44 24 3 25 29 2 13 27 20 31 34 48 36 38 40 42 
5 7 69 70 64 62 58 56 54 52 50 73 46 60 16 74 66 18 22 9 3 25 29 11 34 2 44 24 13 27 20 31 48 36 38 40 42 
5 7 69 70 64 62 58 56 54 52 50 46 72 60 16 74 66 18 22 9 20 3 25 29 11 34 2 44 24 13 27 32 48 36 38 40 42 
5 7 64 62 58 56 68 54 52 50 46 72 60 16 74 66 18 22 9 44 12 3 25 29 23 13 27 20 31 34 48 36 71 2 39 40 42 
5 7 69 70 64 62 58 56 54 52 50 46 72 60 16 74 66 18 22 9 3 25 29 11 34 44 24 13 27 20 31 48 36 2 39 40 42 
5 7 74 66 70 64 62 72 60 58 56 68 54 50 46 9 19 22 17 31 3 25 29 15 11 34 2 23 13 27 52 37 38 40 49 42 44 
5 7 69 74 66 70 64 62 72 60 58 56 54 50 46 9 19 22 17 31 3 25 29 15 11 34 2 23 13 27 52 37 38 40 49 42 44 
5 7 74 66 70 64 62 72 60 58 56 68 54 46 9 19 22 17 31 3 25 29 15 11 34 2 23 51 13 27 52 37 38 40 49 42 44 
5 7 74 66 70 64 62 72 60 58 56 68 54 52 50 46 25 29 9 19 22 17 31 3 15 11 34 2 23 14 27 48 36 38 40 42 44 
5 7 74 66 64 62 72 60 58 56 68 54 52 50 46 25 29 9 19 22 17 31 3 15 11 34 71 2 23 14 27 48 36 38 40 42 44 
5 7 74 66 70 64 62 58 56 68 54 52 50 46 72 60 16 3 25 29 9 19 22 17 31 11 34 2 23 14 27 48 36 38 40 42 44 
5 7 74 66 70 64 62 58 56 68 54 52 50 46 72 60 16 3 25 29 9 19 22 31 17 12 2 23 14 27 34 48 36 38 40 42 44 
5 7 69 74 66 70 64 62 72 60 58 56 54 52 50 46 25 29 9 19 22 17 31 3 15 11 34 2 23 14 27 48 36 38 40 42 44 
5 7 69 74 66 70 64 62 58 56 54 52 50 46 72 60 16 3 25 29 9 19 22 17 31 11 34 2 23 14 27 48 36 38 40 42 44 
5 7 69 74 66 70 64 62 58 56 54 52 50 46 72 60 16 3 25 29 9 19 22 31 17 12 2 23 14 27 34 48 36 38 40 42 44 
5 7 74 66 70 64 62 72 60 58 56 68 54 52 46 25 29 9 19 22 17 31 3 15 11 34 2 23 51 14 27 48 36 38 40 42 44 
5 7 74 66 70 64 62 72 60 58 56 68 54 52 46 25 29 10 3 19 22 17 31 15 11 34 2 23 51 14 27 48 36 38 40 42 44 
74 66 70 64 62 58 56 52 46 19 22 17 31 72 60 16 5 3 25 29 9 68 54 8 11 34 2 23 51 14 27 48 36 38 40 42 44 
5 7 74 66 70 64 62 58 56 68 54 52 46 72 60 16 3 25 29 9 19 22 31 17 12 2 23 51 14 27 34 48 36 38 40 42 44 
74 66 70 64 62 58 56 52 46 19 22 31 72 60 16 5 3 25 29 9 68 54 8 17 12 2 23 51 14 27 34 48 36 38 40 42 44 
5 7 69 74 66 70 64 62 72 60 58 56 54 52 46 25 29 9 19 22 17 31 3 15 11 34 2 23 51 14 27 48 36 38 40 42 44 
5 7 74 66 70 64 62 72 60 58 56 68 54 52 50 46 25 29 9 19 22 17 31 3 15 11 34 2 14 27 48 36 38 40 42 24 44 
5 7 70 69 74 66 62 72 60 58 56 54 65 52 50 46 25 29 9 19 22 17 31 3 15 11 34 2 14 27 48 36 38 40 42 24 44 
5 7 69 74 66 70 64 62 58 56 54 52 50 46 72 60 16 3 25 29 9 19 22 17 31 11 34 2 14 27 48 36 38 40 42 24 44 
5 7 69 74 66 70 64 62 58 56 54 52 50 46 72 60 16 3 25 29 9 19 22 31 17 12 2 14 27 34 48 36 38 40 42 24 44 
5 7 74 66 70 64 62 72 60 58 56 68 54 52 46 25 29 9 19 22 17 31 3 15 11 34 2 51 14 27 48 36 38 40 42 24 44 
74 66 70 64 62 58 56 52 46 19 22 17 31 72 60 16 5 3 25 29 9 68 54 8 11 34 2 51 14 27 48 36 38 40 42 24 44 
5 7 70 69 74 66 62 72 60 58 56 54 65 52 46 25 29 9 19 22 17 31 3 15 11 34 2 51 14 27 48 36 38 40 42 24 44 
5 7 69 74 66 70 64 62 58 56 54 52 46 72 60 16 3 25 29 9 19 22 17 31 11 34 2 51 14 27 48 36 38 40 42 24 44 
5 7 69 74 66 70 64 62 58 56 54 52 46 72 60 16 3 25 29 9 19 22 31 17 12 2 51 14 27 34 48 36 38 40 42 24 44 
5 7 70 69 74 66 62 60 58 56 54 65 52 50 73 46 25 29 9 19 22 17 31 3 15 11 34 2 14 27 48 36 38 40 42 24 44 
5 7 69 74 66 70 64 62 58 56 54 52 50 73 46 60 16 3 25 29 9 19 22 17 31 11 34 2 14 27 48 36 38 40 42 24 44 
5 7 69 74 66 70 64 62 58 56 54 52 50 73 46 60 16 3 25 29 9 19 22 17 31 11 34 2 14 27 48 36 38 40 43 24 44 
5 7 69 74 66 70 64 62 58 56 54 52 50 73 46 60 16 3 25 29 9 19 22 31 17 12 2 14 27 34 48 36 38 40 42 24 44 
5 7 70 69 74 66 62 60 58 56 54 65 52 73 46 25 29 9 19 22 17 31 3 15 11 34 2 51 14 27 48 36 38 40 42 24 44 
5 7 74 66 70 64 62 72 60 58 56 68 54 52 50 46 25 29 9 19 22 17 32 3 15 11 34 2 14 27 48 36 38 40 42 24 44 
5 7 74 66 70 64 62 72 60 58 56 68 54 52 50 46 25 29 9 19 22 17 3 15 11 34 2 14 27 48 36 33 38 40 42 24 44 
5 7 74 66 70 64 62 58 56 68 54 52 50 46 72 60 16 3 25 29 9 19 22 17 32 11 34 2 14 27 48 36 38 40 43 24 44 
5 7 69 74 66 70 64 62 58 56 54 52 50 46 72 60 16 3 25 29 9 19 22 17 32 11 34 2 14 27 48 36 38 40 42 24 44 
5 7 69 74 66 70 64 62 58 56 54 52 50 46 72 60 16 3 25 29 9 19 22 17 32 12 2 14 27 34 48 36 38 40 42 24 44 
5 7 74 66 70 64 62 72 60 58 56 68 54 52 46 25 29 9 19 22 17 32 3 15 11 34 2 51 14 27 48 36 38 40 42 24 44 
5 7 74 66 70 64 62 72 60 58 56 68 54 52 46 25 29 9 19 22 17 3 15 11 34 2 51 14 27 48 36 33 38 40 42 24 44 
5 7 74 66 70 64 62 58 56 68 54 52 46 72 60 16 3 25 29 9 19 22 17 32 11 34 2 51 14 27 48 36 38 40 43 24 44 
5 7 69 74 66 70 64 62 58 56 54 52 50 73 46 60 16 3 25 29 9 19 22 17 32 11 34 2 14 27 48 36 38 40 42 24 44 
5 7 69 74 66 70 64 62 58 56 54 52 50 73 46 60 16 3 25 29 9 19 22 17 32 12 2 14 27 34 48 36 38 40 42 24 44 
74 66 64 62 72 60 58 56 68 54 52 50 46 3 25 29 9 19 22 17 31 7 6 15 11 34 71 39 2 23 14 27 48 36 40 42 44 
69 74 66 70 64 62 72 60 58 56 54 52 50 46 3 25 29 9 19 22 17 31 7 6 15 11 34 39 2 23 14 27 48 36 40 42 44 
69 74 66 64 62 72 60 58 56 54 52 50 46 3 25 29 9 19 22 17 31 7 6 15 11 34 71 39 2 23 14 27 48 36 40 42 44 
74 66 64 62 72 60 58 56 68 54 52 46 3 25 29 9 19 22 17 31 7 6 15 11 34 71 39 2 23 51 14 27 48 36 40 42 44 
74 66 70 64 62 72 60 58 56 68 54 52 50 46 3 25 29 9 19 22 17 31 7 6 15 11 34 39 2 14 27 48 36 40 42 24 44 
74 66 64 62 72 60 58 56 68 54 52 50 46 3 25 29 9 19 22 17 31 7 6 15 11 34 71 39 2 14 27 48 36 40 42 24 44 
74 66 70 64 62 72 60 58 56 68 54 52 46 3 25 29 9 19 22 17 31 7 6 15 11 34 39 2 51 14 27 48 36 40 42 24 44 
5 7 69 74 66 70 64 62 58 56 54 52 50 46 72 60 16 3 25 29 9 19 22 17 32 11 34 14 27 48 36 2 39 40 42 24 44 
5 7 70 64 62 72 60 58 56 68 54 52 50 46 74 66 18 22 25 29 9 44 3 15 11 34 2 23 14 27 20 31 48 36 38 40 42 
5 7 70 64 62 72 60 58 56 68 54 52 50 46 74 66 18 22 25 29 9 44 3 12 15 2 23 14 27 20 31 34 48 36 38 40 42 
5 7 70 64 62 58 56 68 54 52 50 46 74 66 18 22 72 60 16 3 25 29 9 44 11 34 2 23 14 27 20 31 48 36 38 40 42 
5 7 70 64 62 58 56 68 54 52 50 46 74 66 18 22 72 60 16 3 25 29 9 44 12 2 23 14 27 20 31 34 48 36 38 40 42 
5 7 69 70 64 62 72 60 58 56 54 52 50 46 74 66 18 22 25 29 9 44 3 15 11 34 2 23 14 27 20 31 48 36 38 40 42 
5 7 69 70 64 62 58 56 54 52 50 46 74 66 18 22 72 60 16 3 25 29 9 44 11 34 2 23 14 27 20 31 48 36 38 40 42 
5 7 69 70 64 62 58 56 54 52 50 46 74 66 18 22 72 60 16 3 25 29 9 44 12 2 23 14 27 20 31 34 48 36 38 40 42 
5 7 70 64 62 72 60 58 56 68 54 52 50 46 74 66 18 22 25 29 9 3 15 11 34 2 44 24 14 27 20 31 48 36 38 40 42 
5 7 70 64 62 72 60 58 56 68 54 52 50 46 74 66 18 22 25 29 9 3 15 11 34 2 44 24 14 27 20 31 48 36 38 40 43 
5 7 70 64 62 72 60 58 56 68 54 52 50 46 74 66 18 22 25 29 9 3 12 44 24 15 2 14 27 20 31 34 48 36 38 40 42 
5 7 69 70 64 62 72 60 58 56 54 52 50 46 74 66 18 22 25 29 9 3 15 11 34 2 44 24 14 27 20 31 48 36 38 40 42 
5 7 69 70 64 62 72 60 58 56 54 52 50 46 74 66 18 22 25 29 9 3 15 11 34 2 44 24 14 27 20 31 48 36 38 40 43 
5 7 69 70 64 62 58 56 54 52 50 46 74 66 18 22 72 60 16 3 25 29 9 11 34 2 44 24 14 27 20 31 48 36 38 40 42 
5 7 70 64 62 60 58 56 68 54 52 50 73 46 74 66 18 22 25 29 9 3 15 11 34 2 44 24 14 27 20 31 48 36 38 40 42 
5 7 69 70 64 62 60 58 56 54 52 50 73 46 74 66 18 22 25 29 9 3 15 11 34 2 44 24 14 27 20 31 48 36 38 40 42 
5 7 69 70 64 62 58 56 54 52 50 73 46 74 66 18 22 60 16 3 25 29 9 11 34 2 44 24 14 27 20 31 48 36 38 40 42 
5 7 70 64 62 72 60 58 56 68 54 52 50 46 74 66 18 22 25 29 9 20 3 15 11 34 2 44 24 14 27 32 48 36 38 40 42 
5 7 70 64 62 72 60 58 56 68 54 52 50 46 74 66 18 22 25 29 9 20 3 15 11 34 2 44 24 14 27 48 36 33 38 40 42 
5 7 70 64 62 72 60 58 56 68 54 52 50 46 74 66 18 22 25 29 9 20 3 12 44 24 15 2 14 27 34 48 36 33 38 40 42 
5 7 69 70 64 62 72 60 58 56 54 52 50 46 74 66 18 22 25 29 9 20 3 15 11 34 2 44 24 14 27 32 48 36 38 40 42 
5 7 69 70 64 62 72 60 58 56 54 52 50 46 74 66 18 22 25 29 9 20 3 15 11 34 2 44 24 14 27 48 36 33 38 40 42 
5 7 69 70 64 62 58 56 54 52 50 46 74 66 18 22 72 60 16 3 25 29 9 20 11 34 2 44 24 14 27 32 48 36 38 40 42 
5 7 70 64 62 60 58 56 68 54 52 50 73 46 74 66 18 22 25 29 9 20 3 15 11 34 2 44 24 14 27 32 48 36 38 40 42 
5 7 70 64 62 72 60 58 56 68 54 52 50 46 74 66 18 22 25 29 9 44 3 15 11 34 39 2 23 14 27 20 31 48 36 40 42 
5 7 64 62 72 60 58 56 68 54 52 50 46 74 66 18 22 25 29 9 44 3 15 11 34 71 39 2 23 14 27 20 31 48 36 40 42 
5 7 70 64 62 72 60 58 56 68 54 52 50 46 74 66 18 22 25 29 9 44 3 12 15 39 2 23 14 27 20 31 34 48 36 40 42 
5 7 64 62 72 60 58 56 68 54 52 50 46 74 66 18 22 25 29 9 44 3 12 15 71 39 2 23 14 27 20 31 34 48 36 40 42 
5 7 64 62 72 60 58 56 68 54 52 50 46 74 66 18 22 25 29 9 3 12 44 24 15 71 39 2 14 27 20 31 34 48 36 40 42 
5 7 68 74 66 70 64 62 72 60 58 56 52 50 46 9 19 55 22 17 31 3 25 29 15 11 34 2 23 13 27 48 36 38 40 42 44 
5 7 68 74 66 64 62 72 60 58 56 52 50 46 9 19 55 22 17 31 3 25 29 15 11 34 71 2 23 13 27 48 36 38 40 42 44 
5 7 68 74 66 70 64 62 72 60 58 56 52 46 9 19 55 22 17 31 3 25 29 15 11 34 2 23 51 13 27 48 36 38 40 42 44 
5 7 68 74 66 64 62 72 60 58 56 52 46 9 19 55 22 17 31 3 25 29 15 11 34 71 2 23 51 13 27 48 36 38 40 42 44 
69 74 66 70 64 62 72 60 58 56 52 50 46 9 19 55 22 17 31 7 6 3 25 29 15 11 34 39 2 23 13 27 48 36 40 42 44 
69 74 66 64 62 72 60 58 56 52 50 46 9 19 55 22 17 31 7 6 3 25 29 15 11 34 71 39 2 23 13 27 48 36 40 42 44 
5 7 68 64 62 58 56 52 50 46 72 60 16 74 66 18 55 22 9 44 12 3 25 29 71 2 23 13 27 20 31 34 48 36 38 40 42 
5 7 69 64 62 58 56 52 50 46 72 60 16 74 66 18 55 22 9 44 3 25 29 11 34 71 2 23 13 27 20 31 48 36 38 40 42 
5 7 68 74 66 70 64 62 72 60 58 56 52 50 46 25 29 9 19 55 22 17 31 3 15 11 34 2 23 14 27 48 36 38 40 42 44 
5 7 68 74 66 64 62 72 60 58 56 52 50 46 25 29 9 19 55 22 17 31 3 15 11 34 71 2 23 14 27 48 36 38 40 42 44 
5 7 68 74 66 70 64 62 72 60 58 56 52 46 25 29 9 19 55 22 17 31 3 15 11 34 2 23 51 14 27 48 36 38 40 42 44 
5 7 68 74 66 64 62 72 60 58 56 52 46 25 29 9 19 55 22 17 31 3 15 11 34 71 2 23 51 14 27 48 36 38 40 42 44 
74 66 70 64 62 58 56 52 46 19 55 22 17 31 72 60 16 5 3 25 29 9 68 8 11 34 2 23 51 14 27 48 36 38 40 42 44 
69 74 66 70 64 62 72 60 58 56 52 46 3 25 29 9 19 55 22 17 31 7 6 15 11 34 39 2 23 51 14 27 48 36 40 42 44 
5 7 68 70 64 62 72 60 58 56 52 50 46 74 66 18 55 22 25 29 9 44 3 15 11 34 2 23 14 27 20 31 48 36 38 40 42 
5 7 68 70 64 62 72 60 58 56 52 50 46 74 66 18 55 22 25 29 9 44 3 12 15 2 23 14 27 20 31 34 48 36 38 40 42 
5 7 69 70 64 62 72 60 58 56 52 50 46 74 66 18 55 22 25 29 9 44 3 15 11 34 2 23 14 27 20 31 48 36 38 40 42 
5 7 69 70 64 62 72 60 58 56 52 50 46 74 66 18 55 22 25 29 9 44 3 12 15 2 23 14 27 20 31 34 48 36 38 40 42 
5 7 68 70 64 62 72 60 58 56 52 50 46 74 66 18 55 22 25 29 9 44 3 15 11 34 39 2 23 14 27 20 31 48 36 40 42 
5 7 68 64 62 72 60 58 56 52 50 46 74 66 18 55 22 25 29 9 44 3 15 11 34 71 39 2 23 14 27 20 31 48 36 40 42 
5 7 68 70 64 62 72 60 58 56 52 50 46 74 66 18 55 22 25 29 9 44 3 12 15 39 2 23 14 27 20 31 34 48 36 40 42 
5 7 69 64 62 72 60 58 56 52 50 46 74 66 18 55 22 25 29 9 44 3 15 11 34 71 39 2 23 14 27 20 31 48 36 40 42 
5 7 74 66 70 64 62 72 60 58 56 68 54 52 50 46 13 9 19 22 17 31 3 25 29 15 11 34 2 23 44 48 36 28 38 40 42 
5 7 74 66 70 64 62 58 56 68 54 52 50 46 72 60 16 13 9 19 22 31 17 12 3 25 29 2 23 44 34 48 36 28 38 40 42 
5 7 69 74 66 70 64 62 72 60 58 56 54 52 50 46 13 9 19 22 17 31 3 25 29 15 11 34 2 23 44 48 36 28 38 40 42 
5 7 69 74 66 70 64 62 58 56 54 52 50 46 72 60 16 13 9 19 22 31 17 12 3 25 29 2 23 44 34 48 36 28 38 40 42 
5 7 74 66 70 64 62 72 60 58 56 68 54 52 46 51 13 9 19 22 17 31 3 25 29 15 11 34 2 23 44 48 36 28 38 40 42 
5 7 69 74 66 70 64 62 72 60 58 56 54 52 46 51 13 9 19 22 17 31 3 25 29 15 11 34 2 23 44 48 36 28 38 40 42 
5 7 74 66 70 64 62 72 60 58 56 68 54 52 50 46 13 9 19 22 17 31 3 25 29 15 11 34 2 24 44 48 36 28 38 40 42 
5 7 74 66 70 64 62 72 60 58 56 68 54 52 50 46 13 10 19 22 31 17 12 3 25 29 15 2 24 44 34 48 36 28 38 40 42 
5 7 74 66 70 64 62 58 56 68 54 52 50 46 72 60 16 13 9 19 22 17 31 3 25 29 11 34 2 24 44 48 36 28 38 40 42 
5 7 74 66 70 64 62 58 56 68 54 52 50 46 72 60 16 13 9 19 22 31 17 12 3 25 29 2 24 44 34 48 36 28 38 40 42 
5 7 69 74 66 70 64 62 72 60 58 56 54 52 50 46 13 9 19 22 17 31 3 25 29 15 11 34 2 24 44 48 36 28 38 40 42 
5 7 69 74 66 70 64 62 58 56 54 52 50 46 72 60 16 13 9 19 22 17 31 3 25 29 11 34 2 24 44 48 36 28 38 40 42 
5 7 69 74 66 70 64 62 58 56 54 52 50 46 72 60 16 13 9 19 22 31 17 12 3 25 29 2 24 44 34 48 36 28 38 40 42 
5 7 74 66 70 64 62 72 60 58 56 68 54 52 46 51 13 9 19 22 17 31 3 25 29 15 11 34 2 24 44 48 36 28 38 40 42 
5 7 69 74 66 70 64 62 72 60 58 56 54 52 46 51 13 9 19 22 17 31 3 25 29 15 11 34 2 24 44 48 36 28 38 40 42 
5 7 74 69 67 70 64 62 60 58 56 54 52 50 73 46 13 9 19 22 17 31 3 25 29 15 11 34 2 23 44 48 36 28 38 40 42 
5 7 69 74 66 70 64 62 60 58 56 54 52 50 73 46 13 9 19 22 17 31 3 25 29 15 11 34 2 24 44 48 36 28 38 40 42 
5 7 69 74 66 70 64 62 58 56 54 52 50 73 46 60 16 13 9 19 22 17 31 3 25 29 11 34 2 24 44 48 36 28 38 40 42 
5 7 69 74 66 70 64 62 58 56 54 52 50 73 46 60 16 13 9 19 22 31 17 12 3 25 29 2 24 44 34 48 36 28 38 40 42 
5 7 69 74 66 70 64 62 60 58 56 54 52 73 46 51 13 9 19 22 17 31 3 25 29 15 11 34 2 24 44 48 36 28 38 40 42 
5 7 74 66 70 64 62 72 60 58 56 68 54 52 50 46 13 9 19 22 17 3 25 29 15 11 34 2 24 44 48 36 33 28 38 40 42 
5 7 74 66 70 64 62 58 56 68 54 52 50 46 72 60 16 13 9 19 22 17 12 3 25 29 2 24 44 34 48 36 33 28 38 40 42 
5 7 69 74 66 70 64 62 72 60 58 56 54 52 50 46 13 9 19 22 17 3 25 29 15 11 34 2 24 44 48 36 33 28 38 40 42 
5 7 69 74 66 70 64 62 58 56 54 52 50 46 72 60 16 13 9 19 22 17 3 25 29 11 34 2 24 44 48 36 33 28 38 40 42 
5 7 74 66 70 64 62 72 60 58 56 68 54 52 46 51 13 9 19 22 17 3 25 29 15 11 34 2 24 44 48 36 33 28 38 40 42 
5 7 69 74 66 70 64 62 72 60 58 56 54 52 46 51 13 9 19 22 17 3 25 29 15 11 34 2 24 44 48 36 33 28 38 40 42 
5 7 69 74 66 70 64 62 60 58 56 54 52 50 73 46 13 9 19 22 17 3 25 29 15 11 34 2 24 44 48 36 33 28 38 40 42 
5 7 74 66 70 64 62 72 60 58 56 68 54 50 48 46 13 9 19 22 17 31 3 25 29 15 11 34 2 52 37 24 44 28 38 40 42 
5 7 69 74 66 70 64 62 72 60 58 56 54 50 48 46 13 9 19 22 17 31 3 25 29 15 11 34 2 52 37 24 44 28 38 40 42 
5 7 64 62 58 56 68 54 52 50 46 72 60 16 74 66 18 22 13 9 44 3 25 29 11 34 71 2 23 20 31 48 36 28 38 40 42 
5 7 70 64 62 58 56 68 54 52 50 46 72 60 16 74 66 18 22 13 9 44 12 3 25 29 2 23 20 31 34 48 36 28 38 40 42 
5 7 64 62 58 56 68 54 52 50 46 72 60 16 74 66 18 22 13 9 44 12 3 25 29 71 2 23 20 31 34 48 36 28 38 40 42 
5 7 69 70 64 62 58 56 54 52 50 46 72 60 16 74 66 18 22 13 9 44 12 3 25 29 2 23 20 31 34 48 36 28 38 40 42 
5 7 70 64 62 58 56 68 54 52 50 46 72 60 16 74 66 18 22 13 9 12 44 24 3 25 29 2 20 31 34 48 36 28 38 40 42 
5 7 69 70 64 62 58 56 54 52 50 46 72 60 16 74 66 18 22 13 9 3 25 29 11 34 2 44 24 20 31 48 36 28 38 40 42 
5 7 69 70 64 62 58 56 54 52 50 46 72 60 16 74 66 18 22 13 9 12 44 24 3 25 29 2 20 31 34 48 36 28 38 40 42 
5 7 74 66 70 64 62 72 60 58 56 68 54 52 50 46 13 9 19 22 17 31 3 25 29 15 11 34 2 23 44 36 28 38 40 49 42 
5 7 74 66 70 64 62 72 60 58 56 68 54 52 50 46 13 9 19 22 17 31 3 25 29 15 11 34 2 24 44 36 28 38 40 49 42 
5 7 74 66 70 64 62 72 60 58 56 68 54 52 50 46 14 25 29 9 19 22 17 31 3 15 11 34 2 23 44 48 36 28 38 40 42 
5 7 74 66 70 64 62 58 56 68 54 52 50 46 72 60 16 14 3 25 29 9 19 22 17 31 11 34 2 23 44 48 36 28 38 40 42 
5 7 74 66 70 64 62 58 56 68 54 52 50 46 72 60 16 14 3 25 29 9 19 22 31 17 12 2 23 44 34 48 36 28 38 40 42 
5 7 69 74 66 70 64 62 72 60 58 56 54 52 50 46 14 25 29 9 19 22 17 31 3 15 11 34 2 23 44 48 36 28 38 40 42 
5 7 69 74 66 70 64 62 58 56 54 52 50 46 72 60 16 14 3 25 29 9 19 22 31 17 12 2 23 44 34 48 36 28 38 40 42 
5 7 74 66 70 64 62 72 60 58 56 68 54 52 46 51 14 25 29 9 19 22 17 31 3 15 11 34 2 23 44 48 36 28 38 40 42 
5 7 74 66 70 64 62 72 60 58 56 68 54 52 46 51 14 25 29 10 3 19 22 17 31 15 11 34 2 23 44 48 36 28 38 40 42 
5 7 74 66 70 64 62 58 56 68 54 52 46 72 60 16 51 14 3 25 29 9 19 22 31 17 12 2 23 44 34 48 36 28 38 40 42 
5 7 69 74 66 70 64 62 72 60 58 56 54 52 46 51 14 25 29 9 19 22 17 31 3 15 11 34 2 23 44 48 36 28 38 40 42 
5 7 74 66 70 64 62 72 60 58 56 68 54 52 50 46 14 25 29 9 19 22 17 31 3 15 11 34 2 24 44 48 36 28 38 40 42 
5 7 74 66 70 64 62 58 56 68 54 52 50 46 72 60 16 14 3 25 29 9 19 22 17 31 11 34 2 24 44 48 36 28 38 40 42 
5 7 74 66 70 64 62 58 56 68 54 52 50 46 72 60 16 14 3 25 29 9 19 22 31 17 12 2 24 44 34 48 36 28 38 40 42 
5 7 69 74 66 70 64 62 72 60 58 56 54 52 50 46 14 25 29 9 19 22 17 31 3 15 11 34 2 24 44 48 36 28 38 40 42 
5 7 69 74 66 70 64 62 58 56 54 52 50 46 72 60 16 14 3 25 29 9 19 22 17 31 11 34 2 24 44 48 36 28 38 40 42 
5 7 69 74 66 70 64 62 58 56 54 52 50 46 72 60 16 14 3 25 29 9 19 22 31 17 12 2 24 44 34 48 36 28 38 40 42 
5 7 74 66 70 64 62 72 60 58 56 68 54 52 46 51 14 25 29 9 19 22 17 31 3 15 11 34 2 24 44 48 36 28 38 40 42 
5 7 74 66 70 64 62 72 60 58 56 68 54 52 46 51 14 25 29 10 3 19 22 17 31 15 11 34 2 24 44 48 36 28 38 40 42 
5 7 74 66 70 64 62 58 56 68 54 52 46 72 60 16 51 14 3 25 29 9 19 22 17 31 11 34 2 24 44 48 36 28 38 40 42 
74 66 70 64 62 58 56 52 46 19 22 17 31 72 60 16 51 14 5 3 25 29 9 68 54 8 11 34 2 24 44 48 36 38 28 40 42 
5 7 74 66 70 64 62 58 56 68 54 52 46 72 60 16 51 14 3 25 29 9 19 22 31 17 12 2 24 44 34 48 36 28 38 40 42 
5 7 69 74 66 70 64 62 72 60 58 56 54 52 46 51 14 25 29 9 19 22 17 31 3 15 11 34 2 24 44 48 36 28 38 40 42 
5 7 69 74 66 70 64 62 72 60 58 56 54 52 46 51 14 25 29 10 3 19 22 17 31 15 11 34 2 24 44 48 36 28 38 40 42 
5 7 69 74 66 70 64 62 58 56 54 52 46 72 60 16 51 14 3 25 29 9 19 22 17 31 11 34 2 24 44 48 36 28 38 40 42 
5 7 69 74 66 70 64 62 58 56 54 52 46 72 60 16 51 14 3 25 29 9 19 22 31 17 12 2 24 44 34 48 36 28 38 40 42 
5 7 69 74 66 70 64 62 60 58 56 54 52 50 73 46 14 25 29 9 19 22 17 31 3 15 11 34 2 24 44 48 36 28 38 40 42 
5 7 69 74 66 70 64 62 58 56 54 52 50 73 46 60 16 14 3 25 29 9 19 22 17 31 11 34 2 24 44 48 36 28 38 40 42 
5 7 69 74 66 70 64 62 58 56 54 52 50 73 46 60 16 14 3 25 29 9 19 22 31 17 12 2 24 44 34 48 36 28 38 40 42 
5 7 69 74 66 70 64 62 60 58 56 54 52 73 46 51 14 25 29 9 19 22 17 31 3 15 11 34 2 24 44 48 36 28 38 40 42 
5 7 74 66 70 64 62 72 60 58 56 68 54 52 50 46 14 25 29 9 19 22 17 3 15 11 34 2 24 44 48 36 33 28 38 40 42 
5 7 74 66 70 64 62 72 60 58 56 68 54 52 46 51 14 25 29 9 19 22 17 3 15 11 34 2 24 44 48 36 33 28 38 40 42 
5 7 70 64 62 72 60 58 56 68 54 52 50 46 74 66 18 22 14 25 29 9 44 3 15 11 34 2 23 20 31 48 36 28 38 40 42 
5 7 70 64 62 72 60 58 56 68 54 52 50 46 74 66 18 22 14 25 29 9 44 3 12 15 2 23 20 31 34 48 36 28 38 40 42 
5 7 70 64 62 58 56 68 54 52 50 46 74 66 18 22 72 60 16 14 3 25 29 9 44 11 34 2 23 20 31 48 36 28 38 40 42 
5 7 70 64 62 58 56 68 54 52 50 46 74 66 18 22 72 60 16 14 3 25 29 9 44 12 2 23 20 31 34 48 36 28 38 40 42 
5 7 69 70 64 62 72 60 58 56 54 52 50 46 74 66 18 22 14 25 29 9 44 3 15 11 34 2 23 20 31 48 36 28 38 40 42 
5 7 69 70 64 62 72 60 58 56 54 52 50 46 74 66 18 22 14 25 29 9 44 3 12 15 2 23 20 31 34 48 36 28 38 40 42 
5 7 69 70 64 62 58 56 54 52 50 46 74 66 18 22 72 60 16 14 3 25 29 9 44 12 2 23 20 31 34 48 36 28 38 40 42 
5 7 70 64 62 72 60 58 56 68 54 52 50 46 74 66 18 22 14 25 29 9 3 15 11 34 2 44 24 20 31 48 36 28 38 40 42 
5 7 70 64 62 72 60 58 56 68 54 52 50 46 74 66 18 22 14 25 29 9 3 12 44 24 15 2 20 31 34 48 36 28 38 40 42 
5 7 70 64 62 58 56 68 54 52 50 46 74 66 18 22 72 60 16 14 3 25 29 9 12 44 24 2 20 31 34 48 36 28 38 40 42 
5 7 69 70 64 62 72 60 58 56 54 52 50 46 74 66 18 22 14 25 29 9 3 15 11 34 2 44 24 20 31 48 36 28 38 40 42 
5 7 69 70 64 62 58 56 54 52 50 46 74 66 18 22 72 60 16 14 3 25 29 9 11 34 2 44 24 20 31 48 36 28 38 40 42 
5 7 70 64 62 60 58 56 68 54 52 50 73 46 74 66 18 22 14 25 29 9 3 15 11 34 2 44 24 20 31 48 36 28 38 40 42 
5 7 69 70 64 62 60 58 56 54 52 50 73 46 74 66 18 22 14 25 29 9 3 15 11 34 2 44 24 20 31 48 36 28 38 40 42 
5 7 70 64 62 72 60 58 56 68 54 52 50 46 74 66 18 22 14 25 29 9 20 3 15 11 34 2 44 24 48 36 33 28 38 40 42 
5 7 74 66 70 64 62 72 60 58 56 68 54 52 50 46 14 25 29 9 19 22 17 31 3 15 11 34 2 23 44 36 28 38 40 49 42 
5 7 74 66 70 64 62 72 60 58 56 68 54 52 50 46 14 25 29 9 19 22 17 31 3 15 11 34 2 24 44 36 28 38 40 49 42 
5 7 68 74 66 70 64 62 72 60 58 56 52 50 46 13 9 19 55 22 17 31 3 25 29 15 11 34 2 23 44 48 36 28 38 40 42 
5 7 68 74 66 70 64 62 58 56 52 50 46 72 60 16 13 9 19 55 22 31 17 12 3 25 29 2 23 44 34 48 36 28 38 40 42 
5 7 69 74 66 70 64 62 72 60 58 56 52 50 46 13 9 19 55 22 17 31 3 25 29 15 11 34 2 23 44 48 36 28 38 40 42 
5 7 69 74 66 70 64 62 58 56 52 50 46 72 60 16 13 9 19 55 22 31 17 12 3 25 29 2 23 44 34 48 36 28 38 40 42 
5 7 68 74 66 70 64 62 72 60 58 56 52 46 51 13 9 19 55 22 17 31 3 25 29 15 11 34 2 23 44 48 36 28 38 40 42 
5 7 69 74 66 70 64 62 72 60 58 56 52 46 51 13 9 19 55 22 17 31 3 25 29 15 11 34 2 23 44 48 36 28 38 40 42 
5 7 68 74 66 70 64 62 72 60 58 56 50 48 46 13 9 19 55 22 17 31 3 25 29 15 11 34 2 23 44 52 37 28 38 40 42 
5 7 69 74 66 70 64 62 72 60 58 56 50 48 46 13 9 19 55 22 17 31 3 25 29 15 11 34 2 23 44 52 37 28 38 40 42 
5 7 68 70 64 62 58 56 52 50 46 72 60 16 74 66 18 55 22 13 9 44 12 3 25 29 2 23 20 31 34 48 36 28 38 40 42 
5 7 68 74 66 70 64 62 72 60 58 56 52 50 46 13 9 19 55 22 17 31 3 25 29 15 11 34 2 23 44 36 28 38 40 49 42 
5 7 68 74 66 70 64 62 72 60 58 56 52 50 46 14 25 29 9 19 55 22 17 31 3 15 11 34 2 23 44 48 36 28 38 40 42 
5 7 68 74 66 70 64 62 58 56 52 50 46 72 60 16 14 3 25 29 9 19 55 22 31 17 12 2 23 44 34 48 36 28 38 40 42 
5 7 69 74 66 70 64 62 72 60 58 56 52 50 46 14 25 29 9 19 55 22 17 31 3 15 11 34 2 23 44 48 36 28 38 40 42 
5 7 69 74 66 70 64 62 58 56 52 50 46 72 60 16 14 3 25 29 9 19 55 22 31 17 12 2 23 44 34 48 36 28 38 40 42 
5 7 68 74 66 70 64 62 72 60 58 56 52 46 51 14 25 29 9 19 55 22 17 31 3 15 11 34 2 23 44 48 36 28 38 40 42 
5 7 68 74 66 70 64 62 72 60 58 56 52 46 51 14 25 29 10 3 19 55 22 17 31 15 11 34 2 23 44 48 36 28 38 40 42 
5 7 68 74 66 70 64 62 58 56 52 46 72 60 16 51 14 3 25 29 9 19 55 22 31 17 12 2 23 44 34 48 36 28 38 40 42 
5 7 69 74 66 70 64 62 72 60 58 56 52 46 51 14 25 29 9 19 55 22 17 31 3 15 11 34 2 23 44 48 36 28 38 40 42 
5 7 69 74 66 70 64 62 72 60 58 56 52 46 51 14 25 29 10 3 19 55 22 17 31 15 11 34 2 23 44 48 36 28 38 40 42 
5 7 68 70 64 62 72 60 58 56 52 50 46 74 66 18 55 22 14 25 29 9 44 3 15 11 34 2 23 20 31 48 36 28 38 40 42 
5 7 68 70 64 62 72 60 58 56 52 50 46 74 66 18 55 22 14 25 29 9 44 3 12 15 2 23 20 31 34 48 36 28 38 40 42 
5 7 69 70 64 62 72 60 58 56 52 50 46 74 66 18 55 22 14 25 29 9 44 3 15 11 34 2 23 20 31 48 36 28 38 40 42 
5 7 68 74 66 70 64 62 72 60 58 56 52 50 46 14 25 29 9 19 55 22 17 31 3 15 11 34 2 23 44 36 28 38 40 49 42 
5 7 74 66 70 64 62 72 60 58 56 68 54 52 50 46 9 19 22 17 31 3 29 15 11 34 2 23 13 27 48 36 38 40 42 26 44 
5 7 74 66 64 62 72 60 58 56 68 54 52 50 46 9 19 22 17 31 3 29 15 11 34 71 2 23 13 27 48 36 38 40 42 26 44 
5 7 69 74 66 70 64 62 72 60 58 56 54 52 50 46 9 19 22 17 31 3 29 15 11 34 2 23 13 27 48 36 38 40 42 26 44 
5 7 69 74 66 70 64 62 72 60 58 56 54 52 46 9 19 22 17 31 3 29 15 11 34 2 23 51 13 27 48 36 38 40 42 26 44 
5 7 74 66 70 64 62 72 60 58 56 68 54 52 50 46 29 9 19 22 17 31 3 15 11 34 2 23 14 27 48 36 38 40 42 26 44 
5 7 69 74 66 70 64 62 72 60 58 56 54 52 50 46 29 9 19 22 17 31 3 15 11 34 2 23 14 27 48 36 38 40 42 26 44 
5 7 69 74 66 70 64 62 72 60 58 56 54 52 46 29 9 19 22 17 31 3 15 11 34 2 23 51 14 27 48 36 38 40 42 26 44 
5 7 68 74 66 70 64 62 72 60 58 56 52 50 46 9 19 55 22 17 31 3 29 15 11 34 2 23 13 27 48 36 38 40 42 26 44 
5 7 68 74 66 64 62 72 60 58 56 52 50 46 9 19 55 22 17 31 3 29 15 11 34 71 2 23 13 27 48 36 38 40 42 26 44 
5 7 68 74 66 70 64 62 72 60 58 56 52 46 9 19 55 22 17 31 3 29 15 11 34 2 23 51 13 27 48 36 38 40 42 26 44 
5 7 74 66 70 64 62 72 60 58 56 68 54 52 50 46 13 9 19 22 17 31 3 29 15 11 34 2 23 26 44 48 36 28 38 40 42 
5 7 69 74 66 70 64 62 72 60 58 56 54 52 50 46 13 9 19 22 17 31 3 29 15 11 34 2 23 26 44 48 36 28 38 40 42 
5 7 69 74 66 70 64 62 72 60 58 56 54 52 46 51 13 9 19 22 17 31 3 29 15 11 34 2 23 26 44 48 36 28 38 40 42 
5 7 74 66 70 64 62 72 60 58 56 68 54 52 50 46 14 29 9 19 22 17 31 3 15 11 34 2 23 26 44 48 36 28 38 40 42 
5 7 69 74 66 70 64 62 72 60 58 56 54 52 50 46 14 29 9 19 22 17 31 3 15 11 34 2 23 26 44 48 36 28 38 40 42 
5 7 69 74 66 70 64 62 72 60 58 56 54 52 46 51 14 29 9 19 22 17 31 3 15 11 34 2 23 26 44 48 36 28 38 40 42 
5 7 68 74 66 70 64 62 72 60 58 56 52 50 46 13 9 19 55 22 17 31 3 29 15 11 34 2 23 26 44 48 36 28 38 40 42 
5 7 69 74 66 70 64 62 72 60 58 56 52 50 46 13 9 19 55 22 17 31 3 29 15 11 34 2 23 26 44 48 36 28 38 40 42 
5 7 68 74 66 70 64 62 72 60 58 56 52 46 51 13 9 19 55 22 17 31 3 29 15 11 34 2 23 26 44 48 36 28 38 40 42 
5 7 68 74 66 70 64 62 72 60 58 56 52 50 46 14 29 9 19 55 22 17 31 3 15 11 34 2 23 26 44 48 36 28 38 40 42 
5 7 69 74 66 70 64 62 72 60 58 56 52 50 46 14 29 9 19 55 22 17 31 3 15 11 34 2 23 26 44 48 36 28 38 40 42 
5 7 68 74 66 70 64 62 72 60 58 56 52 46 51 14 29 9 19 55 22 17 31 3 15 11 34 2 23 26 44 48 36 28 38 40 42 
5 7 75 66 70 64 62 72 60 58 56 68 54 52 50 46 9 19 22 17 31 3 25 29 15 11 34 2 23 13 27 48 36 38 40 42 44 
5 7 75 66 64 62 72 60 58 56 68 54 52 50 46 9 19 22 17 31 3 25 29 15 11 34 71 2 23 13 27 48 36 38 40 42 44 
5 7 75 66 70 64 62 58 56 68 54 52 50 46 72 60 16 9 19 22 31 17 12 3 25 29 2 23 13 27 34 48 36 38 40 42 44 
5 7 75 66 70 64 62 72 60 58 56 68 54 52 46 9 19 22 17 31 3 25 29 15 11 34 2 23 51 13 27 48 36 38 40 42 44 
5 7 75 66 64 62 72 60 58 56 68 54 52 46 9 19 22 17 31 3 25 29 15 11 34 71 2 23 51 13 27 48 36 38 40 42 44 
5 7 75 64 62 58 56 68 54 52 50 46 72 60 16 66 18 22 9 44 3 25 29 11 34 71 2 23 13 27 20 31 48 36 38 40 42 
5 7 75 70 64 62 58 56 68 54 52 50 46 72 60 16 66 18 22 9 44 12 3 25 29 2 23 13 27 20 31 34 48 36 38 40 42 
5 7 75 64 62 58 56 68 54 52 50 46 72 60 16 66 18 22 9 44 12 3 25 29 71 2 23 13 27 20 31 34 48 36 38 40 42 
5 7 75 66 70 64 62 72 60 58 56 68 54 52 50 46 25 29 9 19 22 17 31 3 15 11 34 2 23 14 27 48 36 38 40 42 44 
5 7 75 66 64 62 72 60 58 56 68 54 52 50 46 25 29 9 19 22 17 31 3 15 11 34 71 2 23 14 27 48 36 38 40 42 44 
5 7 75 66 70 64 62 58 56 68 54 52 50 46 72 60 16 3 25 29 9 19 22 17 31 11 34 2 23 14 27 48 36 38 40 42 44 
5 7 75 66 70 64 62 58 56 68 54 52 50 46 72 60 16 3 25 29 9 19 22 31 17 12 2 23 14 27 34 48 36 38 40 42 44 
5 7 75 66 70 64 62 72 60 58 56 68 54 52 46 25 29 9 19 22 17 31 3 15 11 34 2 23 51 14 27 48 36 38 40 42 44 
5 7 75 66 64 62 72 60 58 56 68 54 52 46 25 29 9 19 22 17 31 3 15 11 34 71 2 23 51 14 27 48 36 38 40 42 44 
5 7 75 70 64 62 72 60 58 56 68 54 52 50 46 66 18 22 25 29 9 44 3 15 11 34 2 23 14 27 20 31 48 36 38 40 42 
5 7 75 70 64 62 58 56 68 54 52 50 46 66 18 22 72 60 16 3 25 29 9 44 11 34 2 23 14 27 20 31 48 36 38 40 42 
5 7 75 70 64 62 58 56 68 54 52 50 46 66 18 22 72 60 16 3 25 29 9 44 12 2 23 14 27 20 31 34 48 36 38 40 42 
5 7 75 68 66 70 64 62 72 60 58 56 52 50 46 9 19 55 22 17 31 3 25 29 15 11 34 2 23 13 27 48 36 38 40 42 44 
5 7 75 68 66 64 62 72 60 58 56 52 50 46 9 19 55 22 17 31 3 25 29 15 11 34 71 2 23 13 27 48 36 38 40 42 44 
5 7 75 68 66 70 64 62 58 56 52 50 46 72 60 16 9 19 55 22 31 17 12 3 25 29 2 23 13 27 34 48 36 38 40 42 44 
5 7 75 69 66 70 64 62 58 56 52 50 46 72 60 16 9 19 55 22 31 17 12 3 25 29 2 23 13 27 34 48 36 38 40 42 44 
5 7 75 68 66 70 64 62 72 60 58 56 52 46 9 19 55 22 17 31 3 25 29 15 11 34 2 23 51 13 27 48 36 38 40 42 44 
5 7 75 68 66 64 62 72 60 58 56 52 46 9 19 55 22 17 31 3 25 29 15 11 34 71 2 23 51 13 27 48 36 38 40 42 44 
5 7 75 68 66 70 64 62 72 60 58 56 52 50 46 9 19 55 22 17 31 3 25 29 15 11 34 39 2 23 13 27 48 36 40 42 44 
75 68 66 70 64 62 72 60 58 56 52 50 46 9 19 55 22 17 31 7 6 3 25 29 15 11 34 39 2 23 13 27 48 36 40 42 44 
5 7 75 68 66 70 64 62 72 60 58 56 50 48 46 9 19 55 22 17 31 3 25 29 15 11 34 2 23 13 27 52 37 38 40 42 44 
5 7 75 68 66 70 64 62 72 60 58 56 52 50 46 25 29 9 19 55 22 17 31 3 15 11 34 2 23 14 27 48 36 38 40 42 44 
5 7 75 68 66 64 62 72 60 58 56 52 50 46 25 29 9 19 55 22 17 31 3 15 11 34 71 2 23 14 27 48 36 38 40 42 44 
5 7 75 68 66 70 64 62 58 56 52 50 46 72 60 16 3 25 29 9 19 55 22 31 17 12 2 23 14 27 34 48 36 38 40 42 44 
5 7 75 69 66 70 64 62 58 56 52 50 46 72 60 16 3 25 29 9 19 55 22 31 17 12 2 23 14 27 34 48 36 38 40 42 44 
5 7 75 68 66 70 64 62 72 60 58 56 52 46 25 29 9 19 55 22 17 31 3 15 11 34 2 23 51 14 27 48 36 38 40 42 44 
5 7 75 68 66 64 62 72 60 58 56 52 46 25 29 9 19 55 22 17 31 3 15 11 34 71 2 23 51 14 27 48 36 38 40 42 44 
5 7 75 68 66 70 64 62 72 60 58 56 52 46 25 29 10 3 19 55 22 17 31 15 11 34 2 23 51 14 27 48 36 38 40 42 44 
5 7 75 68 66 70 64 62 58 56 52 46 72 60 16 3 25 29 9 19 55 22 31 17 12 2 23 51 14 27 34 48 36 38 40 42 44 
5 7 75 68 66 70 64 62 72 60 58 56 52 46 25 29 9 19 55 22 17 31 3 15 11 34 39 2 23 51 14 27 48 36 40 42 44 
5 7 75 68 70 64 62 72 60 58 56 52 50 46 66 18 55 22 25 29 9 44 3 15 11 34 2 23 14 27 20 31 48 36 38 40 42 
5 7 75 68 70 64 62 72 60 58 56 52 50 46 66 18 55 22 25 29 9 44 3 12 15 2 23 14 27 20 31 34 48 36 38 40 42 
5 7 75 69 70 64 62 72 60 58 56 52 50 46 66 18 55 22 25 29 9 44 3 15 11 34 2 23 14 27 20 31 48 36 38 40 42 
5 7 75 66 70 64 62 72 60 58 56 68 54 52 50 46 13 9 19 22 17 31 3 25 29 15 11 34 2 23 44 48 36 28 38 40 42 
5 7 75 66 70 64 62 58 56 68 54 52 50 46 72 60 16 13 9 19 22 31 17 12 3 25 29 2 23 44 34 48 36 28 38 40 42 
5 7 75 66 70 64 62 72 60 58 56 68 54 52 46 51 13 9 19 22 17 31 3 25 29 15 11 34 2 23 44 48 36 28 38 40 42 
5 7 75 66 70 64 62 72 60 58 56 68 54 52 50 46 14 25 29 9 19 22 17 31 3 15 11 34 2 23 44 48 36 28 38 40 42 
5 7 75 66 70 64 62 58 56 68 54 52 50 46 72 60 16 14 3 25 29 9 19 22 17 31 11 34 2 23 44 48 36 28 38 40 42 
5 7 75 66 70 64 62 58 56 68 54 52 50 46 72 60 16 14 3 25 29 9 19 22 31 17 12 2 23 44 34 48 36 28 38 40 42 
5 7 75 66 70 64 62 72 60 58 56 68 54 52 46 51 14 25 29 9 19 22 17 31 3 15 11 34 2 23 44 48 36 28 38 40 42 
5 7 75 70 64 62 72 60 58 56 68 54 52 50 46 66 18 22 14 25 29 9 44 3 15 11 34 2 23 20 31 48 36 28 38 40 42 
5 7 75 70 64 62 58 56 68 54 52 50 46 66 18 22 72 60 16 14 3 25 29 9 44 11 34 2 23 20 31 48 36 28 38 40 42 
5 7 75 69 70 64 62 72 60 58 56 54 52 50 46 66 18 22 14 25 29 9 44 3 15 11 34 2 23 20 31 48 36 28 38 40 42 
5 7 75 68 66 70 64 62 72 60 58 56 52 50 46 13 9 19 55 22 17 31 3 25 29 15 11 34 2 23 44 48 36 28 38 40 42 
5 7 75 68 66 70 64 62 58 56 52 50 46 72 60 16 13 9 19 55 22 31 17 12 3 25 29 2 23 44 34 48 36 28 38 40 42 
5 7 75 69 66 70 64 62 58 56 52 50 46 72 60 16 13 9 19 55 22 31 17 12 3 25 29 2 23 44 34 48 36 28 38 40 42 
5 7 75 68 66 70 64 62 72 60 58 56 52 46 51 13 9 19 55 22 17 31 3 25 29 15 11 34 2 23 44 48 36 28 38 40 42 
5 7 75 68 66 70 64 62 72 60 58 56 52 50 46 13 9 19 55 22 17 31 3 25 29 15 11 34 2 23 44 36 28 38 40 49 42 
5 7 75 68 66 70 64 62 72 60 58 56 52 50 46 14 25 29 9 19 55 22 17 31 3 15 11 34 2 23 44 48 36 28 38 40 42 
5 7 75 68 66 70 64 62 58 56 52 50 46 72 60 16 14 3 25 29 9 19 55 22 31 17 12 2 23 44 34 48 36 28 38 40 42 
5 7 75 68 66 70 64 62 72 60 58 56 52 46 51 14 25 29 9 19 55 22 17 31 3 15 11 34 2 23 44 48 36 28 38 40 42 
5 7 75 68 70 64 62 72 60 58 56 52 50 46 66 18 55 22 14 25 29 9 44 3 15 11 34 2 23 20 31 48 36 28 38 40 42 
5 7 75 66 70 64 62 72 60 58 56 68 54 52 50 46 9 19 22 17 31 3 29 15 11 34 2 23 13 27 48 36 38 40 42 26 44 
5 7 75 66 64 62 72 60 58 56 68 54 52 50 46 9 19 22 17 31 3 29 15 11 34 71 2 23 13 27 48 36 38 40 42 26 44 
5 7 75 66 70 64 62 72 60 58 56 68 54 52 50 46 29 9 19 22 17 31 3 15 11 34 2 23 14 27 48 36 38 40 42 26 44 
5 7 75 68 66 70 64 62 72 60 58 56 52 50 46 9 19 55 22 17 31 3 29 15 11 34 2 23 13 27 48 36 38 40 42 26 44 
5 7 75 68 66 70 64 62 72 60 58 56 52 46 9 19 55 22 17 31 3 29 15 11 34 2 23 51 13 27 48 36 38 40 42 26 44 
5 7 75 68 66 70 64 62 72 60 58 56 52 50 46 9 19 55 22 17 31 3 29 15 11 34 39 2 23 13 27 48 36 40 42 26 44 
5 7 75 66 70 64 62 72 60 58 56 68 54 52 50 46 13 9 19 22 17 31 3 29 15 11 34 2 23 26 44 48 36 28 38 40 42 
5 7 75 66 70 64 62 72 60 58 56 68 54 52 50 46 14 29 9 19 22 17 31 3 15 11 34 2 23 26 44 48 36 28 38 40 42 
5 7 75 68 66 70 64 62 72 60 58 56 52 50 46 13 9 19 55 22 17 31 3 29 15 11 34 2 23 26 44 48 36 28 38 40 42 
5 7 75 68 66 70 64 62 72 60 58 56 52 50 46 14 29 9 19 55 22 17 31 3 15 11 34 2 23 26 44 48 36 28 38 40 42 
5 7 74 66 70 64 62 60 58 56 68 54 52 73 46 51 13 15 34 9 19 17 4 1 42 11 21 25 29 24 44 48 36 40 33 28 38 
5 7 73 74 66 70 64 62 60 58 56 68 54 52 47 15 51 13 9 4 20 17 12 44 24 1 42 21 25 29 34 48 36 28 40 33 38 
71 74 66 64 62 60 58 56 68 54 52 50 73 46 13 15 34 9 19 17 4 7 6 1 42 11 21 25 29 24 44 48 36 40 33 28 38 
5 7 71 74 66 64 62 60 58 56 68 54 52 50 73 46 15 13 10 19 4 17 12 1 42 21 25 29 24 44 34 48 36 40 33 28 38 
5 7 73 74 66 70 64 62 60 58 56 68 54 52 50 47 15 13 9 4 20 17 12 44 24 1 42 21 25 29 34 48 36 28 40 33 38 
5 7 73 71 74 66 64 62 60 58 56 68 54 52 50 47 15 13 9 4 20 17 12 44 24 1 42 21 25 29 34 48 36 28 40 33 38 
5 7 74 66 70 64 63 72 60 58 56 68 54 52 46 51 13 15 34 9 19 17 4 1 42 11 21 25 29 24 44 48 36 40 33 28 38 
71 74 66 64 62 60 58 56 68 54 52 50 73 46 13 15 34 9 19 17 4 31 7 6 1 42 11 21 25 29 24 44 48 36 40 28 38 
5 7 71 74 66 64 62 60 58 56 68 54 52 50 73 46 15 13 10 19 4 31 17 12 1 42 21 25 29 24 44 34 48 36 40 28 38 
5 7 73 74 66 70 64 62 60 58 56 68 54 52 50 47 15 13 9 4 31 20 17 12 44 24 1 42 21 25 29 34 48 36 28 40 38 
5 7 73 71 74 66 64 62 60 58 56 68 54 52 50 47 15 13 9 4 31 20 17 12 44 24 1 42 21 25 29 34 48 36 28 40 38 
74 66 64 62 60 58 56 68 54 52 73 46 51 13 15 71 39 34 9 19 17 4 7 6 1 42 11 21 25 29 40 33 28 24 44 48 36 
5 7 74 66 64 62 60 58 56 68 54 52 73 46 15 71 39 51 13 10 19 4 17 12 1 42 21 25 29 40 33 28 24 44 34 48 36 
5 7 73 74 66 64 62 60 58 56 68 54 52 47 15 71 39 51 13 9 4 20 17 12 44 24 1 42 21 25 29 28 40 33 34 48 36 
74 66 64 62 60 58 56 68 54 52 50 73 46 13 15 71 39 34 9 19 17 4 7 6 1 42 11 21 25 29 40 33 28 24 44 48 36 
5 7 70 64 62 58 56 68 54 52 47 72 60 16 74 66 18 51 13 9 44 12 3 25 29 1 42 21 23 20 31 34 48 36 28 40 38 
5 7 70 64 62 58 56 68 54 52 50 46 72 60 16 74 66 18 13 9 20 12 44 24 4 1 42 21 25 29 34 48 36 28 40 33 38 
5 7 70 64 62 58 56 68 54 52 46 72 60 16 74 66 18 51 13 34 9 4 20 31 1 42 11 21 44 24 25 29 48 36 28 40 38 
5 7 74 66 70 64 62 72 60 58 56 68 54 46 51 13 15 34 9 19 17 31 3 25 29 1 49 42 11 21 52 37 24 44 40 28 38 
5 7 74 66 70 64 62 72 60 58 56 68 54 50 47 13 15 34 9 17 31 20 3 25 29 1 49 42 11 21 44 24 52 37 28 40 38 
5 7 74 66 70 64 62 58 56 68 54 52 50 47 72 60 16 14 3 25 29 9 20 17 12 44 24 1 42 21 34 48 36 33 28 40 38 
71 74 66 64 62 72 60 58 56 52 46 19 17 4 51 14 25 29 15 34 9 68 54 8 5 1 42 11 21 33 38 40 28 24 44 48 36 
5 7 71 74 66 64 62 72 60 58 56 68 54 52 46 51 14 25 29 15 34 10 19 17 4 1 42 11 21 24 44 48 36 33 40 28 38 
5 7 74 66 70 64 62 58 56 68 54 52 46 72 60 16 51 14 25 29 34 9 19 17 4 1 42 11 21 24 44 48 36 33 40 28 38 
71 74 66 64 62 58 56 52 46 19 4 72 60 16 5 51 14 25 29 9 68 54 8 17 12 1 42 21 33 38 40 28 24 44 34 48 36 
5 7 74 66 70 64 62 72 60 58 56 68 54 52 47 15 51 14 25 29 9 4 20 17 12 44 24 1 42 21 34 48 36 33 28 40 38 
5 7 74 66 70 64 62 58 56 68 54 52 47 72 60 16 51 14 25 29 9 4 20 17 12 44 24 1 42 21 34 48 36 33 28 40 38 
5 7 71 74 66 64 62 72 60 58 56 68 54 52 50 46 14 25 29 15 34 10 19 17 4 1 42 11 21 24 44 48 36 33 40 28 38 
5 7 71 74 66 64 62 72 60 58 56 68 54 52 50 46 15 14 25 29 9 19 4 17 12 1 42 21 24 44 34 48 36 33 40 28 38 
5 7 74 66 70 64 62 72 60 58 56 68 54 52 50 47 15 14 25 29 9 4 20 17 12 44 24 1 42 21 34 48 36 33 28 40 38 
5 7 74 66 70 64 62 58 56 68 54 52 50 47 72 60 16 14 25 29 9 4 20 17 12 44 24 1 42 21 34 48 36 33 28 40 38 
5 7 73 74 66 70 64 62 58 56 68 54 52 50 47 60 16 14 25 29 9 4 31 20 17 12 44 24 1 42 21 34 48 36 28 40 38 
5 7 74 66 70 64 62 58 56 68 54 52 50 47 72 60 16 14 25 29 9 4 31 20 17 12 44 24 1 42 21 34 48 36 28 40 38 
5 7 74 66 64 62 72 60 58 56 68 54 52 46 15 71 39 51 14 25 29 9 19 4 17 12 1 42 21 33 40 28 24 44 34 48 36 
5 7 70 64 62 58 56 68 54 52 50 47 74 66 18 72 60 16 14 3 25 29 9 20 12 44 24 1 42 21 34 48 36 33 28 40 38 
5 7 73 70 64 62 58 56 68 54 52 50 47 74 66 18 60 16 14 3 25 29 34 9 1 42 11 21 44 24 20 31 48 36 28 40 38 
5 7 71 64 62 58 56 68 54 52 50 46 74 66 18 14 25 29 34 72 60 16 10 3 1 42 11 21 44 24 20 31 48 36 28 40 38 
5 7 70 64 62 58 56 68 54 52 50 47 74 66 18 14 25 29 34 72 60 16 10 3 1 42 11 21 44 24 20 31 48 36 28 40 38 
5 7 71 64 62 58 56 68 54 52 46 74 66 18 51 14 25 29 72 60 16 10 3 44 12 1 42 21 23 20 31 34 48 36 28 40 38 
5 7 71 64 62 58 56 68 54 52 46 74 66 18 51 14 25 29 34 72 60 16 10 20 4 1 42 11 21 44 24 48 36 33 28 40 38 
5 7 70 64 62 58 56 68 54 52 46 74 66 18 72 60 16 51 14 25 29 9 20 12 44 24 4 1 42 21 34 48 36 33 28 40 38 
5 7 70 64 62 58 56 68 54 52 50 46 74 66 18 72 60 16 14 25 29 9 20 12 44 24 4 1 42 21 34 48 36 33 28 40 38 
5 7 71 64 62 58 56 68 54 52 50 46 74 66 18 72 60 16 14 25 29 9 20 12 44 24 4 1 42 21 34 48 36 33 28 40 38 
5 7 70 64 62 58 56 68 54 52 50 73 46 74 66 18 60 16 14 25 29 9 12 44 24 4 20 31 1 42 21 34 48 36 28 40 38 
5 7 71 64 62 58 56 68 54 52 50 73 46 74 66 18 60 16 14 25 29 9 12 44 24 4 20 31 1 42 21 34 48 36 28 40 38 
5 7 70 64 62 58 56 68 54 52 50 46 74 66 18 72 60 16 14 25 29 9 12 44 24 4 20 31 1 42 21 34 48 36 28 40 38 
5 7 71 64 62 58 56 68 54 52 50 46 74 66 18 72 60 16 14 25 29 9 12 44 24 4 20 31 1 42 21 34 48 36 28 40 38 
5 7 64 62 58 56 68 54 52 46 74 66 18 51 14 25 29 34 72 60 16 10 3 1 28 40 42 11 21 44 24 20 31 48 36 71 39 
5 7 64 62 58 56 68 54 52 46 74 66 18 72 60 16 51 14 3 25 29 9 44 12 1 28 40 42 21 23 20 31 34 48 36 71 39 
5 7 64 62 58 56 68 54 52 46 74 66 18 72 60 16 51 14 25 29 9 20 12 44 24 4 1 33 28 40 42 21 34 48 36 71 39 
5 7 74 66 70 64 62 72 60 58 56 68 54 50 46 14 25 29 15 34 9 19 17 3 1 49 42 11 21 52 37 24 44 33 40 28 38 
5 7 74 66 70 64 62 72 60 58 56 68 54 50 47 14 25 29 15 34 9 17 31 20 3 1 49 42 11 21 44 24 52 37 28 40 38 
5 7 68 70 64 62 58 56 52 55 47 72 60 16 74 66 18 51 13 9 44 12 3 25 29 1 42 21 23 20 31 34 48 36 28 40 38 
5 7 68 70 64 62 58 56 52 50 55 47 72 60 16 74 66 18 13 9 44 12 3 25 29 1 42 21 23 20 31 34 48 36 28 40 38 
5 7 68 74 66 70 64 62 72 60 58 56 55 46 51 13 15 34 9 19 17 31 3 25 29 1 49 42 11 21 23 44 52 37 40 28 38 
5 7 68 74 66 70 64 62 72 60 58 56 55 50 46 13 15 34 9 19 17 31 3 25 29 1 49 42 11 21 23 44 52 37 40 28 38 
5 7 68 74 66 70 64 62 72 60 58 56 50 55 47 13 15 34 9 17 31 20 44 3 25 29 1 49 42 11 21 23 52 37 28 40 38 
71 74 66 64 62 58 56 55 52 46 19 31 72 60 16 51 14 5 3 25 29 9 68 8 17 12 1 42 21 23 38 40 28 44 34 48 36 
5 7 68 74 66 70 64 62 72 60 58 56 52 50 55 47 15 14 25 29 10 3 31 20 44 17 12 1 42 21 23 34 48 36 28 40 38 
5 7 68 74 66 64 62 72 60 58 56 55 52 46 15 71 39 51 14 25 29 10 3 19 31 17 12 1 42 21 23 40 28 44 34 48 36 
5 7 71 68 64 62 58 56 55 52 46 74 66 18 51 14 25 29 72 60 16 10 3 44 12 1 42 21 23 20 31 34 48 36 28 40 38 
5 7 68 70 64 62 58 56 52 50 55 47 74 66 18 72 60 16 14 3 25 29 9 44 12 1 42 21 23 20 31 34 48 36 28 40 38 
5 7 68 64 62 58 56 55 52 46 74 66 18 72 60 16 51 14 3 25 29 9 44 12 1 28 40 42 21 23 20 31 34 48 36 71 39 
5 7 70 74 66 62 60 58 56 68 54 65 52 73 46 15 34 9 19 17 32 3 25 29 43 1 11 21 51 13 27 48 36 40 38 24 44 
5 7 70 74 66 62 60 58 56 68 54 65 52 50 73 46 15 34 9 19 17 32 3 25 29 43 1 11 21 13 27 48 36 40 38 24 44 
70 74 66 62 60 58 56 68 54 65 52 50 73 46 15 9 19 17 32 7 6 3 25 29 43 1 11 21 13 27 35 24 44 48 36 40 38 
5 7 70 74 66 62 72 60 58 56 68 54 65 52 47 15 34 9 17 32 20 3 25 29 43 1 11 21 44 24 51 13 27 48 36 40 38 
5 7 70 74 66 62 72 60 58 56 68 54 65 52 47 15 9 31 20 17 12 44 24 3 25 29 43 1 21 51 13 27 34 48 36 40 38 
5 7 70 74 66 62 58 56 68 54 65 52 50 46 72 60 16 9 19 17 32 12 3 25 29 43 1 21 13 27 34 48 36 40 38 24 44 
5 7 70 74 66 62 72 60 58 56 68 54 65 52 50 47 15 34 9 17 32 20 3 25 29 43 1 11 21 44 24 13 27 48 36 40 38 
5 7 70 74 66 62 72 60 58 56 68 54 65 52 50 47 15 9 31 20 17 12 44 24 3 25 29 43 1 21 13 27 34 48 36 40 38 
5 7 74 66 70 64 63 60 58 56 68 54 52 73 46 15 34 9 19 17 4 1 42 11 21 25 29 51 13 27 48 36 40 33 38 24 44 
5 7 73 74 66 70 64 62 60 58 56 68 54 52 47 15 9 4 20 17 12 44 24 1 42 21 25 29 51 13 27 34 48 36 40 33 38 
5 7 74 66 70 64 63 72 60 58 56 68 54 52 46 15 34 9 19 17 4 1 42 11 21 25 29 51 13 27 48 36 40 33 38 24 44 
5 7 70 74 66 62 60 58 56 68 54 65 52 73 46 15 34 9 19 4 17 32 1 42 11 21 25 29 51 13 27 48 36 40 38 24 44 
5 7 70 74 66 65 60 58 56 68 54 62 53 73 46 15 34 9 19 17 4 31 1 42 11 21 25 29 51 13 27 48 36 40 38 24 44 
5 7 70 74 66 62 60 58 56 68 54 65 52 73 46 15 34 9 19 17 4 31 43 1 11 21 25 29 51 13 27 48 36 40 38 24 44 
5 7 70 74 66 62 60 58 68 54 65 57 52 73 46 15 34 9 19 17 4 31 43 1 11 21 25 29 51 13 27 48 36 40 38 24 44 
5 7 74 66 70 64 63 60 58 56 68 54 52 73 46 15 34 9 19 4 17 32 1 42 11 21 25 29 51 13 27 48 36 40 38 24 44 
5 7 74 66 70 64 63 60 58 56 68 54 52 73 46 15 34 9 19 17 4 31 43 1 11 21 25 29 51 13 27 48 36 40 38 24 44 
5 7 70 74 66 63 60 58 56 68 54 65 52 73 46 15 34 9 19 17 4 31 1 42 11 21 25 29 51 13 27 48 36 40 38 24 44 
5 7 70 74 66 63 60 58 56 68 54 65 52 73 46 15 34 9 19 4 17 32 1 42 11 21 25 29 51 13 27 48 36 40 38 24 44 
5 7 70 74 66 63 60 58 56 68 54 65 52 73 46 15 34 9 19 17 4 31 43 1 11 21 25 29 51 13 27 48 36 40 38 24 44 
5 7 70 74 66 62 60 58 56 68 54 65 52 50 73 46 15 34 9 19 4 17 32 1 42 11 21 25 29 13 27 48 36 40 38 24 44 
5 7 70 74 66 62 60 58 56 68 54 65 52 50 73 46 15 34 9 19 17 4 31 43 1 11 21 25 29 13 27 48 36 40 38 24 44 
5 7 70 74 66 62 60 58 68 54 65 57 52 50 73 46 15 34 9 19 17 4 31 43 1 11 21 25 29 13 27 48 36 40 38 24 44 
5 7 70 74 66 60 58 65 57 68 54 62 53 50 73 46 15 34 9 19 17 4 31 43 1 11 21 25 29 13 27 48 36 40 38 24 44 
5 7 74 66 70 64 63 72 60 58 56 68 54 52 46 15 34 9 19 4 17 32 1 42 11 21 25 29 51 13 27 48 36 40 38 24 44 
5 7 70 74 66 63 72 60 58 56 68 54 65 52 46 15 34 9 19 17 4 31 1 42 11 21 25 29 51 13 27 48 36 40 38 24 44 
5 7 70 74 66 63 72 60 58 56 68 54 65 52 46 15 34 9 19 4 17 32 1 42 11 21 25 29 51 13 27 48 36 40 38 24 44 
5 7 74 66 62 60 58 56 68 54 65 52 73 46 15 71 39 34 9 19 17 32 3 25 29 1 40 42 11 21 51 13 27 48 36 24 44 
5 7 74 66 62 60 58 56 68 54 65 52 73 46 15 71 39 34 9 19 17 32 3 25 29 43 1 40 11 21 51 13 27 48 36 24 44 
70 74 66 62 60 58 56 68 54 65 52 73 46 15 39 9 19 17 32 7 6 3 25 29 43 1 40 11 21 51 13 27 35 24 44 48 36 
5 7 74 66 63 58 56 68 54 65 52 73 46 15 71 39 34 9 19 60 41 17 32 3 25 29 1 42 11 21 51 13 27 48 36 24 44 
5 7 74 66 63 58 56 68 54 65 52 73 46 15 71 39 34 9 19 60 41 17 32 3 25 29 43 1 11 21 51 13 27 48 36 24 44 
74 66 63 58 56 68 54 65 52 73 46 15 71 39 34 9 19 60 41 17 32 7 6 3 25 29 43 1 11 21 51 13 27 48 36 24 44 
5 7 74 66 64 62 58 56 68 54 52 73 46 60 16 9 19 17 32 12 3 25 29 1 40 42 21 51 13 27 34 48 36 71 39 24 44 
70 69 74 66 62 60 58 56 54 65 52 50 73 46 15 39 34 9 19 17 31 7 6 3 25 29 1 40 42 11 21 13 27 48 36 24 44 
69 74 66 62 60 58 56 54 65 52 50 73 46 15 71 39 34 9 19 17 31 7 6 3 25 29 1 40 42 11 21 13 27 48 36 24 44 
5 7 74 66 62 60 58 56 68 54 65 52 50 73 46 15 71 39 34 9 19 17 32 3 25 29 43 1 40 11 21 13 27 48 36 24 44 
70 74 66 62 60 58 56 68 54 65 52 50 73 46 15 39 34 9 19 17 32 7 6 3 25 29 43 1 40 11 21 13 27 48 36 24 44 
74 66 62 60 58 56 68 54 65 52 50 73 46 15 71 39 34 9 19 17 32 7 6 3 25 29 43 1 40 11 21 13 27 48 36 24 44 
5 7 74 66 64 62 58 56 68 54 52 50 73 46 60 16 9 19 17 32 12 3 25 29 43 1 40 21 13 27 34 48 36 71 39 24 44 
5 7 74 66 62 58 56 68 54 65 52 50 73 46 60 16 34 9 19 17 32 3 25 29 43 1 40 11 21 13 27 48 36 71 39 24 44 
74 70 67 62 60 58 56 68 54 65 52 50 73 46 15 39 34 9 19 17 31 7 6 3 25 29 1 40 42 11 21 23 13 27 48 36 44 
74 67 62 60 58 56 68 54 65 52 50 73 46 15 71 39 34 9 19 17 31 7 6 3 25 29 1 40 42 11 21 23 13 27 48 36 44 
5 7 70 74 66 62 72 60 58 56 68 54 65 52 46 15 39 34 9 19 17 32 3 25 29 43 1 40 11 21 51 13 27 48 36 24 44 
5 7 74 66 63 58 56 68 54 65 52 46 15 71 39 34 9 19 72 60 41 17 31 3 25 29 1 42 11 21 51 13 27 48 36 24 44 
5 7 74 66 63 58 56 68 54 65 52 46 15 71 39 34 9 19 72 60 41 17 32 3 25 29 1 42 11 21 51 13 27 48 36 24 44 
5 7 74 66 63 58 56 68 54 65 52 46 15 71 39 34 9 19 72 60 41 17 32 3 25 29 43 1 11 21 51 13 27 48 36 24 44 
5 7 70 74 66 62 72 60 58 56 68 54 65 52 47 15 39 34 9 17 32 20 3 25 29 43 1 40 11 21 44 24 51 13 27 48 36 
5 7 74 66 62 72 60 58 56 68 54 65 52 47 15 71 39 34 9 17 31 20 3 25 29 43 1 40 11 21 44 24 51 13 27 48 36 
5 7 74 66 64 62 58 56 68 54 52 47 72 60 16 34 9 17 31 20 3 25 29 43 1 40 11 21 44 24 51 13 27 48 36 71 39 
5 7 74 66 62 72 60 58 56 68 54 65 52 50 46 15 71 39 34 9 19 17 32 3 25 29 43 1 40 11 21 13 27 48 36 24 44 
5 7 74 66 62 58 56 68 54 65 52 50 46 72 60 16 9 19 17 32 12 3 25 29 43 1 40 21 13 27 34 48 36 71 39 24 44 
5 7 70 74 66 62 72 60 58 56 68 54 65 52 50 47 15 39 34 9 17 32 20 3 25 29 43 1 40 11 21 44 24 13 27 48 36 
5 7 74 66 62 72 60 58 56 68 54 65 52 50 47 15 71 39 34 9 17 31 20 3 25 29 43 1 40 11 21 44 24 13 27 48 36 
5 7 74 66 62 72 60 58 56 68 54 65 52 50 47 15 71 39 9 31 20 17 12 44 24 3 25 29 43 1 40 21 13 27 34 48 36 
5 7 74 66 62 72 60 58 56 68 54 65 52 50 47 15 71 39 10 31 20 17 12 44 24 3 25 29 43 1 40 21 13 27 34 48 36 
74 66 64 62 60 58 56 68 54 52 73 46 15 71 39 34 9 19 17 4 7 6 1 42 11 21 25 29 40 33 51 13 27 48 36 24 44 
5 7 74 66 64 62 60 58 56 68 54 52 73 46 15 71 39 10 19 4 17 12 1 42 21 25 29 40 33 51 13 27 34 48 36 24 44 
74 66 64 63 60 58 56 68 54 52 73 46 15 71 39 34 9 19 17 4 7 6 1 42 11 21 25 29 40 33 51 13 27 48 36 24 44 
5 7 73 74 66 64 62 60 58 56 68 54 52 47 15 71 39 9 4 20 17 12 44 24 1 42 21 25 29 40 33 51 13 27 34 48 36 
5 7 73 74 66 64 60 58 56 68 54 52 63 47 15 71 39 9 4 20 17 12 44 24 1 42 21 25 29 40 33 51 13 27 34 48 36 
74 66 64 62 60 58 56 68 54 52 50 73 46 15 71 39 34 9 19 17 4 7 6 1 42 11 21 25 29 40 33 13 27 48 36 24 44 
74 67 64 62 60 58 56 68 54 52 50 73 46 15 71 39 34 9 19 17 4 7 6 1 42 11 21 23 13 27 25 29 40 33 48 36 44 
5 7 69 74 66 62 60 58 56 54 48 73 46 15 71 39 34 9 19 17 31 3 25 29 1 40 42 11 21 65 52 37 51 13 27 24 44 
5 7 69 74 66 62 60 58 56 54 50 48 73 46 15 71 39 34 9 19 17 31 3 25 29 1 40 42 11 21 65 52 37 13 27 24 44 
5 7 70 64 62 58 56 68 54 52 50 73 46 60 16 74 66 18 34 9 20 3 25 29 43 1 11 21 44 24 13 27 32 48 36 40 38 
5 7 70 64 62 58 56 68 54 52 50 73 46 60 16 74 66 18 9 20 44 24 3 25 29 1 42 21 13 27 12 32 34 48 36 40 38 
5 7 73 70 64 62 58 56 68 54 52 50 47 60 16 74 66 18 34 9 20 3 25 29 1 42 11 21 44 24 13 27 32 48 36 40 38 
5 7 73 70 64 62 58 56 68 54 52 50 47 60 16 74 66 18 34 9 20 3 25 29 43 1 11 21 44 24 13 27 32 48 36 40 38 
5 7 70 64 62 58 56 68 54 52 47 72 60 16 74 66 18 34 9 20 3 25 29 1 42 11 21 44 24 51 13 27 32 48 36 40 38 
5 7 70 64 62 58 56 68 54 52 47 72 60 16 74 66 18 34 9 3 25 29 43 1 11 21 44 24 51 13 27 20 31 48 36 40 38 
5 7 70 64 62 58 56 68 54 52 50 46 72 60 16 74 66 18 9 20 12 44 24 4 1 42 21 25 29 13 27 34 48 36 40 33 38 
5 7 70 64 62 58 56 68 54 52 46 72 60 16 74 66 18 34 9 20 4 32 1 42 11 21 44 24 25 29 51 13 27 48 36 40 38 
5 7 70 64 62 58 56 68 54 52 46 72 60 16 74 66 18 34 9 4 20 31 43 1 11 21 44 24 25 29 51 13 27 48 36 40 38 
5 7 64 62 58 56 68 54 52 73 46 60 16 74 66 18 9 20 44 24 3 25 29 1 40 42 21 51 13 27 12 32 34 48 36 71 39 
5 7 70 64 62 58 56 68 54 52 50 73 46 60 16 74 66 18 34 9 20 3 25 29 1 40 42 11 21 44 24 13 27 32 48 36 39 
5 7 64 62 58 56 68 54 52 50 73 46 60 16 74 66 18 34 9 20 3 25 29 1 40 42 11 21 44 24 13 27 32 48 36 71 39 
5 7 64 62 58 56 68 54 52 50 73 46 60 16 74 66 18 34 9 20 3 25 29 43 1 40 11 21 44 24 13 27 32 48 36 71 39 
5 7 64 62 58 56 68 54 52 46 72 60 16 74 66 18 9 20 44 24 3 25 29 1 40 42 21 51 13 27 12 32 34 48 36 71 39 
5 7 64 62 58 56 68 54 52 50 46 72 60 16 74 66 18 34 9 20 3 25 29 43 1 40 11 21 44 24 13 27 32 48 36 71 39 
5 7 70 74 66 62 72 60 58 56 68 54 46 15 34 9 19 17 31 3 25 29 1 49 42 11 21 65 52 37 51 13 27 40 38 24 44 
5 7 70 74 66 62 72 60 58 56 68 54 50 46 15 34 9 19 17 31 3 25 29 1 49 42 11 21 65 52 37 13 27 40 38 24 44 
5 7 70 74 66 62 72 60 58 56 68 54 50 47 15 34 9 17 31 20 3 25 29 1 49 42 11 21 44 24 65 52 37 13 27 40 38 
5 7 74 66 70 64 62 72 60 58 56 68 54 50 46 15 34 9 19 17 4 1 49 42 11 21 52 37 25 29 13 27 40 33 38 24 44 
5 7 74 66 62 72 60 58 56 68 54 50 46 15 71 39 34 9 19 17 31 3 25 29 1 40 49 42 11 21 65 52 37 13 27 24 44 
5 7 70 74 66 62 60 58 56 68 54 65 52 73 46 25 29 15 34 9 19 17 32 3 11 21 51 14 27 48 36 40 38 1 43 24 44 
5 7 73 70 74 66 62 60 58 56 68 54 65 52 47 25 29 15 34 9 17 31 20 3 11 21 44 24 51 14 27 48 36 40 38 1 43 
5 7 73 74 66 70 64 62 58 56 68 54 52 47 60 16 3 25 29 34 9 17 32 20 1 42 11 21 44 24 51 14 27 48 36 40 38 
5 7 70 74 66 62 60 58 56 68 54 65 52 50 73 46 25 29 15 34 9 19 17 32 3 11 21 14 27 48 36 40 38 1 43 24 44 
5 7 71 74 66 62 60 58 56 68 54 65 52 50 73 46 25 29 15 34 9 19 17 32 3 11 21 14 27 48 36 40 38 1 43 24 44 
71 74 66 62 60 58 56 68 54 65 52 50 73 46 3 25 29 15 34 9 19 17 32 7 6 11 21 14 27 48 36 40 38 1 43 24 44 
70 74 66 62 60 58 56 68 54 65 52 50 73 46 3 25 29 15 9 19 17 32 7 6 11 21 14 27 35 24 44 48 36 40 38 1 43 
5 7 71 74 66 64 62 58 56 68 54 52 50 73 46 60 16 3 25 29 9 19 17 32 12 21 14 27 34 48 36 40 38 1 43 24 44 
5 7 71 74 66 62 58 56 68 54 65 52 50 73 46 60 16 3 25 29 34 9 19 17 32 11 21 14 27 48 36 40 38 1 43 24 44 
5 7 73 70 74 66 62 60 58 56 68 54 65 52 50 47 25 29 15 34 9 17 31 20 3 11 21 44 24 14 27 48 36 40 38 1 43 
5 7 73 74 66 70 64 62 58 56 68 54 52 50 47 60 16 3 25 29 34 9 17 32 20 11 21 44 24 14 27 48 36 40 38 1 43 
5 7 73 70 74 66 62 58 56 68 54 65 52 50 47 60 16 3 25 29 34 9 17 31 20 11 21 44 24 14 27 48 36 40 38 1 43 
5 7 70 74 66 62 72 60 58 56 68 54 65 52 47 25 29 15 34 9 17 32 20 3 11 21 44 24 51 14 27 48 36 40 38 1 43 
5 7 70 74 66 62 58 56 68 54 65 52 47 72 60 16 3 25 29 9 31 20 17 12 44 24 21 51 14 27 34 48 36 40 38 1 43 
5 7 70 74 66 62 72 60 58 56 68 54 65 52 50 46 25 29 15 34 10 3 19 17 32 11 21 14 27 48 36 40 38 1 43 24 44 
5 7 71 74 66 62 72 60 58 56 68 54 65 52 50 46 25 29 15 34 10 3 19 17 32 11 21 14 27 48 36 40 38 1 43 24 44 
5 7 71 74 66 62 58 56 68 54 65 52 50 46 72 60 16 3 25 29 9 19 17 32 12 21 14 27 34 48 36 40 38 1 43 24 44 
5 7 70 74 66 62 72 60 58 56 68 54 65 52 50 47 25 29 15 34 9 17 32 20 3 11 21 44 24 14 27 48 36 40 38 1 43 
5 7 71 74 66 62 72 60 58 56 68 54 65 52 50 47 25 29 15 34 9 17 32 20 3 11 21 44 24 14 27 48 36 40 38 1 43 
5 7 70 74 66 62 72 60 58 56 68 54 65 52 50 47 25 29 15 34 10 3 17 31 20 11 21 44 24 14 27 48 36 40 38 1 43 
5 7 70 74 66 62 58 56 68 54 65 52 50 47 72 60 16 3 25 29 34 9 17 31 20 11 21 44 24 14 27 48 36 40 38 1 43 
5 7 71 74 66 62 58 56 68 54 65 52 50 47 72 60 16 3 25 29 34 9 17 32 20 11 21 44 24 14 27 48 36 40 38 1 43 
5 7 70 74 66 62 58 56 68 54 65 52 50 47 72 60 16 3 25 29 9 31 20 17 12 44 24 21 14 27 34 48 36 40 38 1 43 
71 74 66 64 62 72 60 58 56 52 46 19 17 4 25 29 15 34 9 68 54 8 6 1 33 38 40 42 11 21 51 14 27 48 36 24 44 
71 74 66 64 62 72 60 58 56 68 54 52 46 25 29 15 34 10 19 17 4 7 6 1 42 11 21 51 14 27 48 36 33 40 38 24 44 
71 74 66 64 62 58 56 52 46 19 17 4 72 60 16 5 25 29 34 9 68 54 8 33 38 40 11 21 51 14 27 48 36 1 43 24 44 
5 7 74 66 70 64 62 72 60 58 56 68 54 52 47 15 25 29 9 4 20 17 12 44 24 1 42 21 51 14 27 34 48 36 33 40 38 
5 7 74 66 70 64 62 58 56 68 54 52 47 72 60 16 25 29 9 4 20 17 12 44 24 1 42 21 51 14 27 34 48 36 33 40 38 
71 74 66 64 62 72 60 58 56 68 54 52 50 46 25 29 15 34 10 19 17 4 7 6 1 42 11 21 14 27 48 36 33 40 38 24 44 
5 7 74 66 70 64 62 72 60 58 56 68 54 52 50 47 15 25 29 9 4 20 17 12 44 24 1 42 21 14 27 34 48 36 33 40 38 
5 7 74 66 70 64 62 58 56 68 54 52 50 47 72 60 16 25 29 9 4 20 17 12 44 24 1 42 21 14 27 34 48 36 33 40 38 
5 7 70 74 66 62 60 58 56 68 54 65 52 73 46 25 29 15 34 9 19 4 17 32 1 42 11 21 51 14 27 48 36 40 38 24 44 
5 7 70 74 66 62 60 58 56 68 54 65 52 73 46 25 29 15 34 9 19 17 4 31 11 21 51 14 27 48 36 40 38 1 43 24 44 
5 7 74 66 70 64 62 58 56 68 54 52 73 46 60 16 25 29 34 9 19 4 17 32 1 42 11 21 51 14 27 48 36 40 38 24 44 
5 7 70 74 66 62 60 58 56 68 54 65 52 50 73 46 25 29 15 34 9 19 4 17 32 1 42 11 21 14 27 48 36 40 38 24 44 
5 7 73 70 74 66 62 60 58 56 68 54 65 52 50 47 15 25 29 9 4 31 20 17 12 44 24 1 42 21 14 27 34 48 36 40 38 
5 7 73 74 66 70 64 62 58 56 68 54 52 50 47 60 16 25 29 9 4 31 20 17 12 44 24 1 42 21 14 27 34 48 36 40 38 
5 7 73 74 66 70 64 62 58 56 68 54 52 50 47 60 16 25 29 9 4 20 17 32 12 44 24 1 42 21 14 27 34 48 36 40 38 
71 74 66 64 62 72 60 58 56 68 54 52 46 25 29 15 34 10 19 17 4 31 7 6 1 42 11 21 51 14 27 48 36 40 38 24 44 
71 74 66 64 62 72 60 58 56 68 54 52 50 46 25 29 15 34 10 19 17 4 31 7 6 1 42 11 21 14 27 48 36 40 38 24 44 
5 7 74 66 70 64 62 58 56 68 54 52 50 47 72 60 16 25 29 9 4 20 17 32 12 44 24 1 42 21 14 27 34 48 36 40 38 
5 7 69 74 66 62 58 56 54 65 52 73 46 25 29 15 71 39 34 9 19 60 41 17 31 3 1 42 11 21 51 14 27 48 36 24 44 
5 7 74 66 62 60 58 56 68 54 65 52 73 46 25 29 15 71 39 34 9 19 17 32 3 1 40 42 11 21 51 14 27 48 36 24 44 
5 7 74 66 62 58 56 68 54 65 52 73 46 25 29 15 71 39 34 9 19 60 41 17 31 3 1 42 11 21 51 14 27 48 36 24 44 
5 7 74 66 62 58 56 68 54 65 52 73 46 25 29 15 71 39 34 9 19 60 41 17 32 3 1 42 11 21 51 14 27 48 36 24 44 
5 7 74 66 62 60 58 56 68 54 65 52 73 46 25 29 15 71 39 34 9 19 17 31 3 40 11 21 51 14 27 48 36 1 43 24 44 
5 7 74 66 62 60 58 56 68 54 65 52 73 46 25 29 15 71 39 34 9 19 17 32 3 40 11 21 51 14 27 48 36 1 43 24 44 
74 66 62 60 58 56 68 54 65 52 73 46 3 25 29 15 71 39 34 9 19 17 32 7 6 40 11 21 51 14 27 48 36 1 43 24 44 
5 7 74 66 62 58 56 68 54 65 52 73 46 25 29 15 71 39 34 9 19 60 41 17 32 3 11 21 51 14 27 48 36 1 43 24 44 
74 66 62 58 56 68 54 65 52 73 46 3 25 29 15 71 39 34 9 19 60 41 17 32 7 6 11 21 51 14 27 48 36 1 43 24 44 
5 7 74 66 64 62 58 56 68 54 52 73 46 60 16 3 25 29 9 19 17 32 12 1 40 42 21 51 14 27 34 48 36 71 39 24 44 
5 7 74 66 64 62 58 56 68 54 52 73 46 60 16 3 25 29 9 19 17 32 12 40 21 51 14 27 34 48 36 71 39 1 43 24 44 
5 7 74 66 62 58 56 68 54 65 52 73 46 60 16 3 25 29 34 9 19 17 31 40 11 21 51 14 27 48 36 71 39 1 43 24 44 
5 7 74 66 62 58 56 68 54 65 52 73 46 60 16 3 25 29 34 9 19 17 32 40 11 21 51 14 27 48 36 71 39 1 43 24 44 
70 69 74 66 62 60 58 56 54 65 52 50 73 46 3 25 29 15 39 34 9 19 17 31 7 6 1 40 42 11 21 14 27 48 36 24 44 
5 7 74 66 62 60 58 56 68 54 65 52 50 73 46 25 29 15 71 39 34 9 19 17 32 3 1 40 42 11 21 14 27 48 36 24 44 
5 7 74 66 62 60 58 56 68 54 65 52 50 73 46 25 29 15 71 39 34 9 19 17 31 3 40 11 21 14 27 48 36 1 43 24 44 
70 74 66 62 60 58 56 68 54 65 52 50 73 46 3 25 29 15 39 34 9 19 17 32 7 6 40 11 21 14 27 48 36 1 43 24 44 
5 7 74 66 64 62 58 56 68 54 52 50 73 46 60 16 3 25 29 9 19 31 17 12 40 21 14 27 34 48 36 71 39 1 43 24 44 
5 7 74 66 64 62 58 56 68 54 52 50 73 46 60 16 3 25 29 9 19 17 32 12 40 21 14 27 34 48 36 71 39 1 43 24 44 
5 7 74 66 62 58 56 68 54 65 52 50 73 46 60 16 3 25 29 34 9 19 17 32 40 11 21 14 27 48 36 71 39 1 43 24 44 
5 7 74 66 62 58 56 68 54 65 52 46 25 29 15 71 39 34 9 19 72 60 41 17 31 3 1 42 11 21 51 14 27 48 36 24 44 
5 7 74 66 62 58 56 68 54 65 52 46 25 29 15 71 39 34 9 19 72 60 41 17 32 3 1 42 11 21 51 14 27 48 36 24 44 
5 7 74 66 62 58 56 68 54 65 52 46 25 29 15 71 39 34 10 3 19 72 60 41 17 31 1 42 11 21 51 14 27 48 36 24 44 
5 7 74 66 62 72 60 58 56 68 54 65 52 46 25 29 15 71 39 34 9 19 17 32 3 40 11 21 51 14 27 48 36 1 43 24 44 
5 7 74 66 62 72 60 58 56 68 54 65 52 46 25 29 15 71 39 34 10 3 19 17 32 40 11 21 51 14 27 48 36 1 43 24 44 
5 7 74 66 62 58 56 68 54 65 52 46 25 29 15 71 39 34 9 19 72 60 41 17 32 3 11 21 51 14 27 48 36 1 43 24 44 
5 7 74 66 62 58 56 68 54 65 52 46 25 29 15 71 39 34 10 3 19 72 60 41 17 32 11 21 51 14 27 48 36 1 43 24 44 
5 7 74 66 62 58 56 68 54 65 52 46 72 60 16 3 25 29 9 19 17 32 12 40 21 51 14 27 34 48 36 71 39 1 43 24 44 
5 7 74 66 62 58 56 68 54 65 52 47 25 29 15 71 39 34 9 17 31 20 3 1 42 11 21 44 24 51 14 27 48 36 72 60 41 
5 7 74 66 62 72 60 58 56 68 54 65 52 47 25 29 15 71 39 34 9 17 32 20 3 40 11 21 44 24 51 14 27 48 36 1 43 
5 7 74 66 62 58 56 68 54 65 52 47 25 29 15 71 39 34 9 17 32 20 3 11 21 44 24 51 14 27 48 36 72 60 41 1 43 
5 7 74 66 62 58 56 68 54 65 52 47 72 60 16 3 25 29 34 9 17 32 20 40 11 21 44 24 51 14 27 48 36 71 39 1 43 
5 7 74 66 62 58 56 68 54 65 52 47 72 60 16 3 25 29 9 31 20 17 12 44 24 1 40 42 21 51 14 27 34 48 36 71 39 
5 7 70 74 66 62 72 60 58 56 68 54 65 52 50 46 25 29 15 39 34 9 19 17 32 3 40 11 21 14 27 48 36 1 43 24 44 
5 7 70 74 66 62 72 60 58 56 68 54 65 52 50 46 25 29 15 39 34 10 3 19 17 32 40 11 21 14 27 48 36 1 43 24 44 
5 7 70 74 66 62 72 60 58 56 68 54 65 52 50 47 25 29 15 39 34 9 17 32 20 3 40 11 21 44 24 14 27 48 36 1 43 
5 7 74 66 62 72 60 58 56 68 54 65 52 50 47 25 29 15 71 39 34 9 17 31 20 3 40 11 21 44 24 14 27 48 36 1 43 
5 7 74 66 64 62 58 56 68 54 52 50 47 72 60 16 3 25 29 34 9 17 31 20 40 11 21 44 24 14 27 48 36 71 39 1 43 
5 7 74 66 62 58 56 68 54 65 52 50 47 72 60 16 3 25 29 34 9 17 31 20 40 11 21 44 24 14 27 48 36 71 39 1 43 
5 7 74 66 64 62 72 60 58 56 68 54 52 46 15 71 39 25 29 9 19 4 17 12 1 33 40 42 21 51 14 27 34 48 36 24 44 
5 7 74 66 62 60 58 56 68 54 65 52 50 73 46 15 71 39 25 29 9 19 4 31 17 12 1 40 42 21 14 27 34 48 36 24 44 
5 7 71 64 62 58 56 68 54 52 50 73 46 74 66 18 60 16 3 25 29 34 9 20 1 42 11 21 44 24 14 27 32 48 36 40 38 
5 7 71 64 62 58 56 68 54 52 50 73 46 74 66 18 60 16 3 25 29 34 9 20 11 21 44 24 14 27 32 48 36 40 38 1 43 
5 7 73 70 64 62 58 56 68 54 52 50 47 74 66 18 60 16 3 25 29 34 9 20 1 42 11 21 44 24 14 27 32 48 36 40 38 
5 7 73 70 64 62 58 56 68 54 52 50 47 74 66 18 60 16 3 25 29 34 9 11 21 44 24 14 27 20 31 48 36 40 38 1 43 
5 7 73 70 64 62 58 56 68 54 52 50 47 74 66 18 60 16 3 25 29 34 9 20 11 21 44 24 14 27 32 48 36 40 38 1 43 
5 7 73 70 62 58 56 68 54 65 52 50 47 74 66 18 60 16 3 25 29 34 9 20 11 21 44 24 14 27 32 48 36 40 38 1 43 
5 7 71 64 62 58 56 68 54 52 50 46 74 66 18 72 60 16 3 25 29 34 9 20 11 21 44 24 14 27 32 48 36 40 38 1 43 
5 7 71 62 58 56 68 54 65 52 50 46 74 66 18 25 29 34 72 60 16 10 3 20 11 21 44 24 14 27 32 48 36 40 38 1 43 
5 7 70 64 62 58 56 68 54 52 50 47 74 66 18 25 29 34 72 60 16 10 3 20 1 42 11 21 44 24 14 27 32 48 36 40 38 
5 7 70 64 62 58 56 68 54 52 50 47 74 66 18 72 60 16 3 25 29 34 9 20 11 21 44 24 14 27 32 48 36 40 38 1 43 
5 7 70 64 62 58 56 68 54 52 50 47 74 66 18 25 29 34 72 60 16 10 3 11 21 44 24 14 27 20 31 48 36 40 38 1 43 
5 7 71 64 62 58 56 68 54 52 46 74 66 18 25 29 72 60 16 10 3 44 12 1 42 21 23 51 14 27 20 31 34 48 36 40 38 
5 7 71 64 62 58 56 68 54 52 46 74 66 18 25 29 34 72 60 16 10 20 4 11 21 44 24 51 14 27 48 36 33 40 38 1 43 
5 7 70 64 62 58 56 68 54 52 46 74 66 18 72 60 16 25 29 9 20 12 44 24 4 1 42 21 51 14 27 34 48 36 33 40 38 
5 7 70 64 62 58 56 68 54 52 50 46 74 66 18 72 60 16 25 29 9 20 12 44 24 4 1 42 21 14 27 34 48 36 33 40 38 
5 7 71 64 62 58 56 68 54 52 50 46 74 66 18 72 60 16 25 29 9 20 12 44 24 4 1 42 21 14 27 34 48 36 33 40 38 
5 7 70 64 62 58 56 68 54 52 50 73 46 74 66 18 60 16 25 29 9 12 44 24 4 20 31 1 42 21 14 27 34 48 36 40 38 
5 7 70 64 62 58 56 68 54 52 50 73 46 74 66 18 60 16 25 29 9 20 44 24 4 12 32 1 42 21 14 27 34 48 36 40 38 
5 7 71 64 62 58 56 68 54 52 46 74 66 18 25 29 34 72 60 16 10 4 20 31 11 21 44 24 51 14 27 48 36 40 38 1 43 
5 7 70 64 62 58 56 68 54 52 50 46 74 66 18 72 60 16 25 29 9 20 44 24 4 12 32 1 42 21 14 27 34 48 36 40 38 
5 7 71 64 62 58 56 68 54 52 50 46 74 66 18 72 60 16 25 29 9 12 44 24 4 20 31 1 42 21 14 27 34 48 36 40 38 
5 7 70 64 62 58 56 68 54 52 73 46 74 66 18 60 16 3 25 29 34 9 20 1 40 42 11 21 44 24 51 14 27 32 48 36 39 
5 7 64 62 58 56 68 54 52 73 46 74 66 18 60 16 3 25 29 34 9 1 40 42 11 21 44 24 51 14 27 20 31 48 36 71 39 
5 7 64 62 58 56 68 54 52 73 46 74 66 18 60 16 3 25 29 34 9 20 1 40 42 11 21 44 24 51 14 27 32 48 36 71 39 
5 7 64 62 58 56 68 54 52 73 46 74 66 18 60 16 3 25 29 34 9 20 40 11 21 44 24 51 14 27 32 48 36 71 39 1 43 
5 7 64 62 58 56 68 54 52 46 74 66 18 72 60 16 3 25 29 34 9 20 1 40 42 11 21 44 24 51 14 27 32 48 36 71 39 
5 7 64 62 58 56 68 54 52 46 74 66 18 25 29 34 72 60 16 10 3 1 40 42 11 21 44 24 51 14 27 20 31 48 36 71 39 
5 7 64 62 58 56 68 54 52 46 74 66 18 72 60 16 3 25 29 34 9 20 40 11 21 44 24 51 14 27 32 48 36 71 39 1 43 
5 7 62 58 56 68 54 65 52 46 74 66 18 25 29 34 72 60 16 10 3 20 40 11 21 44 24 51 14 27 32 48 36 71 39 1 43 
5 7 64 62 58 56 68 54 52 46 74 66 18 25 29 72 60 16 10 3 44 12 1 40 42 21 23 51 14 27 20 31 34 48 36 71 39 
5 7 64 62 58 56 68 54 52 46 74 66 18 72 60 16 25 29 9 20 12 44 24 4 1 33 40 42 21 51 14 27 34 48 36 71 39 
5 7 64 62 58 56 68 54 52 50 73 46 74 66 18 60 16 25 29 9 12 44 24 4 20 31 1 40 42 21 14 27 34 48 36 71 39 
5 7 64 62 58 56 68 54 52 50 73 46 74 66 18 60 16 25 29 9 20 44 24 4 12 32 1 40 42 21 14 27 34 48 36 71 39 
5 7 64 62 58 56 68 54 52 50 46 74 66 18 72 60 16 25 29 9 12 44 24 4 20 31 1 40 42 21 14 27 34 48 36 71 39 
5 7 64 62 58 56 68 54 52 50 46 74 66 18 72 60 16 25 29 9 20 44 24 4 12 32 1 40 42 21 14 27 34 48 36 71 39 
5 7 74 66 70 64 62 72 60 58 56 68 54 52 46 25 29 15 34 9 19 17 4 1 49 42 11 21 51 14 27 36 33 40 38 24 44 
5 7 74 66 70 64 62 72 60 58 56 68 54 46 25 29 15 34 9 19 17 4 1 49 42 11 21 52 37 51 14 27 33 40 38 24 44 
5 7 70 74 66 62 72 60 58 56 68 54 50 46 25 29 15 34 9 19 17 4 31 1 49 42 11 21 65 52 37 14 27 40 38 24 44 
5 7 68 70 64 62 58 56 52 55 47 72 60 16 74 66 18 9 44 12 3 25 29 1 42 21 23 51 13 27 20 31 34 48 36 40 38 
5 7 68 64 62 58 56 55 52 46 72 60 16 74 66 18 9 44 12 3 25 29 1 40 42 21 23 51 13 27 20 31 34 48 36 71 39 
71 74 66 64 62 72 60 58 56 55 52 46 19 17 31 3 25 29 15 34 9 68 8 6 1 38 40 42 11 21 23 51 14 27 48 36 44 
71 68 74 66 64 62 72 60 58 56 55 52 46 3 25 29 15 34 10 19 17 31 7 6 1 42 11 21 23 51 14 27 48 36 40 38 44 
5 7 68 74 66 70 64 62 72 60 58 56 52 50 55 47 15 39 25 29 10 3 31 20 44 17 12 1 40 42 21 23 14 27 34 48 36 
5 7 71 68 64 62 58 56 55 52 46 74 66 18 25 29 34 72 60 16 10 3 44 1 42 11 21 23 51 14 27 20 31 48 36 40 38 
5 7 68 64 62 58 56 55 52 46 74 66 18 72 60 16 3 25 29 9 44 12 1 40 42 21 23 51 14 27 20 31 34 48 36 71 39 
5 7 74 66 70 64 62 72 60 58 56 68 54 46 51 13 15 34 9 19 17 31 3 29 1 49 42 11 21 52 37 26 24 44 40 28 38 
5 7 74 66 70 64 62 72 60 58 56 68 54 50 46 13 15 34 9 19 17 31 3 29 1 49 42 11 21 52 37 26 24 44 40 28 38 
5 7 74 66 70 64 62 72 60 58 56 68 54 50 47 13 15 34 9 17 31 20 3 29 1 49 42 11 21 26 44 24 52 37 28 40 38 
5 7 74 66 70 64 62 58 56 68 54 52 73 46 60 16 51 14 3 29 34 9 19 17 31 1 49 42 11 21 26 24 44 36 40 28 38 
5 7 74 66 70 64 62 58 56 68 54 52 50 73 46 60 16 14 3 29 34 9 19 17 31 1 49 42 11 21 26 24 44 36 40 28 38 
5 7 73 74 66 70 64 62 58 56 68 54 52 50 47 60 16 14 3 29 34 9 17 31 20 1 49 42 11 21 26 44 24 36 28 40 38 
5 7 68 74 66 70 64 62 72 60 58 56 52 55 47 51 13 15 34 9 17 31 20 26 44 3 29 1 42 11 21 23 48 36 28 40 38 
5 7 73 74 66 70 64 62 60 58 56 68 54 52 50 47 15 34 9 17 32 20 3 29 1 42 11 21 26 44 24 13 27 48 36 40 38 
5 7 70 74 66 62 60 58 56 68 54 65 52 73 46 15 34 9 19 17 4 31 1 42 11 21 51 13 27 29 48 36 40 38 26 24 44 
5 7 70 74 66 63 60 58 56 68 54 65 52 73 46 15 34 9 19 17 4 31 43 1 11 21 51 13 27 29 48 36 40 38 26 24 44 
5 7 69 74 66 62 60 58 56 54 65 52 73 46 15 71 39 34 9 19 17 31 3 29 1 40 42 11 21 51 13 27 48 36 26 24 44 
5 7 74 66 70 64 62 60 58 56 68 54 52 73 46 15 39 34 9 19 17 32 3 29 1 40 42 11 21 51 13 27 48 36 26 24 44 
5 7 74 66 70 64 62 72 60 58 56 68 54 48 46 15 34 9 19 17 32 3 29 1 42 11 21 52 37 51 13 27 40 38 26 24 44 
5 7 70 64 62 58 56 68 54 52 50 73 46 60 16 74 66 18 34 9 20 3 29 1 42 11 21 26 44 24 13 27 32 48 36 40 38 
5 7 73 70 64 62 58 56 68 54 52 50 47 60 16 74 66 18 34 9 20 3 29 1 42 11 21 26 44 24 13 27 32 48 36 40 38 
5 7 70 62 58 68 54 65 57 52 73 46 60 16 74 66 18 34 9 4 20 31 43 1 11 21 26 44 24 51 13 27 29 48 36 40 38 
5 7 70 64 62 58 56 68 54 52 50 73 46 60 16 74 66 18 34 9 20 3 29 1 40 42 11 21 26 44 24 13 27 32 48 36 39 
5 7 74 66 62 60 58 56 68 54 65 52 73 46 15 71 39 34 9 19 17 31 3 29 1 40 49 42 11 21 51 13 27 36 26 24 44 
5 7 74 66 62 60 58 56 68 54 65 52 50 73 46 15 71 39 34 9 19 17 31 3 29 1 40 49 42 11 21 13 27 36 26 24 44 
5 7 70 74 66 62 72 60 58 56 68 54 46 15 34 9 19 17 31 3 29 1 49 42 11 21 65 52 37 51 13 27 40 38 26 24 44 
5 7 70 74 66 62 72 60 58 56 68 54 49 46 15 34 9 19 17 31 3 29 43 1 11 21 65 52 37 51 13 27 40 38 26 24 44 
5 7 70 74 66 62 72 60 58 56 68 54 49 47 15 34 9 17 31 20 3 29 43 1 11 21 26 44 24 65 52 37 51 13 27 40 38 
5 7 70 74 66 62 72 60 58 56 68 54 50 46 15 34 9 19 17 31 3 29 1 49 42 11 21 65 52 37 13 27 40 38 26 24 44 
5 7 70 74 66 62 72 60 58 56 68 54 50 49 46 15 34 9 19 17 31 3 29 43 1 11 21 65 52 37 13 27 40 38 26 24 44 
5 7 70 74 66 62 72 60 58 56 68 54 50 47 15 34 9 17 31 20 3 29 1 49 42 11 21 26 44 24 65 52 37 13 27 40 38 
5 7 70 74 66 62 72 60 58 56 68 54 50 49 47 15 34 9 17 31 20 3 29 43 1 11 21 26 44 24 65 52 37 13 27 40 38 
5 7 74 66 62 72 60 58 56 68 54 50 46 15 71 39 34 9 19 17 31 3 29 1 40 49 42 11 21 65 52 37 13 27 26 24 44 
5 7 74 66 62 72 60 58 56 68 54 50 49 47 15 71 39 34 9 17 31 20 3 29 43 1 40 11 21 26 44 24 65 52 37 13 27 
5 7 73 74 66 70 64 62 58 56 68 54 52 50 47 60 16 3 29 34 9 17 32 20 1 42 11 21 26 44 24 14 27 48 36 40 38 
5 7 74 66 70 64 62 58 56 68 54 52 73 46 60 16 29 34 9 19 17 4 31 11 21 51 14 27 48 36 40 38 1 43 26 24 44 
5 7 70 74 66 62 58 56 68 54 65 52 73 46 60 16 29 34 9 19 17 4 31 11 21 51 14 27 48 36 40 38 1 43 26 24 44 
5 7 74 66 70 64 62 58 56 68 54 52 73 46 60 16 3 29 34 9 19 17 32 1 40 42 11 21 51 14 27 48 36 39 26 24 44 
5 7 74 66 70 64 62 58 56 68 54 52 50 73 46 60 16 3 29 34 9 19 17 32 1 40 42 11 21 14 27 48 36 39 26 24 44 
5 7 74 66 70 64 62 58 56 68 54 52 50 47 72 60 16 3 29 34 9 17 32 20 1 40 42 11 21 26 44 24 14 27 48 36 39 
5 7 74 66 70 64 62 58 56 68 54 48 46 72 60 16 3 29 34 9 19 17 32 1 42 11 21 52 37 51 14 27 40 38 26 24 44 
5 7 74 66 70 64 62 58 56 68 54 48 47 72 60 16 3 29 34 9 17 32 20 1 42 11 21 26 44 24 52 37 51 14 27 40 38 
5 7 74 66 70 64 62 58 56 68 54 50 48 46 72 60 16 3 29 34 9 19 17 32 1 42 11 21 52 37 14 27 40 38 26 24 44 
5 7 74 66 70 64 62 58 56 68 54 50 48 47 72 60 16 3 29 34 9 17 32 20 1 42 11 21 26 44 24 52 37 14 27 40 38 
5 7 74 66 70 64 62 58 56 68 54 52 50 49 73 46 60 16 3 29 34 9 19 17 31 11 21 14 27 36 40 38 1 43 26 24 44 
5 7 73 74 66 70 64 62 58 56 68 54 52 50 49 47 60 16 3 29 34 9 17 31 20 11 21 26 44 24 14 27 36 40 38 1 43 
5 7 74 66 64 62 58 56 68 54 52 49 73 46 60 16 3 29 34 9 19 17 31 40 11 21 51 14 27 36 71 39 1 43 26 24 44 
5 7 74 66 64 62 58 56 68 54 52 50 49 73 46 60 16 3 29 34 9 19 17 31 40 11 21 14 27 36 71 39 1 43 26 24 44 
71 66 64 62 72 60 58 56 52 46 19 17 31 51 14 3 25 29 15 34 9 68 54 8 6 75 1 42 11 21 23 38 40 28 44 48 36 
71 66 64 62 58 56 52 46 19 31 72 60 16 51 14 5 3 25 29 9 68 54 8 17 12 75 1 42 21 23 38 40 28 44 34 48 36 
71 66 64 62 72 60 58 56 68 54 52 50 46 14 3 25 29 15 34 10 19 17 31 7 6 75 1 42 11 21 23 44 48 36 40 28 38 
66 64 62 72 60 58 56 68 54 52 46 51 14 3 25 29 15 71 39 34 9 19 17 31 7 6 75 1 42 11 21 23 40 28 44 48 36 
5 7 70 64 62 58 56 68 54 52 46 66 18 72 60 16 51 14 3 25 29 9 44 12 75 1 42 21 23 20 31 34 48 36 28 40 38 
5 7 71 64 62 58 56 68 54 52 46 66 18 51 14 25 29 72 60 16 10 3 44 12 75 1 42 21 23 20 31 34 48 36 28 40 38 
5 7 68 66 70 64 62 72 60 58 55 57 52 46 15 51 13 9 19 31 17 12 3 25 29 75 1 42 21 23 44 34 48 36 40 28 38 
5 7 68 66 70 64 62 72 60 58 56 52 55 47 15 51 13 9 31 20 44 17 12 3 25 29 75 1 42 21 23 34 48 36 28 40 38 
5 7 68 66 70 64 62 72 60 58 57 52 55 47 15 51 13 9 31 20 44 17 12 3 25 29 75 1 42 21 23 34 48 36 28 40 38 
5 7 68 66 70 64 62 58 56 52 55 47 72 60 16 51 13 34 9 17 31 20 44 3 25 29 75 1 42 11 21 23 48 36 28 40 38 
5 7 68 70 64 62 58 56 55 52 46 72 60 16 66 18 51 13 9 44 12 3 25 29 75 1 42 21 23 20 31 34 48 36 28 40 38 
5 7 68 70 64 62 58 56 52 55 47 72 60 16 66 18 51 13 9 44 12 3 25 29 75 1 42 21 23 20 31 34 48 36 28 40 38 
5 7 68 70 64 62 58 57 52 55 47 72 60 16 66 18 51 13 9 44 12 3 25 29 75 1 42 21 23 20 31 34 48 36 28 40 38 
5 7 68 70 64 62 58 56 55 52 50 46 72 60 16 66 18 13 9 44 12 3 25 29 75 1 42 21 23 20 31 34 48 36 28 40 38 
5 7 68 70 64 62 58 56 52 50 55 47 72 60 16 66 18 13 9 44 12 3 25 29 75 1 42 21 23 20 31 34 48 36 28 40 38 
5 7 68 66 70 64 62 72 60 58 56 55 50 46 13 15 34 9 19 17 31 3 25 29 75 1 49 42 11 21 23 44 52 37 40 28 38 
5 7 68 66 70 64 62 72 60 58 56 50 55 47 13 15 34 9 17 31 20 44 3 25 29 75 1 49 42 11 21 23 52 37 28 40 38 
71 66 64 62 72 60 58 56 55 52 46 19 17 31 51 14 25 29 15 34 9 68 8 3 5 75 1 42 11 21 23 38 40 28 44 48 36 
5 7 71 68 66 64 62 72 60 58 56 55 52 46 51 14 25 29 15 34 10 3 19 17 31 75 1 42 11 21 23 44 48 36 40 28 38 
71 66 64 62 58 56 55 52 46 19 31 72 60 16 51 14 5 3 25 29 9 68 8 17 12 75 1 42 21 23 38 40 28 44 34 48 36 
5 7 68 66 70 64 62 58 56 52 55 47 72 60 16 51 14 3 25 29 9 31 20 44 17 12 75 1 42 21 23 34 48 36 28 40 38 
5 7 71 68 66 64 62 72 60 58 56 55 52 50 46 15 14 25 29 10 3 19 31 17 12 75 1 42 21 23 44 34 48 36 40 28 38 
5 7 68 66 70 64 62 58 56 52 50 55 47 72 60 16 14 3 25 29 9 31 20 44 17 12 75 1 42 21 23 34 48 36 28 40 38 
5 7 68 66 64 62 72 60 58 56 55 52 46 15 71 39 51 14 25 29 10 3 19 31 17 12 75 1 42 21 23 40 28 44 34 48 36 
5 7 68 70 64 62 58 56 55 52 46 66 18 72 60 16 51 14 3 25 29 9 44 12 75 1 42 21 23 20 31 34 48 36 28 40 38 
5 7 71 68 64 62 58 56 55 52 46 66 18 51 14 25 29 72 60 16 10 3 44 12 75 1 42 21 23 20 31 34 48 36 28 40 38 
5 7 68 70 64 62 58 56 55 52 50 46 66 18 72 60 16 14 3 25 29 9 44 12 75 1 42 21 23 20 31 34 48 36 28 40 38 
5 7 71 68 64 62 58 56 55 52 50 46 66 18 14 25 29 72 60 16 10 3 44 12 75 1 42 21 23 20 31 34 48 36 28 40 38 
5 7 68 70 64 62 58 56 52 50 55 47 66 18 72 60 16 14 3 25 29 9 44 12 75 1 42 21 23 20 31 34 48 36 28 40 38 
5 7 68 64 62 58 56 55 52 46 66 18 51 14 25 29 72 60 16 10 3 44 12 75 1 28 40 42 21 23 20 31 34 48 36 71 39 
66 64 62 58 56 52 46 19 31 72 60 16 5 3 25 29 9 68 54 8 17 12 75 1 40 42 21 23 51 14 27 34 48 36 71 39 44 
5 7 64 62 58 56 68 54 52 46 66 18 72 60 16 3 25 29 9 44 12 75 1 40 42 21 23 51 14 27 20 31 34 48 36 71 39 
5 7 64 62 58 56 68 54 52 46 66 18 25 29 72 60 16 10 3 44 12 75 1 40 42 21 23 51 14 27 20 31 34 48 36 71 39 
5 7 68 66 64 72 60 58 56 63 55 52 46 15 71 39 34 9 19 17 31 3 25 29 75 1 40 42 11 21 23 51 13 27 48 36 44 
69 66 64 62 72 60 58 56 55 52 50 46 15 71 39 34 9 19 17 31 7 6 3 25 29 75 1 40 42 11 21 23 13 27 48 36 44 
5 7 68 64 62 58 56 55 52 50 46 72 60 16 66 18 9 44 12 3 25 29 75 1 40 42 21 23 13 27 20 31 34 48 36 71 39 
5 7 68 66 70 64 62 72 60 58 56 55 50 46 15 34 9 19 17 31 3 25 29 75 1 49 42 11 21 23 13 27 52 37 40 38 44 
71 66 64 62 72 60 58 56 55 52 46 19 17 31 3 25 29 15 34 9 68 8 6 75 1 38 40 42 11 21 23 51 14 27 48 36 44 
71 68 66 64 62 72 60 58 56 55 52 46 3 25 29 15 34 10 19 17 31 7 6 75 1 42 11 21 23 51 14 27 48 36 40 38 44 
71 66 64 62 58 56 55 52 46 19 17 31 72 60 16 5 3 25 29 34 9 68 8 75 1 38 40 42 11 21 23 51 14 27 48 36 44 
71 66 64 62 58 56 55 52 46 19 31 72 60 16 5 3 25 29 9 68 8 17 12 75 1 38 40 42 21 23 51 14 27 34 48 36 44 
71 68 66 64 62 72 60 58 56 55 52 50 46 3 25 29 15 34 10 19 17 31 7 6 75 1 42 11 21 23 14 27 48 36 40 38 44 
5 7 71 68 66 64 62 58 56 52 50 55 47 72 60 16 3 25 29 9 31 20 44 17 12 75 1 42 21 23 14 27 34 48 36 40 38 
66 64 62 72 60 58 56 55 52 46 19 17 31 25 29 15 71 39 34 9 68 8 3 5 75 1 40 42 11 21 23 51 14 27 48 36 44 
5 7 68 66 64 62 72 60 58 56 55 52 46 25 29 15 71 39 34 10 3 19 17 31 75 1 40 42 11 21 23 51 14 27 48 36 44 
5 7 68 66 64 62 72 60 58 56 55 52 46 15 71 39 25 29 10 3 19 31 17 12 75 1 40 42 21 23 51 14 27 34 48 36 44 
66 64 62 58 56 55 52 46 19 31 72 60 16 5 3 25 29 9 68 8 17 12 75 1 40 42 21 23 51 14 27 34 48 36 71 39 44 
5 7 68 66 64 62 72 60 58 56 52 55 47 25 29 15 71 39 34 9 17 31 20 44 3 75 1 40 42 11 21 23 51 14 27 48 36 
5 7 68 66 64 62 58 56 52 55 47 72 60 16 3 25 29 34 9 17 31 20 44 75 1 40 42 11 21 23 51 14 27 48 36 71 39 
5 7 68 66 64 62 58 56 52 55 47 72 60 16 3 25 29 9 31 20 44 17 12 75 1 40 42 21 23 51 14 27 34 48 36 71 39 
5 7 71 68 64 62 58 56 55 52 46 66 18 25 29 34 72 60 16 10 3 44 75 1 42 11 21 23 51 14 27 20 31 48 36 40 38 
5 7 68 70 64 62 58 56 55 52 46 66 18 72 60 16 3 25 29 9 44 12 75 1 42 21 23 51 14 27 20 31 34 48 36 40 38 
5 7 71 68 64 62 58 56 55 52 46 66 18 25 29 72 60 16 10 3 44 12 75 1 42 21 23 51 14 27 20 31 34 48 36 40 38 
5 7 71 68 64 62 58 56 55 52 50 46 66 18 72 60 16 3 25 29 9 44 12 75 1 42 21 23 14 27 20 31 34 48 36 40 38 
5 7 71 68 64 62 58 56 55 52 50 46 66 18 25 29 72 60 16 10 3 44 12 75 1 42 21 23 14 27 20 31 34 48 36 40 38 
5 7 68 64 62 58 56 55 52 46 66 18 72 60 16 3 25 29 9 44 12 75 1 40 42 21 23 51 14 27 20 31 34 48 36 71 39 
5 7 68 64 62 58 56 55 52 46 66 18 25 29 72 60 16 10 3 44 12 75 1 40 42 21 23 51 14 27 20 31 34 48 36 71 39 
5 7 68 66 70 64 62 72 60 58 56 52 55 47 51 13 15 34 9 17 31 20 26 44 3 29 75 1 42 11 21 23 48 36 28 40 38 
5 7 68 66 70 64 62 72 60 58 56 52 50 55 47 13 15 34 9 17 31 20 26 44 3 29 75 1 42 11 21 23 48 36 28 40 38 
5 7 66 70 64 63 72 60 58 56 68 54 52 46 15 39 34 9 19 17 31 3 29 75 1 40 42 11 21 23 51 13 27 48 36 26 44 
5 7 66 64 63 72 60 58 56 68 54 52 46 15 71 39 34 9 19 17 31 3 29 75 1 40 42 11 21 23 51 13 27 48 36 26 44 
5 7 68 66 70 64 62 72 60 58 55 57 52 46 15 9 19 31 17 12 3 29 75 1 42 21 23 51 13 27 34 48 36 40 38 26 44 
5 7 68 66 70 64 62 72 60 58 56 52 55 47 15 34 9 17 31 20 26 44 3 29 75 1 42 11 21 23 51 13 27 48 36 40 38 
5 7 68 66 70 64 62 72 60 58 56 52 50 55 47 15 39 34 9 17 31 20 26 44 3 29 75 1 40 42 11 21 23 13 27 48 36 
5 7 68 66 70 64 62 72 60 58 56 52 55 47 29 15 34 9 17 31 20 26 44 3 75 1 42 11 21 23 51 14 27 48 36 40 38 
5 7 68 66 70 64 62 72 60 58 56 52 50 55 47 29 15 34 9 17 31 20 26 44 3 75 1 42 11 21 23 14 27 48 36 40 38 
5 7 74 66 70 64 62 72 60 58 56 68 54 52 50 46 15 13 10 19 22 31 17 12 24 3 25 29 1 42 34 48 36 40 28 38 45 
5 7 69 74 66 70 64 62 72 60 58 56 54 50 48 46 13 15 11 34 9 19 22 17 31 3 25 29 1 42 24 52 37 40 28 38 45 
5 7 69 70 64 62 58 56 54 52 46 72 60 16 74 66 18 22 51 13 11 34 9 3 25 29 1 42 24 20 31 48 36 28 40 38 45 
5 7 70 64 62 58 56 68 54 52 46 72 60 16 74 66 18 22 51 13 9 12 24 3 25 29 1 42 20 31 34 48 36 28 40 38 45 
5 7 70 64 62 58 56 68 54 52 46 72 60 16 74 66 18 22 51 13 9 12 3 25 29 1 42 23 20 31 34 48 36 28 40 38 45 
5 7 69 74 66 70 64 62 72 60 58 56 54 50 46 13 15 11 34 9 19 22 17 31 3 25 29 1 49 42 24 52 37 40 28 38 45 
5 7 74 66 70 64 62 72 60 58 56 68 54 50 46 13 15 11 34 9 19 22 17 31 3 25 29 1 49 42 24 52 37 40 28 38 45 
5 7 74 66 70 64 62 72 60 58 56 68 54 50 46 13 15 11 34 9 19 22 17 31 3 25 29 1 49 42 23 52 37 40 28 38 45 
5 7 69 74 66 70 64 62 72 60 58 56 54 52 50 46 14 25 29 15 11 34 10 3 19 22 17 31 1 42 24 48 36 40 28 38 45 
5 7 74 66 70 64 62 72 60 58 56 68 54 52 50 46 15 14 25 29 10 3 19 22 31 17 12 1 42 23 34 48 36 40 28 38 45 
5 7 69 70 64 62 58 56 54 52 50 46 74 66 18 22 14 25 29 11 34 72 60 16 10 3 1 42 24 20 31 48 36 28 40 38 45 
5 7 70 64 62 58 56 68 54 52 50 46 74 66 18 22 72 60 16 14 3 25 29 9 12 24 1 42 20 31 34 48 36 28 40 38 45 
5 7 70 64 62 58 56 68 54 52 50 46 74 66 18 22 72 60 16 14 3 25 29 9 12 1 42 23 20 31 34 48 36 28 40 38 45 
5 7 74 66 70 64 62 72 60 58 56 68 54 50 46 14 25 29 15 11 34 9 19 22 17 31 3 1 49 42 23 52 37 40 28 38 45 
5 7 68 70 64 62 58 56 52 46 72 60 16 74 66 18 55 22 51 13 9 12 3 25 29 1 42 23 20 31 34 48 36 28 40 38 45 
5 7 68 74 66 70 64 62 72 60 58 56 52 50 46 15 14 25 29 10 3 19 55 22 31 17 12 1 42 23 34 48 36 40 28 38 45 
5 7 68 70 64 62 58 56 52 50 46 74 66 18 55 22 72 60 16 14 3 25 29 9 12 1 42 23 20 31 34 48 36 28 40 38 45 
5 7 69 74 66 70 64 62 60 58 56 54 52 73 46 15 11 34 9 19 22 17 32 3 25 29 1 42 24 51 13 27 48 36 40 38 45 
5 7 70 69 74 66 62 60 58 56 54 65 52 73 46 15 11 34 9 19 22 17 32 3 25 29 1 42 24 51 13 27 48 36 40 38 45 
5 7 70 69 74 66 62 60 58 56 54 65 52 73 46 15 11 34 9 19 22 17 32 3 25 29 43 1 24 51 13 27 48 36 40 38 45 
5 7 71 69 74 66 62 60 58 56 54 65 52 73 46 15 11 34 9 19 22 17 32 3 25 29 43 1 24 51 13 27 48 36 40 38 45 
5 7 70 69 74 66 62 60 58 56 54 65 52 50 73 46 15 11 34 9 19 22 17 32 3 25 29 1 42 24 13 27 48 36 40 38 45 
5 7 70 69 74 66 62 60 58 56 54 65 52 50 73 46 15 11 34 9 19 22 17 32 3 25 29 43 1 24 13 27 48 36 40 38 45 
5 7 71 69 74 66 62 60 58 56 54 65 52 50 73 46 15 11 34 9 19 22 17 32 3 25 29 43 1 24 13 27 48 36 40 38 45 
5 7 74 69 67 70 64 62 58 56 54 52 50 73 46 60 16 11 34 9 19 22 17 31 3 25 29 43 1 23 13 27 48 36 40 38 45 
5 7 70 69 74 66 62 72 60 58 56 54 65 52 46 15 11 34 9 19 22 17 32 3 25 29 1 42 24 51 13 27 48 36 40 38 45 
5 7 70 69 74 66 62 72 60 58 56 54 65 52 46 15 11 34 9 19 22 17 31 3 25 29 43 1 24 51 13 27 48 36 40 38 45 
5 7 70 69 74 66 62 72 60 58 56 54 65 52 46 15 11 34 9 19 22 17 32 3 25 29 43 1 24 51 13 27 48 36 40 38 45 
5 7 70 69 74 66 62 72 60 58 56 54 65 52 50 46 15 11 34 9 19 22 17 32 3 25 29 1 42 24 13 27 48 36 40 38 45 
5 7 70 69 74 66 62 72 60 58 56 54 65 52 50 46 15 11 34 9 19 22 17 31 3 25 29 43 1 24 13 27 48 36 40 38 45 
5 7 70 69 74 66 62 72 60 58 56 54 65 52 50 46 15 11 34 9 19 22 17 32 3 25 29 43 1 24 13 27 48 36 40 38 45 
5 7 70 69 74 66 62 58 56 54 65 52 50 46 72 60 16 9 19 22 17 32 12 24 3 25 29 43 1 13 27 34 48 36 40 38 45 
70 69 74 66 62 60 58 56 54 65 52 73 46 15 39 11 34 9 19 22 17 32 7 24 3 25 29 43 1 40 51 13 27 48 36 6 45 
70 69 74 66 62 60 58 56 54 65 52 50 73 46 15 39 11 34 9 19 22 17 32 7 24 3 25 29 43 1 40 13 27 48 36 6 45 
70 69 74 66 62 60 58 56 54 65 52 50 73 46 15 39 11 9 19 22 17 32 7 24 3 25 29 43 1 40 13 27 35 48 36 6 45 
5 7 74 69 67 64 62 60 58 56 54 52 73 46 15 71 39 11 34 9 19 22 17 32 3 25 29 43 1 40 23 51 13 27 48 36 45 
5 7 74 69 67 64 62 60 58 56 54 52 50 73 46 15 71 39 11 34 9 19 22 17 32 3 25 29 43 1 40 23 13 27 48 36 45 
5 7 74 69 67 64 62 60 58 56 54 52 50 73 46 15 71 39 11 34 10 19 22 17 32 3 25 29 43 1 40 23 13 27 48 36 45 
5 7 74 69 67 64 62 58 56 54 52 50 73 46 60 16 11 34 9 19 22 17 32 3 25 29 43 1 40 23 13 27 48 36 71 39 45 
5 7 69 74 66 62 72 60 58 56 54 65 52 46 15 71 39 11 34 9 19 22 17 32 3 25 29 43 1 40 24 51 13 27 48 36 45 
69 74 66 62 72 60 58 56 54 65 52 46 15 71 39 11 34 9 19 22 17 32 7 24 3 25 29 43 1 40 51 13 27 48 36 6 45 
5 7 69 74 66 64 62 72 60 58 56 54 52 50 46 15 71 39 11 34 9 19 22 17 32 3 25 29 1 40 42 24 13 27 48 36 45 
5 7 69 74 66 62 72 60 58 56 54 65 52 50 46 15 71 39 11 34 9 19 22 17 32 3 25 29 43 1 40 24 13 27 48 36 45 
69 74 66 62 72 60 58 56 54 65 52 50 46 15 71 39 11 34 9 19 22 17 32 7 24 3 25 29 43 1 40 13 27 48 36 6 45 
5 7 74 66 70 64 62 72 60 58 56 68 54 52 50 46 15 39 10 19 22 31 17 12 24 3 25 29 43 1 40 13 27 34 48 36 45 
5 7 69 70 64 62 58 56 54 52 46 72 60 16 74 66 18 22 11 34 9 3 25 29 1 42 24 51 13 27 20 31 48 36 40 38 45 
5 7 70 64 62 58 56 68 54 52 46 72 60 16 74 66 18 22 9 12 3 25 29 1 42 23 51 13 27 20 31 34 48 36 40 38 45 
5 7 69 67 64 62 58 56 54 52 73 46 60 16 74 18 22 11 34 9 20 3 25 29 1 40 42 23 51 13 27 32 48 36 71 39 45 
5 7 69 64 62 58 56 54 52 46 72 60 16 74 66 18 22 11 34 9 20 3 25 29 1 40 42 24 51 13 27 32 48 36 71 39 45 
69 62 58 65 57 52 46 72 60 16 5 74 66 18 22 11 34 9 54 8 4 20 31 43 1 40 24 25 29 51 13 27 48 36 71 39 45 
5 7 70 69 74 66 62 60 58 56 54 65 52 73 46 25 29 15 11 34 9 19 22 17 32 3 1 42 24 51 14 27 48 36 40 38 45 
5 7 70 69 74 66 62 60 58 56 54 65 52 73 46 25 29 15 11 34 9 19 22 17 32 3 24 51 14 27 48 36 40 38 1 43 45 
5 7 71 69 74 66 62 60 58 56 54 65 52 73 46 25 29 15 11 34 9 19 22 17 32 3 24 51 14 27 48 36 40 38 1 43 45 
5 7 69 74 66 70 64 62 58 56 54 52 73 46 60 16 3 25 29 11 34 9 19 22 17 32 1 42 24 51 14 27 48 36 40 38 45 
5 7 70 69 74 66 62 60 58 56 54 65 52 50 73 46 25 29 15 11 34 9 19 22 17 32 3 1 42 24 14 27 48 36 40 38 45 
5 7 70 69 74 66 62 60 58 56 54 65 52 50 73 46 25 29 15 11 34 9 19 22 17 32 3 24 14 27 48 36 40 38 1 43 45 
5 7 71 69 74 66 62 60 58 56 54 65 52 50 73 46 25 29 15 11 34 9 19 22 17 32 3 24 14 27 48 36 40 38 1 43 45 
5 7 70 69 74 66 62 72 60 58 56 54 65 52 46 25 29 15 11 34 9 19 22 17 32 3 1 42 24 51 14 27 48 36 40 38 45 
5 7 69 74 66 70 64 62 58 56 54 52 46 72 60 16 3 25 29 11 34 9 19 22 17 32 1 42 24 51 14 27 48 36 40 38 45 
5 7 69 74 66 70 64 62 58 56 54 52 46 72 60 16 3 25 29 9 19 22 17 32 12 24 1 42 51 14 27 34 48 36 40 38 45 
5 7 70 69 74 66 62 72 60 58 56 54 65 52 50 46 25 29 15 11 34 9 19 22 17 32 3 1 42 24 14 27 48 36 40 38 45 
5 7 70 69 74 66 62 72 60 58 56 54 65 52 50 46 25 29 15 11 34 9 19 22 17 31 3 24 14 27 48 36 40 38 1 43 45 
5 7 70 69 74 66 62 72 60 58 56 54 65 52 50 46 25 29 15 11 34 9 19 22 17 32 3 24 14 27 48 36 40 38 1 43 45 
5 7 70 69 74 66 62 72 60 58 56 54 65 52 50 46 25 29 15 11 34 10 3 19 22 17 31 24 14 27 48 36 40 38 1 43 45 
5 7 70 69 74 66 62 58 56 54 65 52 50 46 72 60 16 3 25 29 9 19 22 17 32 12 24 14 27 34 48 36 40 38 1 43 45 
70 69 74 66 62 60 58 56 54 65 52 50 73 46 3 25 29 15 39 11 34 9 19 22 17 32 7 24 40 14 27 48 36 1 43 6 45 
69 74 66 62 72 60 58 56 54 65 52 46 3 25 29 15 71 39 11 34 10 19 22 17 32 7 24 40 51 14 27 48 36 1 43 6 45 
5 7 69 74 66 62 72 60 58 56 54 65 52 50 46 25 29 15 71 39 11 34 9 19 22 17 32 3 40 24 14 27 48 36 1 43 45 
69 74 66 62 72 60 58 56 54 65 52 50 46 3 25 29 15 71 39 11 34 9 19 22 17 32 7 24 40 14 27 48 36 1 43 6 45 
5 7 69 74 66 62 72 60 58 56 54 65 52 50 46 25 29 15 71 39 11 34 10 3 19 22 17 32 40 24 14 27 48 36 1 43 45 
5 7 74 66 70 64 62 72 60 58 56 68 54 52 50 46 15 39 25 29 10 3 19 22 31 17 12 1 40 42 23 14 27 34 48 36 45 
5 7 69 70 64 62 58 56 54 52 50 46 74 66 18 22 25 29 11 34 72 60 16 10 3 24 14 27 20 31 48 36 40 38 1 43 45 
5 7 69 70 64 62 58 56 54 52 46 74 66 18 22 25 29 11 34 72 60 16 10 3 20 1 40 42 24 51 14 27 32 48 36 39 45 
5 7 69 62 58 56 54 65 52 50 46 74 66 18 22 25 29 11 34 72 60 16 10 3 20 40 24 14 27 32 48 36 71 39 1 43 45 
5 7 69 74 66 70 64 62 72 60 58 56 54 50 46 13 15 11 34 9 19 22 17 31 3 29 1 49 42 26 24 52 37 40 28 38 45 
5 7 74 66 70 64 62 72 60 58 56 68 54 50 46 13 15 11 34 9 19 22 17 31 3 29 1 49 42 26 24 52 37 40 28 38 45 
5 7 68 74 66 70 64 62 72 60 58 56 52 50 46 13 15 11 34 9 19 55 22 17 31 26 3 29 1 42 23 48 36 40 28 38 45 
5 7 68 74 66 70 64 62 72 60 58 56 52 50 46 14 29 15 11 34 9 19 55 22 17 31 26 3 1 42 23 48 36 40 28 38 45 
5 7 69 74 66 70 64 62 60 58 56 54 52 50 73 46 15 11 34 9 19 22 17 32 3 29 1 42 26 24 13 27 48 36 40 38 45 
74 69 67 70 64 62 58 56 52 73 46 19 22 17 31 60 16 11 34 9 54 8 5 3 29 43 1 38 40 23 51 13 27 26 48 36 45 
5 7 69 74 66 70 64 62 72 60 58 56 54 52 50 46 15 11 34 9 19 22 17 32 3 29 1 42 26 24 13 27 48 36 40 38 45 
5 7 69 67 64 62 58 56 54 52 50 73 46 74 18 22 11 34 60 16 10 26 20 3 29 1 40 42 23 13 27 32 48 36 71 39 45 
5 7 69 74 66 70 64 62 72 60 58 56 54 50 46 15 11 34 9 19 22 17 31 3 29 1 49 42 26 24 52 37 13 27 40 38 45 
5 7 69 74 66 64 62 58 56 54 52 50 46 72 60 16 3 29 11 34 9 19 22 17 32 1 40 42 26 24 14 27 48 36 71 39 45 
5 7 74 66 70 64 62 58 56 68 54 50 49 46 72 60 16 3 29 11 34 9 19 22 17 31 26 24 52 37 14 27 40 38 1 43 45 
5 7 68 74 66 70 64 62 72 60 58 56 52 50 46 15 39 11 34 9 19 55 22 17 31 26 3 29 1 40 42 23 13 27 48 36 45 
5 7 68 66 70 64 62 72 60 58 56 52 46 15 51 13 9 19 55 22 31 17 12 3 25 29 75 1 42 23 34 48 36 40 28 38 45 
5 7 68 66 70 64 62 72 60 58 57 52 46 15 51 13 9 19 55 22 31 17 12 3 25 29 75 1 42 23 34 48 36 40 28 38 45 
5 7 69 66 70 64 62 72 60 58 57 52 50 46 13 15 11 34 9 19 55 22 17 31 3 25 29 75 1 42 23 48 36 40 28 38 45 
5 7 69 66 70 64 62 72 60 58 57 52 50 46 15 13 9 19 55 22 31 17 12 3 25 29 75 1 42 23 34 48 36 40 28 38 45 
5 7 68 66 70 64 62 72 60 58 56 52 50 46 15 13 9 19 55 22 31 17 12 3 25 29 75 1 42 23 34 48 36 40 28 38 45 
5 7 68 66 70 64 62 72 60 58 56 50 48 46 13 15 11 34 9 19 55 22 17 31 3 25 29 75 1 42 23 52 37 40 28 38 45 
5 7 68 70 64 62 58 56 52 46 72 60 16 66 18 55 22 51 13 9 12 3 25 29 75 1 42 23 20 31 34 48 36 28 40 38 45 
5 7 68 70 64 62 58 57 52 46 72 60 16 66 18 55 22 51 13 9 12 3 25 29 75 1 42 23 20 31 34 48 36 28 40 38 45 
5 7 69 66 70 64 62 72 60 58 56 52 46 51 14 25 29 15 11 34 9 19 55 22 17 31 3 75 1 42 23 48 36 40 28 38 45 
5 7 68 66 70 64 62 72 60 58 56 52 46 51 14 25 29 15 11 34 9 19 55 22 17 31 3 75 1 42 23 48 36 40 28 38 45 
5 7 69 66 70 64 62 72 60 58 56 52 50 46 14 25 29 15 11 34 9 19 55 22 17 31 3 75 1 42 23 48 36 40 28 38 45 
5 7 69 66 70 64 62 72 60 58 56 52 50 46 15 14 25 29 9 19 55 22 31 3 17 12 75 1 42 23 34 48 36 40 28 38 45 
5 7 69 66 70 64 62 72 60 58 57 52 50 46 15 14 25 29 9 19 55 22 31 3 17 12 75 1 42 23 34 48 36 40 28 38 45 
5 7 69 66 70 64 62 72 60 58 57 52 50 46 15 14 25 29 10 3 19 55 22 31 17 12 75 1 42 23 34 48 36 40 28 38 45 
5 7 69 66 70 64 62 58 56 52 50 46 72 60 16 14 3 25 29 9 19 55 22 31 17 12 75 1 42 23 34 48 36 40 28 38 45 
5 7 68 66 70 64 62 72 60 58 56 52 50 46 15 14 25 29 10 3 19 55 22 31 17 12 75 1 42 23 34 48 36 40 28 38 45 
5 7 68 66 70 64 62 58 56 52 50 46 72 60 16 14 3 25 29 9 19 55 22 31 17 12 75 1 42 23 34 48 36 40 28 38 45 
5 7 69 70 64 62 58 56 52 50 46 66 18 55 22 72 60 16 14 3 25 29 9 12 75 1 42 23 20 31 34 48 36 28 40 38 45 
5 7 69 70 64 62 58 57 52 50 46 66 18 55 22 72 60 16 14 3 25 29 9 12 75 1 42 23 20 31 34 48 36 28 40 38 45 
5 7 68 70 64 62 58 56 52 50 46 66 18 55 22 14 25 29 72 60 16 10 3 12 75 1 42 23 20 31 34 48 36 28 40 38 45 
69 66 64 62 72 60 58 56 52 46 15 71 39 11 34 9 19 55 22 17 31 7 3 25 29 75 1 40 42 23 51 13 27 48 36 6 45 
5 7 68 66 64 62 72 60 58 56 52 46 15 71 39 9 19 55 22 31 17 12 3 25 29 75 1 40 42 23 51 13 27 34 48 36 45 
5 7 69 66 64 62 72 60 58 56 52 50 46 15 71 39 11 34 9 19 55 22 17 31 3 25 29 75 1 40 42 23 13 27 48 36 45 
69 66 70 64 62 72 60 58 56 52 50 46 15 39 11 34 9 19 55 22 17 31 7 3 25 29 75 1 40 42 23 13 27 48 36 6 45 
69 66 64 62 72 60 58 56 52 50 46 15 71 39 11 34 9 19 55 22 17 31 7 3 25 29 75 1 40 42 23 13 27 48 36 6 45 
5 7 69 66 70 64 62 72 60 58 57 52 50 46 15 39 11 34 9 19 55 22 17 31 3 25 29 75 1 40 42 23 13 27 48 36 45 
5 7 69 66 70 64 62 72 60 58 57 52 50 46 15 39 9 19 55 22 31 17 12 3 25 29 75 1 40 42 23 13 27 34 48 36 45 
5 7 69 66 64 72 60 58 56 52 50 46 15 71 39 11 34 9 19 63 55 22 17 31 3 25 29 75 1 40 42 23 13 27 48 36 45 
5 7 69 66 64 72 60 58 56 52 50 46 15 71 39 9 19 63 55 22 31 17 12 3 25 29 75 1 40 42 23 13 27 34 48 36 45 
5 7 68 66 64 62 72 60 58 56 52 50 46 15 71 39 9 19 55 22 31 17 12 3 25 29 75 1 40 42 23 13 27 34 48 36 45 
5 7 68 70 64 62 58 56 52 46 72 60 16 66 18 55 22 9 12 3 25 29 75 1 42 23 51 13 27 20 31 34 48 36 40 38 45 
64 62 58 56 52 46 72 60 16 66 18 55 22 9 68 8 12 5 3 25 29 75 1 40 42 23 51 13 27 20 31 34 48 36 71 39 45 
5 7 68 66 70 64 62 72 60 58 56 52 50 46 15 25 29 10 3 19 55 22 31 17 12 75 1 42 23 14 27 34 48 36 40 38 45 
5 7 68 66 70 64 62 58 56 52 50 46 72 60 16 3 25 29 9 19 55 22 31 17 12 75 1 42 23 14 27 34 48 36 40 38 45 
5 7 69 66 70 64 62 72 60 58 56 52 46 25 29 15 39 11 34 9 19 55 22 17 31 3 75 1 40 42 23 51 14 27 48 36 45 
5 7 69 66 64 62 72 60 58 56 52 46 25 29 15 71 39 11 34 9 19 55 22 17 31 3 75 1 40 42 23 51 14 27 48 36 45 
69 66 70 64 62 72 60 58 56 52 46 3 25 29 15 39 11 34 9 19 55 22 17 31 7 75 1 40 42 23 51 14 27 48 36 6 45 
5 7 68 66 70 64 62 72 60 58 56 52 46 25 29 15 39 11 34 9 19 55 22 17 31 3 75 1 40 42 23 51 14 27 48 36 45 
5 7 68 66 64 62 72 60 58 56 52 46 25 29 15 71 39 11 34 9 19 55 22 17 31 3 75 1 40 42 23 51 14 27 48 36 45 
5 7 68 66 70 64 62 72 60 58 56 52 46 25 29 15 39 11 34 10 3 19 55 22 17 31 75 1 40 42 23 51 14 27 48 36 45 
5 7 69 66 70 64 62 72 60 58 56 52 50 46 25 29 15 39 11 34 9 19 55 22 17 31 3 75 1 40 42 23 14 27 48 36 45 
69 66 70 64 62 72 60 58 56 52 50 46 3 25 29 15 39 11 34 9 19 55 22 17 31 7 75 1 40 42 23 14 27 48 36 6 45 
69 66 64 62 72 60 58 56 52 50 46 3 25 29 15 71 39 11 34 9 19 55 22 17 31 7 75 1 40 42 23 14 27 48 36 6 45 
5 7 69 66 64 62 72 60 58 56 52 50 46 15 71 39 25 29 10 3 19 55 22 31 17 12 75 1 40 42 23 14 27 34 48 36 45 
5 7 69 66 70 64 62 72 60 58 57 52 50 46 15 39 25 29 10 3 19 55 22 31 17 12 75 1 40 42 23 14 27 34 48 36 45 
5 7 68 66 64 62 72 60 58 56 52 50 46 25 29 15 71 39 11 34 9 19 55 22 17 31 3 75 1 40 42 23 14 27 48 36 45 
5 7 68 66 64 62 72 60 58 56 52 50 46 15 71 39 25 29 10 3 19 55 22 31 17 12 75 1 40 42 23 14 27 34 48 36 45 
5 7 68 70 64 62 58 56 52 50 46 66 18 55 22 25 29 72 60 16 10 3 12 75 1 42 23 14 27 20 31 34 48 36 40 38 45 
5 7 68 64 62 58 56 52 50 46 66 18 55 22 25 29 72 60 16 10 3 12 75 1 40 42 23 14 27 20 31 34 48 36 71 39 45 
5 7 69 66 70 64 62 72 60 58 56 52 50 46 13 15 11 34 9 19 55 22 17 31 26 3 29 75 1 42 23 48 36 40 28 38 45 
5 7 69 66 70 64 62 72 60 58 57 52 50 46 13 15 11 34 9 19 55 22 17 31 26 3 29 75 1 42 23 48 36 40 28 38 45 
5 7 68 66 70 64 62 72 60 58 56 52 50 46 13 15 11 34 9 19 55 22 17 31 26 3 29 75 1 42 23 48 36 40 28 38 45 
5 7 69 66 70 64 62 72 60 58 56 52 50 46 14 29 15 11 34 9 19 55 22 17 31 26 3 75 1 42 23 48 36 40 28 38 45 
5 7 66 70 64 62 72 60 58 56 68 54 52 50 46 15 39 11 34 9 19 22 17 31 26 3 29 75 1 40 42 23 13 27 48 36 45 
5 7 69 66 70 64 62 72 60 58 56 52 46 15 11 34 9 19 55 22 17 31 26 3 29 75 1 42 23 51 13 27 48 36 40 38 45 
5 7 68 66 70 64 62 72 60 58 56 52 50 46 15 11 34 9 19 55 22 17 31 26 3 29 75 1 42 23 13 27 48 36 40 38 45 
69 66 70 64 62 72 60 58 56 52 46 15 39 11 34 9 19 55 22 17 31 7 26 3 29 75 1 40 42 23 51 13 27 48 36 6 45 
69 66 64 62 72 60 58 56 52 46 15 71 39 11 34 9 19 55 22 17 31 7 26 3 29 75 1 40 42 23 51 13 27 48 36 6 45 
5 7 69 66 64 72 60 58 56 52 46 15 71 39 9 19 63 55 22 31 26 17 12 3 29 75 1 40 42 23 51 13 27 34 48 36 45 
5 7 69 66 70 64 62 72 60 58 57 52 50 46 15 39 11 34 9 19 55 22 17 31 26 3 29 75 1 40 42 23 13 27 48 36 45 
5 7 69 66 64 72 60 58 56 52 50 46 15 71 39 11 34 9 19 63 55 22 17 31 26 3 29 75 1 40 42 23 13 27 48 36 45 
5 7 68 66 70 64 62 72 60 58 56 52 50 46 15 39 11 34 9 19 55 22 17 31 26 3 29 75 1 40 42 23 13 27 48 36 45 
5 7 68 66 64 62 72 60 58 56 52 50 46 15 71 39 11 34 9 19 55 22 17 31 26 3 29 75 1 40 42 23 13 27 48 36 45 
5 7 69 66 70 64 62 72 60 58 56 52 46 29 15 11 34 9 19 55 22 17 31 26 3 75 1 42 23 51 14 27 48 36 40 38 45 
5 7 68 66 70 64 62 72 60 58 56 52 50 46 29 15 11 34 9 19 55 22 17 31 26 3 75 1 42 23 14 27 48 36 40 38 45 
5 7 69 74 66 70 64 72 60 58 56 63 55 52 46 51 13 15 34 9 19 17 31 3 25 29 1 42 11 21 23 48 36 40 28 38 45 
5 7 73 70 69 74 66 62 60 58 56 54 65 52 47 15 34 9 17 31 20 3 25 29 1 42 11 21 24 51 13 27 48 36 40 38 45 
5 7 73 70 69 74 66 62 60 58 56 54 65 52 47 15 34 9 17 31 20 3 25 29 43 1 11 21 24 51 13 27 48 36 40 38 45 
5 7 73 70 69 74 66 62 60 58 56 54 65 52 47 15 9 31 20 17 12 24 3 25 29 1 42 21 51 13 27 34 48 36 40 38 45 
5 7 73 70 69 74 66 62 60 58 56 54 65 52 47 15 9 31 20 17 12 24 3 25 29 43 1 21 51 13 27 34 48 36 40 38 45 
5 7 73 70 74 66 62 60 58 56 68 54 65 52 47 15 34 9 17 32 20 3 25 29 1 42 11 21 24 51 13 27 48 36 40 38 45 
5 7 73 70 74 66 62 60 58 56 68 54 65 52 47 15 34 9 17 32 20 3 25 29 43 1 11 21 24 51 13 27 48 36 40 38 45 
5 7 73 70 74 66 62 60 58 56 68 54 65 52 47 15 9 20 17 32 12 24 3 25 29 1 42 21 51 13 27 34 48 36 40 38 45 
5 7 73 70 74 66 62 60 58 56 68 54 65 52 47 15 9 20 17 32 12 24 3 25 29 43 1 21 51 13 27 34 48 36 40 38 45 
5 7 73 70 69 74 66 62 60 58 56 54 65 52 50 47 15 34 9 17 31 20 3 25 29 1 42 11 21 24 13 27 48 36 40 38 45 
5 7 73 70 69 74 66 62 60 58 56 54 65 52 50 47 15 34 9 17 31 20 3 25 29 43 1 11 21 24 13 27 48 36 40 38 45 
5 7 73 70 69 74 66 62 60 58 56 54 65 52 50 47 15 9 31 20 17 12 24 3 25 29 1 42 21 13 27 34 48 36 40 38 45 
5 7 73 70 69 74 66 62 60 58 56 54 65 52 50 47 15 9 31 20 17 12 24 3 25 29 43 1 21 13 27 34 48 36 40 38 45 
5 7 73 70 74 66 62 60 58 56 68 54 65 52 50 47 15 34 9 17 32 20 3 25 29 1 42 11 21 24 13 27 48 36 40 38 45 
5 7 73 70 74 66 62 60 58 56 68 54 65 52 50 47 15 34 9 17 32 20 3 25 29 43 1 11 21 24 13 27 48 36 40 38 45 
5 7 73 70 74 66 62 60 58 56 68 54 65 52 50 47 15 9 20 17 32 12 24 3 25 29 1 42 21 13 27 34 48 36 40 38 45 
5 7 73 70 74 66 62 60 58 56 68 54 65 52 50 47 15 9 20 17 32 12 24 3 25 29 43 1 21 13 27 34 48 36 40 38 45 
5 7 70 74 66 62 72 60 58 56 68 54 65 52 47 15 34 9 17 32 20 3 25 29 1 42 11 21 24 51 13 27 48 36 40 38 45 
5 7 70 74 66 62 72 60 58 56 68 54 65 52 47 15 34 9 17 32 20 3 25 29 43 1 11 21 24 51 13 27 48 36 40 38 45 
5 7 70 74 66 62 72 60 58 56 68 54 65 52 47 15 9 20 17 32 12 24 3 25 29 1 42 21 51 13 27 34 48 36 40 38 45 
5 7 70 74 66 62 72 60 58 56 68 54 65 52 47 15 9 20 17 32 12 24 3 25 29 43 1 21 51 13 27 34 48 36 40 38 45 
5 7 70 74 66 62 72 60 58 56 68 54 65 52 50 47 15 34 9 17 32 20 3 25 29 1 42 11 21 24 13 27 48 36 40 38 45 
5 7 70 74 66 62 72 60 58 56 68 54 65 52 50 47 15 34 9 17 32 20 3 25 29 43 1 11 21 24 13 27 48 36 40 38 45 
5 7 70 74 66 62 72 60 58 56 68 54 65 52 50 47 15 9 20 17 32 12 24 3 25 29 1 42 21 13 27 34 48 36 40 38 45 
5 7 70 74 66 62 72 60 58 56 68 54 65 52 50 47 15 9 20 17 32 12 24 3 25 29 43 1 21 13 27 34 48 36 40 38 45 
5 7 69 74 66 62 60 58 56 54 65 52 73 46 15 71 39 34 9 19 17 31 3 25 29 1 40 42 11 21 24 51 13 27 48 36 45 
5 7 69 74 66 62 60 58 56 54 65 52 73 46 15 71 39 34 9 19 17 31 3 25 29 43 1 40 11 21 24 51 13 27 48 36 45 
5 7 69 74 66 62 60 58 56 54 65 52 73 46 15 71 39 9 19 31 17 12 24 3 25 29 1 40 42 21 51 13 27 34 48 36 45 
5 7 74 66 62 60 58 56 68 54 65 52 73 46 15 71 39 34 9 19 17 32 3 25 29 1 40 42 11 21 24 51 13 27 48 36 45 
5 7 74 66 62 60 58 56 68 54 65 52 73 46 15 71 39 34 9 19 17 32 3 25 29 43 1 40 11 21 24 51 13 27 48 36 45 
5 7 74 66 62 60 58 56 68 54 65 52 73 46 15 71 39 9 19 17 32 12 24 3 25 29 1 40 42 21 51 13 27 34 48 36 45 
5 7 73 70 69 74 66 62 60 58 56 54 65 52 47 15 39 34 9 17 31 20 3 25 29 43 1 40 11 21 24 51 13 27 48 36 45 
5 7 73 70 69 74 66 62 60 58 56 54 65 52 47 15 39 9 31 20 17 12 24 3 25 29 43 1 40 21 51 13 27 34 48 36 45 
73 69 74 66 60 58 54 65 57 52 63 47 15 71 39 9 20 31 7 17 12 24 3 25 29 43 1 40 21 51 13 27 34 48 36 6 45 
73 69 74 66 60 58 54 65 57 52 63 47 35 15 71 39 9 17 20 31 7 24 3 25 29 43 1 40 11 21 51 13 27 48 36 6 45 
73 69 74 66 60 58 54 65 57 52 63 47 35 15 71 39 9 20 31 7 17 12 24 3 25 29 43 1 40 21 51 13 27 48 36 6 45 
5 7 73 70 74 66 62 60 58 56 68 54 65 52 47 15 39 34 9 17 32 20 3 25 29 43 1 40 11 21 24 51 13 27 48 36 45 
5 7 73 70 74 66 62 60 58 56 68 54 65 52 47 15 39 9 20 17 32 12 24 3 25 29 43 1 40 21 51 13 27 34 48 36 45 
5 7 69 74 66 62 60 58 56 54 65 52 50 73 46 15 71 39 34 9 19 17 31 3 25 29 1 40 42 11 21 24 13 27 48 36 45 
5 7 69 74 66 62 60 58 56 54 65 52 50 73 46 15 71 39 34 9 19 17 31 3 25 29 43 1 40 11 21 24 13 27 48 36 45 
5 7 69 74 66 62 60 58 56 54 65 52 50 73 46 15 71 39 9 19 31 17 12 24 3 25 29 1 40 42 21 13 27 34 48 36 45 
5 7 69 74 66 62 60 58 56 54 65 52 50 73 46 15 71 39 10 19 31 17 12 24 3 25 29 1 40 42 21 13 27 34 48 36 45 
5 7 69 74 66 62 60 58 56 54 65 52 50 73 46 15 71 39 9 19 31 17 12 24 3 25 29 43 1 40 21 13 27 34 48 36 45 
5 7 69 74 66 62 60 58 56 54 65 52 50 73 46 15 71 39 10 19 31 17 12 24 3 25 29 43 1 40 21 13 27 34 48 36 45 
5 7 74 66 62 60 58 56 68 54 65 52 50 73 46 15 71 39 34 9 19 17 32 3 25 29 1 40 42 11 21 24 13 27 48 36 45 
5 7 74 66 62 60 58 56 68 54 65 52 50 73 46 15 71 39 34 9 19 17 32 3 25 29 43 1 40 11 21 24 13 27 48 36 45 
5 7 74 66 62 60 58 56 68 54 65 52 50 73 46 15 71 39 9 19 17 32 12 24 3 25 29 1 40 42 21 13 27 34 48 36 45 
5 7 74 66 62 60 58 56 68 54 65 52 50 73 46 15 71 39 10 19 17 32 12 24 3 25 29 1 40 42 21 13 27 34 48 36 45 
5 7 74 66 62 60 58 56 68 54 65 52 50 73 46 15 71 39 9 19 17 32 12 24 3 25 29 43 1 40 21 13 27 34 48 36 45 
5 7 74 66 62 60 58 56 68 54 65 52 50 73 46 15 71 39 10 19 17 32 12 24 3 25 29 43 1 40 21 13 27 34 48 36 45 
5 7 73 70 69 74 66 62 60 58 56 54 65 52 50 47 15 39 34 9 17 31 20 3 25 29 43 1 40 11 21 24 13 27 48 36 45 
5 7 73 70 69 74 66 62 60 58 56 54 65 52 50 47 15 39 9 31 20 17 12 24 3 25 29 43 1 40 21 13 27 34 48 36 45 
73 69 74 66 60 58 54 65 57 52 50 63 47 15 71 39 34 9 17 20 31 7 24 3 25 29 43 1 40 11 21 13 27 48 36 6 45 
73 69 74 66 60 58 56 54 65 52 50 63 47 15 71 39 9 20 31 7 17 12 24 3 25 29 43 1 40 21 13 27 34 48 36 6 45 
73 69 74 66 60 58 54 65 57 52 50 63 47 35 15 71 39 9 17 20 31 7 24 3 25 29 43 1 40 11 21 13 27 48 36 6 45 
73 69 74 66 60 58 56 54 65 52 50 63 47 35 15 71 39 9 20 31 7 17 12 24 3 25 29 43 1 40 21 13 27 48 36 6 45 
5 7 73 70 74 66 62 60 58 56 68 54 65 52 50 47 15 39 34 9 17 32 20 3 25 29 43 1 40 11 21 24 13 27 48 36 45 
5 7 73 70 74 66 62 60 58 56 68 54 65 52 50 47 15 39 9 20 17 32 12 24 3 25 29 43 1 40 21 13 27 34 48 36 45 
74 73 67 62 60 58 56 68 54 65 52 47 20 15 71 39 9 7 17 32 12 3 25 29 43 1 40 21 23 51 13 27 34 48 36 6 45 
74 73 67 62 60 58 56 68 54 65 52 47 20 35 15 71 39 9 17 32 7 3 25 29 43 1 40 11 21 23 51 13 27 48 36 6 45 
74 73 67 62 60 58 56 68 54 65 52 47 20 35 15 71 39 9 7 17 32 12 3 25 29 43 1 40 21 23 51 13 27 48 36 6 45 
74 73 67 62 60 58 56 68 54 65 52 50 47 20 15 71 39 34 9 17 32 7 3 25 29 43 1 40 11 21 23 13 27 48 36 6 45 
74 73 67 62 60 58 56 68 54 65 52 50 47 20 15 71 39 34 10 17 32 7 3 25 29 43 1 40 11 21 23 13 27 48 36 6 45 
74 73 67 62 60 58 56 68 54 65 52 50 47 20 15 71 39 9 7 17 32 12 3 25 29 43 1 40 21 23 13 27 34 48 36 6 45 
74 73 67 62 60 58 56 68 54 65 52 50 47 20 35 15 71 39 9 17 32 7 3 25 29 43 1 40 11 21 23 13 27 48 36 6 45 
74 73 67 62 60 58 56 68 54 65 52 50 47 20 35 15 71 39 10 17 32 7 3 25 29 43 1 40 11 21 23 13 27 48 36 6 45 
74 73 67 62 60 58 56 68 54 65 52 50 47 20 35 15 71 39 9 7 17 32 12 3 25 29 43 1 40 21 23 13 27 48 36 6 45 
5 7 74 66 62 72 60 58 56 68 54 65 52 46 15 71 39 34 9 19 17 32 3 25 29 1 40 42 11 21 24 51 13 27 48 36 45 
5 7 74 66 62 72 60 58 56 68 54 65 52 46 15 71 39 34 9 19 17 32 3 25 29 43 1 40 11 21 24 51 13 27 48 36 45 
5 7 74 66 62 72 60 58 56 68 54 65 52 46 15 71 39 9 19 17 32 12 24 3 25 29 1 40 42 21 51 13 27 34 48 36 45 
74 66 62 72 60 58 56 68 54 65 52 47 20 15 71 39 34 9 17 32 7 24 3 25 29 43 1 40 11 21 51 13 27 48 36 6 45 
74 66 62 72 60 58 56 68 54 65 52 47 20 15 71 39 9 7 17 32 12 24 3 25 29 43 1 40 21 51 13 27 34 48 36 6 45 
74 66 62 72 60 58 56 68 54 65 52 47 20 35 15 71 39 9 17 32 7 24 3 25 29 43 1 40 11 21 51 13 27 48 36 6 45 
5 7 74 66 62 72 60 58 56 68 54 65 52 50 46 15 71 39 34 9 19 17 32 3 25 29 1 40 42 11 21 24 13 27 48 36 45 
5 7 74 66 62 72 60 58 56 68 54 65 52 50 46 15 71 39 34 9 19 17 32 3 25 29 43 1 40 11 21 24 13 27 48 36 45 
5 7 74 66 62 72 60 58 56 68 54 65 52 50 46 15 71 39 9 19 17 32 12 24 3 25 29 1 40 42 21 13 27 34 48 36 45 
5 7 74 66 62 72 60 58 56 68 54 65 52 50 46 15 71 39 10 19 17 32 12 24 3 25 29 1 40 42 21 13 27 34 48 36 45 
5 7 74 66 62 72 60 58 56 68 54 65 52 50 46 15 71 39 9 19 17 32 12 24 3 25 29 43 1 40 21 13 27 34 48 36 45 
5 7 74 66 62 72 60 58 56 68 54 65 52 50 46 15 71 39 10 19 17 32 12 24 3 25 29 43 1 40 21 13 27 34 48 36 45 
74 66 62 72 60 58 56 68 54 65 52 50 47 20 15 71 39 34 9 17 32 7 24 3 25 29 43 1 40 11 21 13 27 48 36 6 45 
74 66 62 72 60 58 56 68 54 65 52 50 47 20 15 71 39 9 7 17 32 12 24 3 25 29 43 1 40 21 13 27 34 48 36 6 45 
74 66 62 72 60 58 56 68 54 65 52 50 47 20 15 71 39 10 7 17 32 12 24 3 25 29 43 1 40 21 13 27 34 48 36 6 45 
74 66 62 72 60 58 56 68 54 65 52 50 47 20 35 15 71 39 9 17 32 7 24 3 25 29 43 1 40 11 21 13 27 48 36 6 45 
5 7 73 70 69 74 66 62 60 58 56 54 65 52 47 25 29 15 34 9 17 31 20 3 11 21 24 51 14 27 48 36 40 38 1 43 45 
5 7 73 70 74 66 62 60 58 56 68 54 65 52 47 25 29 15 34 9 17 32 20 3 11 21 24 51 14 27 48 36 40 38 1 43 45 
5 7 73 70 69 74 66 62 60 58 56 54 65 52 50 47 25 29 15 34 9 17 31 20 3 1 42 11 21 24 14 27 48 36 40 38 45 
5 7 73 70 69 74 66 62 60 58 56 54 65 52 50 47 25 29 15 34 9 17 31 20 3 11 21 24 14 27 48 36 40 38 1 43 45 
5 7 73 70 74 66 62 60 58 56 68 54 65 52 50 47 25 29 15 34 9 17 32 20 3 1 42 11 21 24 14 27 48 36 40 38 45 
5 7 73 70 74 66 62 60 58 56 68 54 65 52 50 47 25 29 15 34 9 17 32 20 3 11 21 24 14 27 48 36 40 38 1 43 45 
5 7 70 74 66 62 72 60 58 56 68 54 65 52 47 25 29 15 34 9 17 32 20 3 1 42 11 21 24 51 14 27 48 36 40 38 45 
5 7 70 74 66 62 72 60 58 56 68 54 65 52 50 47 25 29 15 34 9 17 32 20 3 1 42 11 21 24 14 27 48 36 40 38 45 
5 7 70 74 66 62 72 60 58 56 68 54 65 52 50 47 25 29 15 34 9 17 32 20 3 11 21 24 14 27 48 36 40 38 1 43 45 
5 7 73 70 69 74 66 62 60 58 56 54 65 52 50 47 15 25 29 9 4 31 20 17 12 24 1 42 21 14 27 34 48 36 40 38 45 
5 7 73 70 74 66 62 60 58 56 68 54 65 52 50 47 15 25 29 9 4 20 17 32 12 24 1 42 21 14 27 34 48 36 40 38 45 
5 7 70 74 66 62 72 60 58 56 68 54 65 52 50 47 15 25 29 9 4 20 17 32 12 24 1 42 21 14 27 34 48 36 40 38 45 
5 7 69 74 66 62 60 58 56 54 65 52 73 46 25 29 15 71 39 34 9 19 17 31 3 1 40 42 11 21 24 51 14 27 48 36 45 
5 7 69 74 66 62 60 58 56 54 65 52 73 46 25 29 15 71 39 34 9 19 17 31 3 40 11 21 24 51 14 27 48 36 1 43 45 
5 7 74 66 62 60 58 56 68 54 65 52 73 46 25 29 15 71 39 34 9 19 17 32 3 1 40 42 11 21 24 51 14 27 48 36 45 
5 7 74 66 62 60 58 56 68 54 65 52 73 46 25 29 15 71 39 34 9 19 17 32 3 40 11 21 24 51 14 27 48 36 1 43 45 
5 7 69 74 66 62 60 58 56 54 65 52 50 73 46 25 29 15 71 39 34 9 19 17 31 3 1 40 42 11 21 24 14 27 48 36 45 
5 7 69 74 66 62 60 58 56 54 65 52 50 73 46 25 29 15 71 39 34 9 19 17 31 3 40 11 21 24 14 27 48 36 1 43 45 
5 7 69 74 66 62 58 56 54 65 52 50 73 46 60 16 3 25 29 34 9 19 17 31 40 11 21 24 14 27 48 36 71 39 1 43 45 
5 7 74 66 62 60 58 56 68 54 65 52 50 73 46 25 29 15 71 39 34 9 19 17 32 3 1 40 42 11 21 24 14 27 48 36 45 
5 7 74 66 62 60 58 56 68 54 65 52 50 73 46 25 29 15 71 39 34 9 19 17 32 3 40 11 21 24 14 27 48 36 1 43 45 
5 7 73 70 69 74 66 62 60 58 56 54 65 52 50 47 25 29 15 39 34 9 17 31 20 3 40 11 21 24 14 27 48 36 1 43 45 
73 69 74 66 60 58 56 54 65 52 50 63 47 3 25 29 15 71 39 34 9 17 20 31 7 24 40 11 21 14 27 48 36 1 43 6 45 
73 69 74 66 60 58 54 65 57 52 50 63 47 3 25 29 15 71 39 34 10 17 20 31 7 24 40 11 21 14 27 48 36 1 43 6 45 
73 69 74 66 60 58 54 65 57 52 50 63 47 35 3 25 29 15 71 39 10 17 20 31 7 24 40 11 21 14 27 48 36 1 43 6 45 
5 7 73 70 74 66 62 60 58 56 68 54 65 52 50 47 25 29 15 39 34 9 17 32 20 3 40 11 21 24 14 27 48 36 1 43 45 
5 7 74 66 62 72 60 58 56 68 54 65 52 46 25 29 15 71 39 34 9 19 17 32 3 1 40 42 11 21 24 51 14 27 48 36 45 
5 7 74 66 62 72 60 58 56 68 54 65 52 50 46 25 29 15 71 39 34 9 19 17 32 3 1 40 42 11 21 24 14 27 48 36 45 
5 7 74 66 62 72 60 58 56 68 54 65 52 50 46 25 29 15 71 39 34 9 19 17 32 3 40 11 21 24 14 27 48 36 1 43 45 
5 7 74 66 62 58 56 68 54 65 52 50 46 72 60 16 3 25 29 9 19 17 32 12 24 40 21 14 27 34 48 36 71 39 1 43 45 
74 66 62 72 60 58 56 68 54 65 52 50 47 20 3 25 29 15 71 39 34 9 17 32 7 24 40 11 21 14 27 48 36 1 43 6 45 
74 66 62 72 60 58 56 68 54 65 52 50 47 20 3 25 29 15 71 39 34 10 17 32 7 24 40 11 21 14 27 48 36 1 43 6 45 
74 66 62 72 60 58 56 68 54 65 52 50 47 20 35 3 25 29 15 71 39 9 17 32 7 24 40 11 21 14 27 48 36 1 43 6 45 
74 66 62 72 60 58 56 68 54 65 52 50 47 20 35 3 25 29 15 71 39 10 17 32 7 24 40 11 21 14 27 48 36 1 43 6 45 
69 74 66 62 60 58 56 65 52 73 46 19 4 17 32 25 29 15 71 39 34 9 54 8 5 1 40 42 11 21 24 51 14 27 48 36 45 
5 7 69 74 66 62 60 58 56 54 65 52 73 46 25 29 15 71 39 34 10 19 4 17 32 1 40 42 11 21 24 51 14 27 48 36 45 
5 7 69 74 66 62 60 58 56 54 65 52 50 73 46 25 29 15 71 39 34 10 19 4 17 32 1 40 42 11 21 24 14 27 48 36 45 
5 7 69 74 66 62 60 58 56 54 65 52 50 73 46 15 71 39 25 29 9 19 4 31 17 12 24 1 40 42 21 14 27 34 48 36 45 
5 7 74 66 62 60 58 56 68 54 65 52 50 73 46 15 71 39 25 29 9 19 4 17 32 12 24 1 40 42 21 14 27 34 48 36 45 
69 74 66 62 72 60 58 65 57 52 46 19 4 17 32 25 29 15 71 39 34 9 54 8 5 1 40 42 11 21 24 51 14 27 48 36 45 
5 7 69 74 66 62 72 60 58 54 65 57 52 46 25 29 15 71 39 34 10 19 4 17 32 1 40 42 11 21 24 51 14 27 48 36 45 
5 7 69 74 66 62 72 60 58 54 65 57 52 50 46 25 29 15 71 39 34 10 19 4 17 32 1 40 42 11 21 24 14 27 48 36 45 
5 7 74 66 62 72 60 58 56 68 54 65 52 50 46 15 71 39 25 29 9 19 4 17 32 12 24 1 40 42 21 14 27 34 48 36 45 
5 7 69 74 66 64 72 60 58 56 63 55 52 46 15 71 39 34 9 19 17 31 3 25 29 1 40 42 11 21 23 51 13 27 48 36 45 
5 7 68 74 66 64 72 60 58 56 63 55 52 46 15 71 39 34 9 19 17 31 3 25 29 1 40 42 11 21 23 51 13 27 48 36 45 
5 7 69 74 66 70 64 62 72 60 58 56 52 55 47 15 39 34 9 17 31 20 3 25 29 1 40 42 11 21 23 51 13 27 48 36 45 
68 74 66 64 62 72 60 58 56 52 55 47 15 71 39 34 9 17 20 31 7 3 25 29 1 40 42 11 21 23 51 13 27 48 36 6 45 
68 74 66 64 62 72 60 58 56 52 50 55 47 15 71 39 34 9 17 20 31 7 3 25 29 1 40 42 11 21 23 13 27 48 36 6 45 
68 74 66 64 62 72 60 58 56 52 50 55 47 15 71 39 9 20 31 7 17 12 3 25 29 1 40 42 21 23 13 27 34 48 36 6 45 
69 74 66 64 62 72 60 58 56 55 52 46 3 25 29 15 71 39 34 9 19 17 31 7 1 40 42 11 21 23 51 14 27 48 36 6 45 
5 7 69 74 66 64 62 58 56 55 52 46 72 60 16 3 25 29 9 19 31 17 12 1 40 42 21 23 51 14 27 34 48 36 71 39 45 
5 7 69 74 66 64 62 72 60 58 56 55 52 50 46 15 71 39 25 29 10 3 19 31 17 12 1 40 42 21 23 14 27 34 48 36 45 
5 7 68 74 66 64 62 72 60 58 56 55 52 50 46 15 71 39 25 29 10 3 19 31 17 12 1 40 42 21 23 14 27 34 48 36 45 
68 74 66 64 62 72 60 58 56 52 50 55 47 3 25 29 15 71 39 34 9 17 20 31 7 1 40 42 11 21 23 14 27 48 36 6 45 
68 74 66 64 62 72 60 58 56 52 50 55 47 15 71 39 3 25 29 10 20 31 7 17 12 1 40 42 21 23 14 27 34 48 36 6 45 
68 74 66 64 62 72 60 58 56 52 50 55 47 35 3 25 29 15 71 39 9 17 20 31 7 1 40 42 11 21 23 14 27 48 36 6 45 
68 74 66 64 62 72 60 58 56 52 50 55 47 35 15 71 39 3 25 29 10 20 31 7 17 12 1 40 42 21 23 14 27 48 36 6 45 
5 7 69 74 66 70 64 62 72 60 58 56 55 52 46 51 13 15 34 9 19 17 31 26 3 29 1 42 11 21 23 48 36 40 28 38 45 
5 7 69 74 66 70 64 62 72 60 58 56 55 52 46 51 14 29 15 34 9 19 17 31 26 3 1 42 11 21 23 48 36 40 28 38 45 
5 7 69 74 66 70 64 62 72 60 58 56 52 55 47 15 34 9 17 26 31 20 3 29 1 42 11 21 23 51 13 27 48 36 40 38 45 
5 7 69 74 66 70 64 62 72 60 58 56 52 50 55 47 15 34 9 17 26 31 20 3 29 1 42 11 21 23 13 27 48 36 40 38 45 
5 7 68 74 66 70 64 62 72 60 58 56 52 50 55 47 15 34 9 17 26 31 20 3 29 1 42 11 21 23 13 27 48 36 40 38 45 
5 7 69 74 66 64 62 72 60 58 56 55 52 46 15 71 39 34 9 19 17 31 26 3 29 1 40 42 11 21 23 51 13 27 48 36 45 
5 7 69 74 66 64 62 72 60 58 56 55 52 50 46 15 71 39 34 9 19 17 31 26 3 29 1 40 42 11 21 23 13 27 48 36 45 
5 7 69 74 66 70 64 62 72 60 58 56 52 50 55 47 15 39 34 9 17 26 31 20 3 29 1 40 42 11 21 23 13 27 48 36 45 
68 74 66 64 62 72 60 58 56 52 50 55 47 15 71 39 34 9 17 20 31 7 26 3 29 1 40 42 11 21 23 13 27 48 36 6 45 
5 7 69 74 66 70 64 62 72 60 58 56 52 50 55 47 29 15 34 9 17 26 31 20 3 1 42 11 21 23 14 27 48 36 40 38 45 
5 7 68 74 66 70 64 62 72 60 58 56 52 50 55 47 29 15 34 9 17 26 31 20 3 1 42 11 21 23 14 27 48 36 40 38 45 
5 7 69 74 66 64 62 72 60 58 56 55 52 46 29 15 71 39 34 9 19 17 31 26 3 1 40 42 11 21 23 51 14 27 48 36 45 
5 7 69 66 64 62 72 60 58 56 54 52 46 15 71 39 9 19 31 17 12 3 25 29 75 1 40 42 21 23 51 13 27 34 48 36 45 
5 7 69 66 64 63 72 60 58 54 57 52 46 15 71 39 34 9 19 17 31 3 25 29 75 1 40 42 11 21 23 51 13 27 48 36 45 
5 7 69 66 70 64 62 72 60 58 56 54 52 47 15 39 34 9 17 31 20 3 25 29 75 1 40 42 11 21 23 51 13 27 48 36 45 
5 7 69 66 64 63 72 60 58 54 57 52 50 46 15 71 39 34 9 19 17 31 3 25 29 75 1 40 42 11 21 23 13 27 48 36 45 
5 7 69 66 64 63 72 60 58 54 57 52 50 46 15 71 39 9 19 31 17 12 3 25 29 75 1 40 42 21 23 13 27 34 48 36 45 
5 7 69 66 70 64 62 72 60 58 56 54 52 50 47 15 39 34 9 17 31 20 3 25 29 75 1 40 42 11 21 23 13 27 48 36 45 
5 7 69 66 64 63 72 60 58 56 54 52 46 25 29 15 71 39 34 9 19 17 31 3 75 1 40 42 11 21 23 51 14 27 48 36 45 
66 64 62 72 60 58 56 52 46 19 17 31 25 29 15 71 39 34 9 68 54 8 3 5 75 1 40 42 11 21 23 51 14 27 48 36 45 
5 7 66 64 62 72 60 58 56 68 54 52 46 25 29 15 71 39 34 10 3 19 17 31 75 1 40 42 11 21 23 51 14 27 48 36 45 
5 7 69 66 64 62 72 60 58 56 54 52 50 46 15 71 39 25 29 10 3 19 31 17 12 75 1 40 42 21 23 14 27 34 48 36 45 
5 7 69 66 64 63 72 60 58 56 54 52 50 46 25 29 15 71 39 34 9 19 17 31 3 75 1 40 42 11 21 23 14 27 48 36 45 
5 7 69 66 64 63 72 60 58 54 57 52 50 46 15 71 39 25 29 10 3 19 31 17 12 75 1 40 42 21 23 14 27 34 48 36 45 
5 7 66 64 62 72 60 58 56 68 54 52 50 46 25 29 15 71 39 34 10 3 19 17 31 75 1 40 42 11 21 23 14 27 48 36 45 
5 7 69 66 70 64 62 72 60 58 56 54 52 50 47 25 29 15 39 34 9 17 31 20 3 75 1 40 42 11 21 23 14 27 48 36 45 
5 7 69 66 70 64 62 72 60 58 56 52 55 47 15 34 9 17 31 20 3 25 29 75 1 42 11 21 23 51 13 27 48 36 40 38 45 
5 7 69 66 70 64 62 72 60 58 56 52 50 55 47 15 34 9 17 31 20 3 25 29 75 1 42 11 21 23 13 27 48 36 40 38 45 
5 7 69 66 64 62 72 60 58 56 55 52 46 15 71 39 34 9 19 17 31 3 25 29 75 1 40 42 11 21 23 51 13 27 48 36 45 
5 7 69 66 64 62 72 60 58 55 57 52 46 15 71 39 34 9 19 17 31 3 25 29 75 1 40 42 11 21 23 51 13 27 48 36 45 
5 7 69 66 64 62 72 60 58 55 57 52 46 15 71 39 9 19 31 17 12 3 25 29 75 1 40 42 21 23 51 13 27 34 48 36 45 
5 7 69 66 64 72 60 58 56 63 55 52 46 15 71 39 34 9 19 17 31 3 25 29 75 1 40 42 11 21 23 51 13 27 48 36 45 
5 7 69 66 70 64 62 72 60 58 56 52 55 47 15 39 34 9 17 31 20 3 25 29 75 1 40 42 11 21 23 51 13 27 48 36 45 
69 66 64 62 72 60 58 56 52 55 47 15 71 39 34 9 17 20 31 7 3 25 29 75 1 40 42 11 21 23 51 13 27 48 36 6 45 
69 66 64 62 72 60 58 56 52 55 47 35 15 71 39 9 20 31 7 17 12 3 25 29 75 1 40 42 21 23 51 13 27 48 36 6 45 
69 66 64 72 60 58 56 52 63 55 47 15 71 39 34 9 17 20 31 7 3 25 29 75 1 40 42 11 21 23 51 13 27 48 36 6 45 
69 66 64 72 60 58 56 52 63 55 47 35 15 71 39 9 17 20 31 7 3 25 29 75 1 40 42 11 21 23 51 13 27 48 36 6 45 
5 7 68 66 70 64 62 72 60 58 56 52 55 47 15 39 34 9 17 31 20 3 25 29 75 1 40 42 11 21 23 51 13 27 48 36 45 
69 66 70 64 62 72 60 58 56 55 52 50 46 15 39 34 9 19 17 31 7 3 25 29 75 1 40 42 11 21 23 13 27 48 36 6 45 
5 7 69 66 64 62 72 60 58 56 55 52 50 46 15 71 39 9 19 31 17 12 3 25 29 75 1 40 42 21 23 13 27 34 48 36 45 
5 7 69 66 64 62 72 60 58 55 57 52 50 46 15 71 39 9 19 31 17 12 3 25 29 75 1 40 42 21 23 13 27 34 48 36 45 
5 7 69 66 64 72 60 58 56 63 55 52 50 46 15 71 39 34 9 19 17 31 3 25 29 75 1 40 42 11 21 23 13 27 48 36 45 
5 7 69 66 64 72 60 58 63 55 57 52 50 46 15 71 39 34 9 19 17 31 3 25 29 75 1 40 42 11 21 23 13 27 48 36 45 
5 7 69 66 64 72 60 58 56 63 55 52 50 46 15 71 39 9 19 31 17 12 3 25 29 75 1 40 42 21 23 13 27 34 48 36 45 
5 7 69 66 64 72 60 58 63 55 57 52 50 46 15 71 39 9 19 31 17 12 3 25 29 75 1 40 42 21 23 13 27 34 48 36 45 
5 7 69 66 70 64 62 72 60 58 56 52 50 55 47 15 39 34 9 17 31 20 3 25 29 75 1 40 42 11 21 23 13 27 48 36 45 
69 66 64 62 72 60 58 56 52 50 55 47 15 71 39 34 9 17 20 31 7 3 25 29 75 1 40 42 11 21 23 13 27 48 36 6 45 
69 66 64 62 72 60 58 56 52 50 55 47 15 71 39 9 20 31 7 17 12 3 25 29 75 1 40 42 21 23 13 27 34 48 36 6 45 
69 66 64 72 60 58 56 52 50 63 55 47 15 71 39 34 9 17 20 31 7 3 25 29 75 1 40 42 11 21 23 13 27 48 36 6 45 
69 66 64 72 60 58 56 52 50 63 55 47 15 71 39 9 20 31 7 17 12 3 25 29 75 1 40 42 21 23 13 27 34 48 36 6 45 
5 7 68 66 70 64 62 72 60 58 56 52 50 55 47 15 39 34 9 17 31 20 3 25 29 75 1 40 42 11 21 23 13 27 48 36 45 
5 7 69 66 70 64 62 72 60 58 56 52 55 47 25 29 15 34 9 17 31 20 3 75 1 42 11 21 23 51 14 27 48 36 40 38 45 
69 66 70 64 62 72 60 58 56 55 52 50 46 3 25 29 15 9 19 17 31 7 75 1 42 11 21 23 14 27 35 48 36 40 38 6 45 
5 7 69 66 70 64 62 72 60 58 56 52 50 55 47 25 29 15 34 9 17 31 20 3 75 1 42 11 21 23 14 27 48 36 40 38 45 
5 7 69 66 64 62 72 60 58 56 55 52 46 25 29 15 71 39 34 9 19 17 31 3 75 1 40 42 11 21 23 51 14 27 48 36 45 
69 66 64 62 72 60 58 56 55 52 46 19 17 31 25 29 15 71 39 34 9 8 3 5 75 1 40 42 11 21 23 51 14 27 48 36 45 
5 7 69 66 64 62 72 60 58 56 55 52 46 25 29 15 71 39 34 10 3 19 17 31 75 1 40 42 11 21 23 51 14 27 48 36 45 
5 7 69 66 64 62 58 56 55 52 46 72 60 16 3 25 29 34 9 19 17 31 75 1 40 42 11 21 23 51 14 27 48 36 71 39 45 
66 64 62 72 60 58 56 55 52 46 19 17 31 25 29 15 71 39 34 9 68 8 3 5 75 1 40 42 11 21 23 51 14 27 48 36 45 
5 7 68 66 64 62 72 60 58 56 55 52 46 25 29 15 71 39 34 10 3 19 17 31 75 1 40 42 11 21 23 51 14 27 48 36 45 
5 7 68 66 64 62 58 56 55 52 46 72 60 16 3 25 29 9 19 31 17 12 75 1 40 42 21 23 51 14 27 34 48 36 71 39 45 
69 66 70 64 62 72 60 58 56 55 52 50 46 3 25 29 15 39 34 9 19 17 31 7 75 1 40 42 11 21 23 14 27 48 36 6 45 
5 7 69 66 64 62 72 60 58 56 55 52 50 46 25 29 15 71 39 34 10 3 19 17 31 75 1 40 42 11 21 23 14 27 48 36 45 
5 7 69 66 64 62 72 60 58 56 55 52 50 46 15 71 39 25 29 9 19 31 3 17 12 75 1 40 42 21 23 14 27 34 48 36 45 
5 7 69 66 64 62 72 60 58 56 55 52 50 46 15 71 39 25 29 10 3 19 31 17 12 75 1 40 42 21 23 14 27 34 48 36 45 
5 7 69 66 64 62 72 60 58 55 57 52 50 46 15 71 39 25 29 10 3 19 31 17 12 75 1 40 42 21 23 14 27 34 48 36 45 
5 7 69 66 64 72 60 58 56 63 55 52 50 46 25 29 15 71 39 34 9 19 17 31 3 75 1 40 42 11 21 23 14 27 48 36 45 
5 7 69 66 64 72 60 58 56 63 55 52 50 46 15 71 39 25 29 10 3 19 31 17 12 75 1 40 42 21 23 14 27 34 48 36 45 
5 7 69 66 64 58 56 63 55 52 50 46 72 60 16 3 25 29 9 19 31 17 12 75 1 40 42 21 23 14 27 34 48 36 71 39 45 
5 7 68 66 64 62 72 60 58 56 55 52 50 46 25 29 15 71 39 34 10 3 19 17 31 75 1 40 42 11 21 23 14 27 48 36 45 
5 7 68 66 64 62 72 60 58 56 55 52 50 46 15 71 39 25 29 10 3 19 31 17 12 75 1 40 42 21 23 14 27 34 48 36 45 
5 7 69 66 70 64 62 72 60 58 56 52 50 55 47 25 29 15 39 34 9 17 31 20 3 75 1 40 42 11 21 23 14 27 48 36 45 
69 66 64 62 72 60 58 56 52 50 55 47 3 25 29 15 71 39 34 9 17 20 31 7 75 1 40 42 11 21 23 14 27 48 36 6 45 
69 66 64 62 72 60 58 56 52 50 55 47 15 71 39 3 25 29 10 20 31 7 17 12 75 1 40 42 21 23 14 27 34 48 36 6 45 
69 66 64 62 72 60 58 56 52 50 55 47 35 15 71 39 3 25 29 10 20 31 7 17 12 75 1 40 42 21 23 14 27 48 36 6 45 
69 66 64 72 60 58 56 52 50 63 55 47 3 25 29 15 71 39 34 9 17 20 31 7 75 1 40 42 11 21 23 14 27 48 36 6 45 
69 66 64 72 60 58 56 52 50 63 55 47 15 71 39 3 25 29 10 20 31 7 17 12 75 1 40 42 21 23 14 27 34 48 36 6 45 
69 66 64 72 60 58 56 52 50 63 55 47 35 3 25 29 15 71 39 9 17 20 31 7 75 1 40 42 11 21 23 14 27 48 36 6 45 
5 7 68 66 70 64 62 72 60 58 56 52 50 55 47 25 29 15 39 34 9 17 31 20 3 75 1 40 42 11 21 23 14 27 48 36 45 
5 7 69 66 70 64 62 72 60 58 56 54 52 50 47 15 34 9 17 26 31 20 3 29 75 1 42 11 21 23 13 27 48 36 40 38 45 
5 7 69 66 64 62 72 60 58 56 54 52 50 46 15 71 39 34 9 19 17 31 26 3 29 75 1 40 42 11 21 23 13 27 48 36 45 
5 7 69 66 64 63 72 60 58 54 57 52 50 46 15 71 39 34 9 19 17 31 26 3 29 75 1 40 42 11 21 23 13 27 48 36 45 
5 7 69 66 70 64 62 72 60 58 56 54 52 50 47 15 39 34 9 17 26 31 20 3 29 75 1 40 42 11 21 23 13 27 48 36 45 
5 7 69 66 70 64 62 72 60 58 56 54 52 50 47 29 15 34 9 17 26 31 20 3 75 1 42 11 21 23 14 27 48 36 40 38 45 
5 7 69 66 64 63 72 60 58 56 54 52 50 46 29 15 71 39 34 9 19 17 31 26 3 75 1 40 42 11 21 23 14 27 48 36 45 
5 7 69 66 70 64 62 72 60 58 56 52 50 55 47 15 34 9 17 26 31 20 3 29 75 1 42 11 21 23 13 27 48 36 40 38 45 
5 7 69 66 64 62 72 60 58 56 55 52 50 46 15 71 39 34 9 19 17 31 26 3 29 75 1 40 42 11 21 23 13 27 48 36 45 
69 66 64 62 72 60 58 56 52 50 55 47 35 15 71 39 9 17 20 31 7 26 3 29 75 1 40 42 11 21 23 13 27 48 36 6 45 
69 66 64 72 60 58 56 52 50 63 55 47 35 15 71 39 9 17 20 31 7 26 3 29 75 1 40 42 11 21 23 13 27 48 36 6 45 
5 7 69 66 70 64 62 72 60 58 56 52 50 55 47 29 15 34 9 17 26 31 20 3 75 1 42 11 21 23 14 27 48 36 40 38 45 
5 7 69 66 64 72 60 58 56 63 55 52 50 46 29 15 71 39 34 9 19 17 31 26 3 75 1 40 42 11 21 23 14 27 48 36 45 
5 7 69 74 66 70 64 62 60 58 56 54 52 73 46 51 13 9 19 22 17 3 25 29 15 11 34 2 24 44 48 36 33 28 38 40 42 
5 7 74 69 67 70 64 62 60 58 56 54 52 73 46 51 13 9 19 22 17 31 3 25 29 15 11 34 2 23 44 48 36 28 38 40 42 
5 7 74 67 70 64 62 60 58 56 68 54 52 73 46 51 13 43 9 19 22 17 31 3 25 29 15 11 34 2 23 44 48 36 28 38 40 
5 7 74 69 67 70 64 62 58 56 54 52 50 73 46 60 16 13 9 19 22 17 31 3 25 29 11 34 2 23 44 48 36 28 38 40 42 
5 7 74 67 70 64 62 60 58 56 68 54 52 50 73 46 13 43 9 19 22 17 31 3 25 29 15 11 34 2 23 44 48 36 28 38 40 
5 7 69 74 66 70 64 62 72 60 58 56 54 50 48 46 13 9 19 22 17 3 25 29 15 11 34 2 52 37 24 44 33 28 38 40 42 
5 7 69 70 64 62 58 56 54 52 50 46 72 60 16 74 66 18 22 13 9 20 12 44 24 3 25 29 2 34 48 36 28 33 38 40 42 
5 7 70 64 62 58 56 68 54 52 50 46 72 60 16 74 66 18 22 13 9 20 3 25 29 11 34 2 44 24 48 36 28 33 38 40 42 
5 7 69 70 64 62 58 56 54 52 50 73 46 60 16 74 66 18 22 13 9 3 25 29 11 34 2 44 24 20 31 48 36 28 38 40 42 
5 7 69 70 64 62 58 56 54 52 50 73 46 60 16 74 66 18 22 13 9 12 44 24 3 25 29 2 20 31 34 48 36 28 38 40 42 
69 64 62 58 56 52 46 72 60 16 74 66 18 22 51 13 9 54 8 44 12 5 3 25 29 71 2 23 20 31 34 48 36 38 28 40 42 
5 7 69 64 62 58 56 54 52 46 74 66 18 22 51 13 72 60 16 10 44 12 3 25 29 71 2 23 20 31 34 48 36 28 38 40 42 
64 62 58 56 52 46 72 60 16 74 66 18 22 51 13 9 68 54 8 44 5 3 25 29 11 34 71 2 23 20 31 48 36 38 28 40 42 
64 62 58 56 52 46 72 60 16 74 66 18 22 51 13 9 68 54 8 44 12 5 3 25 29 71 2 23 20 31 34 48 36 38 28 40 42 
5 7 64 62 58 56 68 54 52 46 74 66 18 22 51 13 72 60 16 10 44 12 3 25 29 71 2 23 20 31 34 48 36 28 38 40 42 
5 7 69 64 62 58 56 54 52 50 46 72 60 16 74 66 18 22 13 9 44 12 3 25 29 71 2 23 20 31 34 48 36 28 38 40 42 
5 7 69 64 62 58 56 54 52 50 46 72 60 16 74 66 18 22 13 9 35 44 3 25 29 11 71 2 23 20 31 48 36 28 38 40 42 
5 7 69 64 62 58 56 54 52 50 72 60 16 74 66 18 47 22 13 9 44 12 3 25 29 71 2 23 20 31 34 48 36 28 38 40 42 
5 7 64 62 58 56 68 54 52 50 72 60 16 74 66 18 47 22 13 9 44 3 25 29 11 34 71 2 23 20 31 48 36 28 38 40 42 
5 7 64 62 58 56 68 54 52 50 72 60 16 74 66 18 47 22 13 9 44 12 3 25 29 71 2 23 20 31 34 48 36 28 38 40 42 
5 7 64 62 58 56 68 54 52 46 74 66 18 22 51 13 72 60 16 10 20 4 11 34 71 2 44 24 25 29 48 36 28 33 38 40 42 
64 62 58 56 52 46 72 60 16 5 74 66 18 22 51 13 9 68 54 8 20 12 44 24 4 71 2 25 29 34 48 36 38 28 33 40 42 
5 7 64 62 58 56 68 54 52 50 46 72 60 16 74 66 18 22 13 9 20 4 11 34 71 2 44 24 25 29 48 36 28 33 38 40 42 
5 7 64 62 58 56 68 54 52 50 72 60 16 74 66 18 47 22 13 9 20 12 44 24 4 71 2 25 29 34 48 36 28 33 38 40 42 
69 64 62 58 56 52 73 46 60 16 5 74 66 18 22 51 13 9 54 8 4 20 31 11 34 71 2 44 24 25 29 48 36 38 28 40 42 
5 7 69 64 62 58 56 54 52 73 46 74 66 18 22 51 13 60 16 10 12 44 24 4 20 31 71 2 25 29 34 48 36 28 38 40 42 
69 64 62 58 56 52 73 46 60 16 5 74 66 18 22 51 13 9 54 8 35 4 20 31 11 71 2 44 24 25 29 48 36 38 28 40 42 
5 7 69 64 62 58 56 54 52 73 46 74 66 18 22 51 13 60 16 10 35 4 20 31 11 71 2 44 24 25 29 48 36 28 38 40 42 
5 7 64 62 58 56 68 54 52 50 73 46 60 16 74 66 18 22 13 9 4 20 31 11 34 71 2 44 24 25 29 48 36 28 38 40 42 
5 7 64 62 58 56 68 54 52 50 73 46 60 16 74 66 18 22 13 9 12 44 24 4 20 31 71 2 25 29 34 48 36 28 38 40 42 
5 7 73 64 62 58 56 68 54 52 50 60 16 74 66 18 47 22 13 9 12 44 24 4 20 31 71 2 25 29 34 48 36 28 38 40 42 
69 64 62 58 57 52 46 72 60 16 5 74 66 18 22 51 13 9 54 8 4 20 31 11 34 71 2 44 24 25 29 48 36 38 28 40 42 
5 7 69 64 62 58 54 57 52 46 74 66 18 22 51 13 72 60 16 10 12 44 24 4 20 31 71 2 25 29 34 48 36 28 38 40 42 
5 7 64 62 58 56 68 54 52 50 46 72 60 16 74 66 18 22 13 9 4 20 31 11 34 71 2 44 24 25 29 48 36 28 38 40 42 
5 7 64 62 58 56 68 54 52 50 46 72 60 16 74 66 18 22 13 9 12 44 24 4 20 31 71 2 25 29 34 48 36 28 38 40 42 
5 7 64 62 58 56 68 54 52 50 72 60 16 74 66 18 47 22 13 9 12 44 24 4 20 31 71 2 25 29 34 48 36 28 38 40 42 
64 62 58 56 52 46 72 60 16 74 66 18 22 51 13 9 68 54 8 44 12 5 3 25 29 23 20 31 34 48 36 71 2 39 28 40 42 
69 64 62 58 57 52 46 72 60 16 5 74 66 18 22 51 13 9 54 8 20 4 11 34 44 24 25 29 48 36 71 2 39 28 33 40 42 
64 62 58 56 52 46 72 60 16 5 74 66 18 22 51 13 9 68 54 8 20 12 44 24 4 25 29 34 48 36 71 2 39 28 33 40 42 
5 7 74 66 70 64 62 72 60 58 56 68 54 46 51 13 9 19 22 17 31 3 25 29 15 11 34 2 52 37 24 44 28 38 40 49 42 
5 7 69 74 66 70 64 62 72 60 58 56 54 50 46 13 9 19 22 17 31 3 25 29 15 11 34 2 52 37 24 44 28 38 40 49 42 
5 7 74 66 70 64 62 72 60 58 56 68 54 50 46 13 9 19 22 17 31 3 25 29 15 11 34 2 52 37 24 44 28 38 40 49 42 
5 7 74 66 70 64 62 72 60 58 56 68 54 46 51 13 9 19 22 17 31 3 25 29 15 11 34 2 23 44 52 37 28 38 40 49 42 
5 7 69 74 66 70 64 62 72 60 58 56 54 50 46 13 9 19 22 17 31 3 25 29 15 11 34 2 23 44 52 37 28 38 40 49 42 
5 7 74 66 70 64 62 72 60 58 56 68 54 50 46 13 9 19 22 17 31 3 25 29 15 11 34 2 23 44 52 37 28 38 40 49 42 
5 7 69 67 70 64 62 58 56 54 52 50 73 46 60 16 74 18 22 13 9 44 3 25 29 11 34 2 23 20 31 36 28 38 40 49 42 
5 7 74 66 70 64 62 72 60 58 56 68 54 52 46 51 14 25 29 10 3 19 22 17 15 11 34 2 24 44 48 36 33 28 38 40 42 
74 66 70 64 62 58 56 52 46 19 22 17 72 60 16 51 14 5 3 25 29 9 68 54 8 11 34 2 24 44 48 36 33 38 28 40 42 
74 66 70 64 62 58 56 52 46 19 22 72 60 16 51 14 5 3 25 29 9 68 54 8 17 12 2 24 44 34 48 36 33 38 28 40 42 
74 66 70 64 62 58 56 52 46 19 22 31 72 60 16 51 14 5 3 25 29 9 68 54 8 17 12 2 24 44 34 48 36 38 28 40 42 
74 66 70 64 62 58 56 52 46 19 22 31 72 60 16 51 14 5 3 25 29 9 68 54 8 17 12 2 23 44 34 48 36 38 28 40 42 
5 7 69 70 64 62 72 60 58 56 54 52 50 46 74 66 18 22 14 25 29 9 20 3 15 11 34 2 44 24 48 36 33 28 38 40 42 
5 7 70 64 62 72 60 58 56 68 54 52 50 46 74 66 18 22 14 25 29 9 20 3 12 44 24 15 2 34 48 36 33 28 38 40 42 
5 7 69 70 64 62 58 56 54 52 50 73 46 74 66 18 22 60 16 14 3 25 29 9 11 34 2 44 24 20 31 48 36 28 38 40 42 
5 7 70 64 62 60 58 56 68 54 52 50 73 46 74 66 18 22 14 25 29 9 3 12 44 24 15 2 20 31 34 48 36 28 38 40 42 
5 7 69 70 64 62 58 56 54 52 46 74 66 18 22 51 14 25 29 72 60 16 10 3 11 34 2 44 24 20 31 48 36 28 38 40 42 
5 7 70 64 62 58 56 68 54 52 46 74 66 18 22 51 14 25 29 72 60 16 10 3 12 44 24 2 20 31 34 48 36 28 38 40 42 
5 7 70 64 62 58 56 68 54 52 46 74 66 18 22 51 14 25 29 72 60 16 10 3 44 12 2 23 20 31 34 48 36 28 38 40 42 
5 7 70 64 62 72 60 58 56 68 54 52 50 46 74 66 18 22 14 25 29 9 20 4 15 11 34 2 44 24 48 36 33 28 38 40 42 
5 7 74 66 70 64 62 72 60 58 56 68 54 50 46 14 25 29 9 19 22 17 31 3 15 11 34 2 52 37 24 44 28 38 40 49 42 
5 7 74 66 70 64 62 72 60 58 56 68 54 46 51 14 25 29 9 19 22 17 31 3 15 11 34 2 23 44 52 37 28 38 40 49 42 
5 7 69 74 66 70 64 62 72 60 58 56 54 50 46 14 25 29 9 19 22 17 31 3 15 11 34 2 23 44 52 37 28 38 40 49 42 
5 7 74 66 70 64 62 72 60 58 56 68 54 50 46 14 25 29 9 19 22 17 31 3 15 11 34 2 23 44 52 37 28 38 40 49 42 
69 64 62 58 56 52 46 72 60 16 74 66 18 55 22 51 13 9 8 44 12 5 3 25 29 71 2 23 20 31 34 48 36 38 28 40 42 
5 7 69 64 62 58 56 52 46 74 66 18 55 22 51 13 72 60 16 10 44 12 3 25 29 71 2 23 20 31 34 48 36 28 38 40 42 
64 62 58 56 52 46 72 60 16 74 66 18 55 22 51 13 9 68 8 44 12 5 3 25 29 71 2 23 20 31 34 48 36 38 28 40 42 
5 7 68 64 62 58 56 52 46 74 66 18 55 22 51 13 72 60 16 10 44 12 3 25 29 71 2 23 20 31 34 48 36 28 38 40 42 
5 7 69 70 64 62 58 56 52 50 46 72 60 16 74 66 18 55 22 13 9 44 12 3 25 29 2 23 20 31 34 48 36 28 38 40 42 
5 7 69 64 62 58 56 52 50 46 72 60 16 74 66 18 55 22 13 9 44 12 3 25 29 71 2 23 20 31 34 48 36 28 38 40 42 
5 7 69 64 62 58 56 52 50 72 60 16 74 66 18 55 47 22 13 9 44 12 3 25 29 71 2 23 20 31 34 48 36 28 38 40 42 
5 7 68 64 62 58 56 52 50 46 72 60 16 74 66 18 55 22 13 9 44 12 3 25 29 71 2 23 20 31 34 48 36 28 38 40 42 
5 7 68 64 62 58 56 52 50 72 60 16 74 66 18 55 47 22 13 9 44 12 3 25 29 71 2 23 20 31 34 48 36 28 38 40 42 
64 62 58 56 52 46 72 60 16 74 66 18 55 22 51 13 9 68 8 44 12 5 3 25 29 23 20 31 34 48 36 71 2 39 28 40 42 
5 7 68 74 66 70 64 62 72 60 58 56 50 46 13 9 19 55 22 17 31 3 25 29 15 11 34 2 23 44 52 37 28 38 40 49 42 
74 66 70 64 62 58 56 52 46 19 55 22 31 72 60 16 51 14 5 3 25 29 9 68 8 17 12 2 23 44 34 48 36 38 28 40 42 
5 7 69 70 64 62 72 60 58 56 52 50 46 74 66 18 55 22 14 25 29 9 44 3 12 15 2 23 20 31 34 48 36 28 38 40 42 
5 7 69 70 64 62 58 56 52 50 46 74 66 18 55 22 72 60 16 14 3 25 29 9 44 12 2 23 20 31 34 48 36 28 38 40 42 
5 7 68 70 64 62 58 56 52 50 46 74 66 18 55 22 72 60 16 14 3 25 29 9 44 12 2 23 20 31 34 48 36 28 38 40 42 
5 7 70 69 74 66 62 60 58 56 54 65 52 73 46 9 19 22 17 3 25 29 15 11 34 2 51 13 27 48 36 33 38 40 42 24 44 
5 7 70 69 74 66 62 60 58 56 54 65 52 73 46 43 9 19 22 17 3 25 29 15 11 34 2 51 13 27 48 36 33 38 40 24 44 
5 7 70 69 74 66 62 60 58 56 54 65 52 50 73 46 9 19 22 17 3 25 29 15 11 34 2 13 27 48 36 33 38 40 42 24 44 
5 7 70 69 74 66 62 60 58 56 54 65 52 50 73 46 43 9 19 22 17 3 25 29 15 11 34 2 13 27 48 36 33 38 40 24 44 
5 7 74 69 67 70 64 62 60 58 56 54 52 73 46 9 19 22 17 3 25 29 15 11 34 2 23 51 13 27 48 36 33 38 40 42 44 
74 70 69 67 62 60 58 56 54 65 52 73 46 43 9 19 22 17 7 6 3 25 29 15 11 2 23 51 13 27 35 44 48 36 33 38 40 
5 7 74 69 67 70 64 62 60 58 56 54 52 50 73 46 9 19 22 17 3 25 29 15 11 34 2 23 13 27 48 36 33 38 40 42 44 
74 70 69 67 62 60 58 56 54 65 52 50 73 46 43 9 19 22 17 7 6 3 25 29 15 11 2 23 13 27 35 44 48 36 33 38 40 
5 7 74 69 67 70 64 62 58 56 54 52 50 73 46 60 16 9 19 22 17 3 25 29 11 34 2 23 13 27 48 36 33 38 40 42 44 
74 66 70 64 62 72 60 58 56 68 54 52 50 46 9 19 22 17 7 6 3 25 29 15 11 2 13 27 35 24 44 48 36 33 38 40 42 
5 7 70 69 74 66 62 60 58 56 54 65 52 73 46 43 9 19 22 17 31 3 25 29 15 11 34 2 51 13 27 48 36 38 40 24 44 
5 7 69 74 66 62 60 58 56 54 65 52 73 46 43 9 19 22 17 31 3 25 29 15 11 34 71 2 51 13 27 48 36 38 40 24 44 
70 69 74 66 62 60 58 56 54 65 52 73 46 43 9 19 22 17 31 7 6 3 25 29 15 11 2 51 13 27 35 24 44 48 36 38 40 
5 7 70 69 74 66 62 60 58 56 54 65 52 50 73 46 43 9 19 22 17 31 3 25 29 15 11 34 2 13 27 48 36 38 40 24 44 
5 7 69 74 66 62 60 58 56 54 65 52 50 73 46 43 9 19 22 17 31 3 25 29 15 11 34 71 2 13 27 48 36 38 40 24 44 
70 69 74 66 62 60 58 56 54 65 52 50 73 46 43 9 19 22 17 31 7 6 3 25 29 15 11 2 13 27 35 24 44 48 36 38 40 
5 7 69 74 66 70 64 62 58 56 54 52 50 73 46 60 16 43 9 19 22 17 32 12 3 25 29 2 13 27 34 48 36 38 40 24 44 
5 7 74 67 70 64 62 60 58 56 68 54 52 73 46 43 9 19 22 17 31 3 25 29 15 11 34 2 23 51 13 27 48 36 38 40 44 
74 67 70 64 62 60 58 56 68 54 52 73 46 43 10 19 22 17 31 7 6 3 25 29 15 11 2 23 51 13 27 35 44 48 36 38 40 
5 7 74 67 70 64 62 58 56 68 54 52 73 46 60 16 43 9 19 22 17 31 3 25 29 11 34 2 23 51 13 27 48 36 38 40 44 
74 67 70 64 62 60 58 56 68 54 52 50 73 46 43 9 19 22 17 31 7 6 3 25 29 15 11 2 23 13 27 35 44 48 36 38 40 
5 7 74 67 70 64 62 58 56 68 54 52 50 73 46 60 16 43 9 19 22 17 31 3 25 29 11 34 2 23 13 27 48 36 38 40 44 
74 70 69 67 62 60 58 56 54 65 52 73 46 43 9 19 22 17 31 7 6 3 25 29 15 11 34 39 2 23 51 13 27 48 36 40 44 
74 67 64 62 60 58 56 68 54 52 73 46 43 9 19 22 17 31 7 6 3 25 29 15 11 34 71 39 2 23 51 13 27 48 36 40 44 
74 70 69 67 62 60 58 56 54 65 52 50 73 46 43 9 19 22 17 31 7 6 3 25 29 15 11 34 39 2 23 13 27 48 36 40 44 
74 70 69 67 62 60 58 56 54 65 52 50 73 46 43 9 19 22 17 31 7 6 3 25 29 15 11 39 2 23 13 27 35 44 48 36 40 
74 67 64 62 60 58 56 68 54 52 50 73 46 43 9 19 22 17 31 7 6 3 25 29 15 11 34 71 39 2 23 13 27 48 36 40 44 
74 67 64 62 60 58 56 68 54 52 50 73 46 43 9 19 22 17 31 7 6 3 25 29 15 11 71 39 2 23 13 27 35 44 48 36 40 
69 74 66 62 72 60 58 56 54 65 52 46 43 9 19 22 17 31 7 6 3 25 29 15 11 34 71 39 2 51 13 27 48 36 40 24 44 
69 74 66 62 72 60 58 56 54 65 52 46 43 9 19 22 17 32 7 6 3 25 29 15 11 34 71 39 2 51 13 27 48 36 40 24 44 
74 66 64 62 72 60 58 56 68 54 52 46 9 19 22 17 32 7 6 3 25 29 15 11 34 71 39 2 51 13 27 48 36 40 42 24 44 
69 74 66 62 72 60 58 56 54 65 52 50 46 43 9 19 22 17 31 7 6 3 25 29 15 11 34 71 39 2 13 27 48 36 40 24 44 
69 74 66 62 72 60 58 56 54 65 52 50 46 43 9 19 22 17 32 7 6 3 25 29 15 11 34 71 39 2 13 27 48 36 40 24 44 
74 66 64 62 72 60 58 56 68 54 52 50 46 9 19 22 17 32 7 6 3 25 29 15 11 34 71 39 2 13 27 48 36 40 42 24 44 
74 66 62 72 60 58 56 68 54 65 52 50 46 43 9 19 22 17 31 7 6 3 25 29 15 11 34 71 39 2 13 27 48 36 40 24 44 
74 66 70 64 62 72 60 58 56 68 54 52 50 46 9 19 22 17 31 7 6 3 25 29 15 11 39 2 13 27 35 24 44 48 36 40 42 
74 66 64 62 72 60 58 56 68 54 52 50 46 9 19 22 17 31 7 6 3 25 29 15 11 71 39 2 13 27 35 24 44 48 36 40 42 
74 66 64 62 72 60 58 56 68 54 52 50 46 9 19 22 17 32 7 6 3 25 29 15 11 71 39 2 13 27 35 24 44 48 36 40 42 
5 7 69 70 64 62 58 56 54 52 50 46 72 60 16 74 66 18 22 9 20 12 44 24 3 25 29 2 13 27 34 48 36 33 38 40 42 
5 7 70 64 62 58 56 68 54 52 50 46 72 60 16 74 66 18 22 43 9 20 3 25 29 11 34 2 44 24 13 27 48 36 33 38 40 
5 7 69 70 64 62 58 56 54 52 50 73 46 60 16 74 66 18 22 9 20 3 25 29 11 34 2 44 24 13 27 32 48 36 38 40 42 
5 7 69 70 64 62 58 56 54 52 50 73 46 60 16 74 66 18 22 43 9 3 25 29 11 34 2 44 24 13 27 20 31 48 36 38 40 
5 7 69 70 64 62 58 56 54 52 50 73 46 60 16 74 66 18 22 43 9 20 3 25 29 11 34 2 44 24 13 27 32 48 36 38 40 
5 7 69 70 64 62 58 56 54 52 50 73 46 60 16 74 66 18 22 9 12 44 24 3 25 29 2 13 27 20 31 34 48 36 38 40 42 
5 7 69 70 64 62 58 56 54 52 50 73 46 60 16 74 66 18 22 9 20 44 24 3 25 29 2 13 27 12 32 34 48 36 38 40 42 
5 7 67 70 64 62 58 56 68 54 52 50 73 46 60 16 74 18 22 43 9 44 3 25 29 11 34 2 23 13 27 20 31 48 36 38 40 
5 7 69 70 64 62 58 56 54 52 50 46 72 60 16 74 66 18 22 43 9 20 3 25 29 11 34 2 44 24 13 27 32 48 36 38 40 
5 7 69 70 64 62 58 56 54 52 50 46 72 60 16 74 66 18 22 9 20 44 24 3 25 29 2 13 27 12 32 34 48 36 38 40 42 
5 7 69 64 62 58 56 54 52 50 46 72 60 16 74 66 18 22 9 35 44 3 25 29 11 71 2 23 13 27 20 31 48 36 38 40 42 
5 7 64 62 58 56 68 54 52 50 72 60 16 74 66 18 47 22 9 44 12 3 25 29 71 2 23 13 27 20 31 34 48 36 38 40 42 
64 62 58 56 52 46 72 60 16 5 74 66 18 22 9 68 54 8 20 4 11 34 71 2 44 24 25 29 51 13 27 48 36 38 33 40 42 
5 7 64 62 58 56 68 54 52 46 74 66 18 22 72 60 16 10 20 4 11 34 71 2 44 24 25 29 51 13 27 48 36 33 38 40 42 
5 7 64 62 58 56 68 54 52 50 46 72 60 16 74 66 18 22 9 20 4 11 34 71 2 44 24 25 29 13 27 48 36 33 38 40 42 
5 7 64 62 58 56 68 54 52 50 72 60 16 74 66 18 47 22 43 9 20 12 44 24 4 71 2 25 29 13 27 34 48 36 33 38 40 
5 7 62 58 56 68 54 65 52 50 72 60 16 74 66 18 47 22 9 20 12 44 24 4 71 2 25 29 13 27 34 48 36 33 38 40 42 
5 7 69 64 62 58 56 54 52 50 73 46 60 16 74 66 18 22 9 35 4 20 31 11 71 2 44 24 25 29 13 27 48 36 38 40 42 
5 7 69 64 62 58 56 54 52 50 73 46 60 16 74 66 18 22 43 9 35 4 20 31 11 71 2 44 24 25 29 13 27 48 36 38 40 
5 7 69 64 62 58 56 54 52 50 73 46 60 16 74 66 18 22 9 35 12 44 24 4 20 31 71 2 25 29 13 27 48 36 38 40 42 
5 7 69 62 58 56 54 65 52 50 73 46 60 16 74 66 18 22 9 35 4 20 31 11 71 2 44 24 25 29 13 27 48 36 38 40 42 
5 7 69 62 58 56 54 65 52 50 73 46 60 16 74 66 18 22 43 9 35 4 20 31 11 71 2 44 24 25 29 13 27 48 36 38 40 
5 7 69 62 58 56 54 65 52 50 73 46 60 16 74 66 18 22 43 9 35 12 44 24 4 20 31 71 2 25 29 13 27 48 36 38 40 
5 7 73 69 64 62 58 56 54 52 50 60 16 74 66 18 47 22 9 12 44 24 4 20 31 71 2 25 29 13 27 34 48 36 38 40 42 
5 7 73 69 64 62 58 56 54 52 50 60 16 74 66 18 47 22 43 9 12 44 24 4 20 31 71 2 25 29 13 27 34 48 36 38 40 
5 7 73 69 62 58 56 54 65 52 50 60 16 74 66 18 47 22 43 9 12 44 24 4 20 31 71 2 25 29 13 27 34 48 36 38 40 
5 7 64 62 58 56 68 54 52 50 73 46 60 16 74 66 18 22 9 4 20 31 11 34 71 2 44 24 25 29 13 27 48 36 38 40 42 
5 7 64 62 58 56 68 54 52 50 73 46 60 16 74 66 18 22 9 20 4 32 11 34 71 2 44 24 25 29 13 27 48 36 38 40 42 
5 7 64 62 58 56 68 54 52 50 73 46 60 16 74 66 18 22 43 9 20 4 32 11 34 71 2 44 24 25 29 13 27 48 36 38 40 
5 7 64 62 58 56 68 54 52 50 73 46 60 16 74 66 18 22 9 12 44 24 4 20 31 71 2 25 29 13 27 34 48 36 38 40 42 
5 7 64 62 58 56 68 54 52 50 73 46 60 16 74 66 18 22 9 20 44 24 4 12 32 71 2 25 29 13 27 34 48 36 38 40 42 
5 7 64 62 58 56 68 54 52 50 73 46 60 16 74 66 18 22 43 9 20 44 24 4 12 32 71 2 25 29 13 27 34 48 36 38 40 
5 7 62 58 56 68 54 65 52 50 73 46 60 16 74 66 18 22 43 9 20 4 32 11 34 71 2 44 24 25 29 13 27 48 36 38 40 
5 7 73 64 62 58 56 68 54 52 50 60 16 74 66 18 47 22 9 12 44 24 4 20 31 71 2 25 29 13 27 34 48 36 38 40 42 
5 7 73 64 62 58 56 68 54 52 50 60 16 74 66 18 47 22 9 20 44 24 4 12 32 71 2 25 29 13 27 34 48 36 38 40 42 
5 7 73 64 62 58 56 68 54 52 50 60 16 74 66 18 47 22 43 9 12 44 24 4 20 31 71 2 25 29 13 27 34 48 36 38 40 
5 7 73 64 62 58 56 68 54 52 50 60 16 74 66 18 47 22 43 9 20 44 24 4 12 32 71 2 25 29 13 27 34 48 36 38 40 
5 7 64 62 58 56 68 54 52 50 46 72 60 16 74 66 18 22 9 4 20 31 11 34 71 2 44 24 25 29 13 27 48 36 38 40 42 
5 7 64 62 58 56 68 54 52 50 46 72 60 16 74 66 18 22 9 20 4 32 11 34 71 2 44 24 25 29 13 27 48 36 38 40 42 
5 7 64 62 58 56 68 54 52 50 46 72 60 16 74 66 18 22 43 9 20 4 32 11 34 71 2 44 24 25 29 13 27 48 36 38 40 
5 7 64 62 58 56 68 54 52 50 46 72 60 16 74 66 18 22 9 12 44 24 4 20 31 71 2 25 29 13 27 34 48 36 38 40 42 
5 7 64 62 58 56 68 54 52 50 46 72 60 16 74 66 18 22 9 20 44 24 4 12 32 71 2 25 29 13 27 34 48 36 38 40 42 
5 7 62 58 56 68 54 65 52 50 46 72 60 16 74 66 18 22 43 9 4 20 31 11 34 71 2 44 24 25 29 13 27 48 36 38 40 
5 7 62 58 56 68 54 65 52 50 46 72 60 16 74 66 18 22 43 9 20 44 24 4 12 32 71 2 25 29 13 27 34 48 36 38 40 
5 7 64 62 58 56 68 54 52 50 72 60 16 74 66 18 47 22 9 12 44 24 4 20 31 71 2 25 29 13 27 34 48 36 38 40 42 
5 7 64 62 58 56 68 54 52 50 72 60 16 74 66 18 47 22 9 20 44 24 4 12 32 71 2 25 29 13 27 34 48 36 38 40 42 
5 7 64 62 58 56 68 54 52 50 72 60 16 74 66 18 47 22 43 9 20 44 24 4 12 32 71 2 25 29 13 27 34 48 36 38 40 
5 7 62 58 56 68 54 65 52 50 72 60 16 74 66 18 47 22 43 9 4 20 31 11 34 71 2 44 24 25 29 13 27 48 36 38 40 
69 64 62 58 56 52 46 72 60 16 74 66 18 22 9 54 8 44 5 3 25 29 11 34 23 51 13 27 20 31 48 36 71 2 39 40 42 
69 64 62 58 56 52 46 72 60 16 74 66 18 22 9 54 8 44 12 5 3 25 29 23 51 13 27 20 31 34 48 36 71 2 39 40 42 
5 7 69 64 62 58 56 54 52 46 74 66 18 22 72 60 16 10 44 12 3 25 29 23 51 13 27 20 31 34 48 36 71 2 39 40 42 
64 62 58 56 52 46 72 60 16 74 66 18 22 9 68 54 8 44 5 3 25 29 11 34 23 51 13 27 20 31 48 36 71 2 39 40 42 
64 62 58 56 52 46 72 60 16 74 66 18 22 9 68 54 8 44 12 5 3 25 29 23 51 13 27 20 31 34 48 36 71 2 39 40 42 
5 7 64 62 58 56 68 54 52 46 74 66 18 22 72 60 16 10 44 12 3 25 29 23 51 13 27 20 31 34 48 36 71 2 39 40 42 
69 64 62 58 57 52 46 72 60 16 5 74 66 18 22 43 9 54 8 20 4 11 34 44 24 25 29 51 13 27 48 36 71 2 39 33 40 
64 62 58 56 52 46 72 60 16 5 74 66 18 22 9 68 54 8 20 12 44 24 4 25 29 51 13 27 34 48 36 71 2 39 33 40 42 
69 64 62 58 56 52 73 46 60 16 5 74 66 18 22 9 54 8 4 20 31 11 34 44 24 25 29 51 13 27 48 36 71 2 39 40 42 
69 64 62 58 56 52 73 46 60 16 5 74 66 18 22 9 54 8 20 4 32 11 34 44 24 25 29 51 13 27 48 36 71 2 39 40 42 
69 64 62 58 56 52 73 46 60 16 5 74 66 18 22 43 9 54 8 4 20 31 11 34 44 24 25 29 51 13 27 48 36 71 2 39 40 
69 64 62 58 56 52 73 46 60 16 5 74 66 18 22 43 9 54 8 20 4 32 11 34 44 24 25 29 51 13 27 48 36 71 2 39 40 
5 7 69 64 62 58 56 54 52 73 46 74 66 18 22 60 16 10 12 44 24 4 20 31 25 29 51 13 27 34 48 36 71 2 39 40 42 
5 7 69 64 62 58 56 54 52 73 46 74 66 18 22 60 16 10 20 44 24 4 12 32 25 29 51 13 27 34 48 36 71 2 39 40 42 
5 7 69 64 62 58 56 54 52 73 46 74 66 18 22 43 60 16 10 12 44 24 4 20 31 25 29 51 13 27 34 48 36 71 2 39 40 
5 7 69 64 62 58 56 54 52 73 46 74 66 18 22 43 60 16 10 20 44 24 4 12 32 25 29 51 13 27 34 48 36 71 2 39 40 
5 7 69 62 58 56 54 65 52 73 46 74 66 18 22 43 60 16 10 20 4 32 11 34 44 24 25 29 51 13 27 48 36 71 2 39 40 
69 64 62 58 56 52 73 46 60 16 5 74 66 18 22 43 9 54 8 35 4 20 31 11 44 24 25 29 51 13 27 48 36 71 2 39 40 
5 7 69 64 62 58 56 54 52 73 46 74 66 18 22 43 60 16 10 35 4 20 31 11 44 24 25 29 51 13 27 48 36 71 2 39 40 
5 7 69 64 62 58 56 54 52 50 73 46 60 16 74 66 18 22 9 12 44 24 4 20 31 25 29 13 27 34 48 36 71 2 39 40 42 
5 7 69 62 58 56 54 65 52 50 73 46 60 16 74 66 18 22 43 9 12 44 24 4 20 31 25 29 13 27 34 48 36 71 2 39 40 
5 7 64 62 58 56 68 54 52 50 73 46 60 16 74 66 18 22 9 12 44 24 4 20 31 25 29 13 27 34 48 36 71 2 39 40 42 
5 7 64 62 58 56 68 54 52 50 73 46 60 16 74 66 18 22 9 20 44 24 4 12 32 25 29 13 27 34 48 36 71 2 39 40 42 
5 7 64 62 58 56 68 54 52 50 73 46 60 16 74 66 18 22 43 9 12 44 24 4 20 31 25 29 13 27 34 48 36 71 2 39 40 
5 7 64 62 58 56 68 54 52 50 73 46 60 16 74 66 18 22 43 9 20 44 24 4 12 32 25 29 13 27 34 48 36 71 2 39 40 
5 7 62 58 56 68 54 65 52 50 73 46 60 16 74 66 18 22 43 9 20 44 24 4 12 32 25 29 13 27 34 48 36 71 2 39 40 
69 64 62 58 57 52 46 72 60 16 5 74 66 18 22 9 54 8 4 20 31 11 34 44 24 25 29 51 13 27 48 36 71 2 39 40 42 
69 64 62 58 57 52 46 72 60 16 5 74 66 18 22 9 54 8 20 4 32 11 34 44 24 25 29 51 13 27 48 36 71 2 39 40 42 
69 64 62 58 57 52 46 72 60 16 5 74 66 18 22 43 9 54 8 20 4 32 11 34 44 24 25 29 51 13 27 48 36 71 2 39 40 
5 7 69 64 62 58 54 57 52 46 74 66 18 22 72 60 16 10 12 44 24 4 20 31 25 29 51 13 27 34 48 36 71 2 39 40 42 
5 7 69 64 62 58 54 57 52 46 74 66 18 22 72 60 16 10 20 44 24 4 12 32 25 29 51 13 27 34 48 36 71 2 39 40 42 
5 7 69 62 58 54 65 57 52 46 74 66 18 22 43 72 60 16 10 20 44 24 4 12 32 25 29 51 13 27 34 48 36 71 2 39 40 
5 7 64 62 58 56 68 54 52 50 46 72 60 16 74 66 18 22 9 12 44 24 4 20 31 25 29 13 27 34 48 36 71 2 39 40 42 
5 7 64 62 58 56 68 54 52 50 46 72 60 16 74 66 18 22 9 20 44 24 4 12 32 25 29 13 27 34 48 36 71 2 39 40 42 
5 7 62 58 56 68 54 65 52 50 46 72 60 16 74 66 18 22 43 9 20 44 24 4 12 32 25 29 13 27 34 48 36 71 2 39 40 
5 7 69 74 66 70 64 62 72 60 58 56 54 50 46 9 19 22 17 31 3 25 29 15 11 34 2 52 37 13 27 38 40 49 42 24 44 
5 7 69 67 70 64 62 58 56 54 52 50 73 46 60 16 74 18 22 9 44 3 25 29 11 34 2 23 13 27 20 31 36 38 40 49 42 
74 66 70 64 62 72 60 58 56 68 54 52 46 3 25 29 9 19 22 17 7 6 15 11 2 51 14 27 35 24 44 48 36 33 38 40 42 
74 66 70 64 62 72 60 58 56 68 54 52 46 3 25 29 10 19 22 17 7 6 15 11 2 51 14 27 35 24 44 48 36 33 38 40 42 
74 66 70 64 62 58 56 52 46 19 22 17 72 60 16 5 3 25 29 9 68 54 8 11 34 2 51 14 27 48 36 33 38 40 43 24 44 
5 7 70 69 74 66 62 60 58 56 54 65 52 73 46 25 29 9 19 22 17 31 3 15 11 34 2 51 14 27 48 36 38 40 43 24 44 
5 7 69 74 66 62 60 58 56 54 65 52 73 46 25 29 9 19 22 17 31 3 15 11 34 71 2 51 14 27 48 36 38 40 43 24 44 
5 7 70 69 74 66 62 60 58 56 54 65 52 50 73 46 25 29 9 19 22 17 31 3 15 11 34 2 14 27 48 36 38 40 43 24 44 
5 7 69 74 66 62 60 58 56 54 65 52 50 73 46 25 29 9 19 22 17 31 3 15 11 34 71 2 14 27 48 36 38 40 43 24 44 
5 7 69 74 66 70 64 62 58 56 54 52 50 73 46 60 16 3 25 29 9 19 22 31 17 12 2 14 27 34 48 36 38 40 43 24 44 
5 7 69 74 66 70 64 62 58 56 54 52 50 73 46 60 16 3 25 29 9 19 22 17 32 12 2 14 27 34 48 36 38 40 43 24 44 
5 7 70 69 74 66 62 58 56 54 65 52 50 73 46 60 16 3 25 29 9 19 22 17 32 11 34 2 14 27 48 36 38 40 43 24 44 
74 66 70 64 62 72 60 58 56 68 54 52 46 3 25 29 10 19 22 17 31 7 6 15 11 2 51 14 27 35 24 44 48 36 38 40 42 
69 74 66 62 72 60 58 56 54 65 52 46 3 25 29 10 19 22 17 31 7 6 15 11 34 71 39 2 51 14 27 48 36 40 43 24 44 
74 66 62 72 60 58 56 68 54 65 52 46 3 25 29 9 19 22 17 31 7 6 15 11 34 71 39 2 51 14 27 48 36 40 43 24 44 
69 74 66 62 72 60 58 56 54 65 52 50 46 3 25 29 9 19 22 17 31 7 6 15 11 34 71 39 2 14 27 48 36 40 43 24 44 
74 66 64 62 72 60 58 56 68 54 52 50 46 3 25 29 9 19 22 17 32 7 6 15 11 34 71 39 2 14 27 48 36 40 42 24 44 
74 66 62 72 60 58 56 68 54 65 52 50 46 3 25 29 9 19 22 17 31 7 6 15 11 34 71 39 2 14 27 48 36 40 43 24 44 
74 66 64 62 72 60 58 56 68 54 52 46 3 25 29 10 19 22 17 31 7 6 15 11 34 71 39 2 23 51 14 27 48 36 40 42 44 
5 7 69 70 64 62 60 58 56 54 52 50 73 46 74 66 18 22 25 29 9 20 3 15 11 34 2 44 24 14 27 32 48 36 38 40 42 
5 7 69 70 64 62 60 58 56 54 52 50 73 46 74 66 18 22 25 29 9 3 15 11 34 2 44 24 14 27 20 31 48 36 38 40 43 
5 7 69 70 64 62 60 58 56 54 52 50 73 46 74 66 18 22 25 29 9 20 3 15 11 34 2 44 24 14 27 32 48 36 38 40 43 
5 7 70 69 62 60 58 56 54 65 52 50 73 46 74 66 18 22 25 29 9 3 15 11 34 2 44 24 14 27 20 31 48 36 38 40 43 
5 7 69 70 64 62 58 56 54 52 50 73 46 74 66 18 22 60 16 3 25 29 9 20 11 34 2 44 24 14 27 32 48 36 38 40 42 
5 7 69 70 64 62 58 56 54 52 50 73 46 74 66 18 22 60 16 3 25 29 9 11 34 2 44 24 14 27 20 31 48 36 38 40 43 
5 7 69 70 64 62 58 56 54 52 50 73 46 74 66 18 22 60 16 3 25 29 9 20 11 34 2 44 24 14 27 32 48 36 38 40 43 
5 7 70 64 62 60 58 56 68 54 52 50 73 46 74 66 18 22 25 29 9 20 3 15 11 34 2 44 24 14 27 32 48 36 38 40 43 
5 7 70 69 62 72 60 58 56 54 65 52 50 46 74 66 18 22 25 29 9 3 15 11 34 2 44 24 14 27 20 31 48 36 38 40 43 
5 7 69 70 64 62 58 56 54 52 50 46 74 66 18 22 72 60 16 3 25 29 9 20 11 34 2 44 24 14 27 32 48 36 38 40 43 
5 7 70 62 72 60 58 56 68 54 65 52 50 46 74 66 18 22 25 29 9 3 15 11 34 2 44 24 14 27 20 31 48 36 38 40 43 
5 7 70 64 62 58 56 68 54 52 46 74 66 18 22 25 29 72 60 16 10 3 44 11 34 2 23 51 14 27 20 31 48 36 38 40 42 
5 7 70 64 62 72 60 58 56 68 54 52 50 46 74 66 18 22 25 29 9 20 4 15 11 34 2 44 24 14 27 48 36 33 38 40 42 
5 7 69 64 62 60 58 56 54 52 50 73 46 74 66 18 22 25 29 9 3 12 44 24 15 71 39 2 14 27 20 31 34 48 36 40 42 
5 7 69 62 60 58 56 54 65 52 50 73 46 74 66 18 22 25 29 9 3 12 44 24 15 71 39 2 14 27 20 31 34 48 36 40 42 
5 7 64 62 60 58 56 68 54 52 50 73 46 74 66 18 22 25 29 9 3 12 44 24 15 71 39 2 14 27 20 31 34 48 36 40 42 
5 7 64 62 60 58 56 68 54 52 50 73 46 74 66 18 22 25 29 9 20 3 44 24 15 71 39 2 14 27 12 32 34 48 36 40 42 
5 7 64 62 60 58 56 68 54 52 50 73 46 74 66 18 22 25 29 9 3 12 44 24 15 71 39 2 14 27 20 31 34 48 36 40 43 
5 7 64 62 60 58 56 68 54 52 50 73 46 74 66 18 22 25 29 9 20 3 44 24 15 71 39 2 14 27 12 32 34 48 36 40 43 
5 7 69 70 64 62 58 56 54 52 46 74 66 18 22 25 29 72 60 16 10 3 11 34 44 24 51 14 27 20 31 48 36 2 39 40 42 
5 7 64 62 72 60 58 56 68 54 52 50 46 74 66 18 22 25 29 9 20 3 44 24 15 71 39 2 14 27 12 32 34 48 36 40 42 
5 7 68 64 62 58 56 52 46 74 66 18 55 22 72 60 16 10 44 3 25 29 11 34 71 2 23 51 13 27 20 31 48 36 38 40 42 
5 7 69 64 62 58 56 52 50 46 72 60 16 74 66 18 55 22 9 44 12 3 25 29 71 2 23 13 27 20 31 34 48 36 38 40 42 
5 7 69 64 62 58 56 52 50 46 72 60 16 74 66 18 55 22 9 35 44 3 25 29 11 71 2 23 13 27 20 31 48 36 38 40 42 
5 7 69 64 62 58 56 52 50 46 72 60 16 74 66 18 55 22 9 35 44 12 3 25 29 71 2 23 13 27 20 31 48 36 38 40 42 
5 7 69 64 62 58 56 52 50 72 60 16 74 66 18 55 47 22 9 44 3 25 29 11 34 71 2 23 13 27 20 31 48 36 38 40 42 
5 7 69 64 62 58 56 52 50 72 60 16 74 66 18 55 47 22 9 44 12 3 25 29 71 2 23 13 27 20 31 34 48 36 38 40 42 
5 7 68 64 62 58 56 52 50 72 60 16 74 66 18 55 47 22 9 44 12 3 25 29 71 2 23 13 27 20 31 34 48 36 38 40 42 
5 7 69 64 62 58 56 52 46 74 66 18 55 22 72 60 16 10 44 3 25 29 11 34 23 51 13 27 20 31 48 36 71 2 39 40 42 
5 7 68 64 62 58 56 52 46 74 66 18 55 22 72 60 16 10 44 3 25 29 11 34 23 51 13 27 20 31 48 36 71 2 39 40 42 
5 7 69 64 62 58 56 52 50 46 72 60 16 74 66 18 55 22 9 44 12 3 25 29 23 13 27 20 31 34 48 36 71 2 39 40 42 
5 7 68 64 62 58 56 52 50 46 72 60 16 74 66 18 55 22 9 44 12 3 25 29 23 13 27 20 31 34 48 36 71 2 39 40 42 
69 74 66 70 64 62 72 60 58 56 52 46 3 25 29 9 19 55 22 17 31 7 6 15 11 2 23 51 14 27 35 44 48 36 38 40 42 
69 74 66 70 64 62 72 60 58 56 52 46 3 25 29 10 19 55 22 17 31 7 6 15 11 2 23 51 14 27 35 44 48 36 38 40 42 
69 74 66 64 62 72 60 58 56 52 50 46 3 25 29 9 19 55 22 17 31 7 6 15 11 34 71 39 2 23 14 27 48 36 40 42 44 
5 7 69 64 62 72 60 58 56 52 50 46 74 66 18 55 22 25 29 9 44 3 12 15 71 39 2 23 14 27 20 31 34 48 36 40 42 
5 7 68 64 62 72 60 58 56 52 50 46 74 66 18 55 22 25 29 9 44 3 12 15 71 39 2 23 14 27 20 31 34 48 36 40 42 
5 7 69 74 66 70 64 62 60 58 56 54 52 50 73 46 13 9 19 22 17 31 3 29 15 11 34 2 26 24 44 36 28 38 40 49 42 
5 7 74 66 70 64 62 72 60 58 56 68 54 46 51 13 9 19 22 17 31 3 29 15 11 34 2 52 37 26 24 44 28 38 40 49 42 
5 7 69 74 66 70 64 62 72 60 58 56 54 50 46 13 9 19 22 17 31 3 29 15 11 34 2 52 37 26 24 44 28 38 40 49 42 
5 7 74 66 70 64 62 72 60 58 56 68 54 50 46 13 9 19 22 17 31 3 29 15 11 34 2 52 37 26 24 44 28 38 40 49 42 
5 7 69 70 64 62 58 56 54 52 50 73 46 60 16 74 66 18 22 13 9 3 29 11 34 2 26 44 24 20 31 36 28 38 40 49 42 
5 7 69 67 70 64 62 58 56 54 52 50 73 46 60 16 74 18 22 13 9 26 44 3 29 11 34 2 23 20 31 36 28 38 40 49 42 
5 7 69 74 66 70 64 62 58 56 54 52 50 73 46 60 16 14 3 29 9 19 22 17 31 11 34 2 26 24 44 36 28 38 40 49 42 
69 74 66 64 62 72 60 58 56 54 52 46 9 19 22 17 31 7 6 3 29 15 11 34 71 39 2 23 51 13 27 48 36 40 42 26 44 
69 74 66 70 64 62 72 60 58 56 54 52 50 46 9 19 22 17 31 7 6 3 29 15 11 34 39 2 23 13 27 48 36 40 42 26 44 
74 66 64 62 72 60 58 56 68 54 52 50 46 9 19 22 17 31 7 6 3 29 15 11 34 71 39 2 23 13 27 48 36 40 42 26 44 
5 7 69 70 64 62 58 56 54 52 50 73 46 60 16 74 66 18 22 9 20 3 29 11 34 2 26 44 24 13 27 32 48 36 38 40 42 
5 7 69 70 64 62 58 56 54 52 50 46 72 60 16 74 66 18 22 9 20 3 29 11 34 26 44 24 13 27 32 48 36 2 39 40 42 
5 7 70 64 62 58 56 68 54 50 48 46 72 60 16 74 66 18 22 43 9 3 29 11 34 2 26 44 24 52 37 13 27 20 31 38 40 
5 7 69 74 66 70 64 62 60 58 56 54 52 50 73 46 9 19 22 17 31 3 29 15 11 34 2 13 27 36 38 40 49 42 26 24 44 
5 7 69 74 66 70 64 62 72 60 58 56 54 50 46 9 19 22 17 31 3 29 15 11 34 2 52 37 13 27 38 40 49 42 26 24 44 
5 7 69 70 64 62 58 56 54 52 50 73 46 60 16 74 66 18 22 9 3 29 11 34 2 26 44 24 13 27 20 31 36 38 40 49 42 
5 7 69 67 70 64 62 58 56 54 52 50 73 46 60 16 74 18 22 9 26 44 3 29 11 34 2 23 13 27 20 31 36 38 40 49 42 
5 7 69 74 66 70 64 62 58 56 54 52 50 73 46 60 16 3 29 9 19 22 17 32 11 34 2 14 27 48 36 38 40 42 26 24 44 
5 7 69 74 66 70 64 62 58 56 54 52 50 73 46 60 16 3 29 9 19 22 17 31 11 34 2 14 27 36 38 40 49 42 26 24 44 
5 7 74 66 70 64 62 58 56 68 54 49 46 72 60 16 3 29 9 19 22 17 31 11 34 2 52 37 51 14 27 38 40 43 26 24 44 
5 7 74 66 70 64 62 58 56 68 54 50 46 72 60 16 3 29 9 19 22 17 31 11 34 2 52 37 14 27 38 40 49 42 26 24 44 
5 7 74 66 70 64 62 58 56 68 54 50 49 46 72 60 16 3 29 9 19 22 17 31 11 34 2 52 37 14 27 38 40 43 26 24 44 
5 7 69 74 66 70 64 62 58 56 54 50 46 72 60 16 3 29 9 19 22 17 31 11 34 52 37 14 27 2 39 40 49 42 26 24 44 
69 74 66 70 64 62 72 60 58 56 52 50 46 9 19 55 22 17 31 7 6 3 29 15 11 34 39 2 23 13 27 48 36 40 42 26 44 
69 74 66 64 62 72 60 58 56 52 50 46 9 19 55 22 17 31 7 6 3 29 15 11 34 71 39 2 23 13 27 48 36 40 42 26 44 
75 64 62 58 56 52 46 72 60 16 66 18 22 51 13 9 68 54 8 44 5 3 25 29 11 34 71 2 23 20 31 48 36 38 28 40 42 
5 7 75 64 62 58 56 68 54 52 46 66 18 22 51 13 72 60 16 10 44 3 25 29 11 34 71 2 23 20 31 48 36 28 38 40 42 
75 64 62 58 56 52 46 72 60 16 66 18 22 51 13 9 68 54 8 44 12 5 3 25 29 71 2 23 20 31 34 48 36 38 28 40 42 
5 7 75 64 62 58 56 68 54 52 46 66 18 22 51 13 72 60 16 10 44 12 3 25 29 71 2 23 20 31 34 48 36 28 38 40 42 
5 7 75 69 64 62 58 56 54 52 50 46 72 60 16 66 18 22 13 9 44 12 3 25 29 71 2 23 20 31 34 48 36 28 38 40 42 
5 7 75 69 64 62 58 56 54 52 50 46 72 60 16 66 18 22 13 9 35 44 12 3 25 29 71 2 23 20 31 48 36 28 38 40 42 
5 7 75 69 64 62 58 56 54 52 50 72 60 16 66 18 47 22 13 9 44 12 3 25 29 71 2 23 20 31 34 48 36 28 38 40 42 
5 7 75 69 64 62 58 56 54 52 50 72 60 16 66 18 47 22 13 9 35 44 3 25 29 11 71 2 23 20 31 48 36 28 38 40 42 
5 7 75 64 62 58 56 68 54 52 50 46 72 60 16 66 18 22 13 9 44 3 25 29 11 34 71 2 23 20 31 48 36 28 38 40 42 
5 7 75 70 64 62 58 56 68 54 52 50 46 72 60 16 66 18 22 13 9 44 12 3 25 29 2 23 20 31 34 48 36 28 38 40 42 
5 7 75 64 62 58 56 68 54 52 50 46 72 60 16 66 18 22 13 9 44 12 3 25 29 71 2 23 20 31 34 48 36 28 38 40 42 
5 7 75 69 70 64 62 72 60 58 56 54 52 50 46 66 18 22 14 25 29 9 44 3 12 15 2 23 20 31 34 48 36 28 38 40 42 
5 7 75 70 64 62 58 56 68 54 52 50 46 66 18 22 72 60 16 14 3 25 29 9 44 12 2 23 20 31 34 48 36 28 38 40 42 
5 7 75 69 66 70 64 62 58 57 52 50 46 72 60 16 13 9 19 55 22 31 17 12 3 25 29 2 23 44 34 48 36 28 38 40 42 
5 7 75 68 66 70 64 62 72 60 58 56 50 48 46 13 9 19 55 22 17 31 3 25 29 15 11 34 2 23 44 52 37 28 38 40 42 
75 64 62 58 56 52 46 72 60 16 66 18 55 22 51 13 9 68 8 44 12 5 3 25 29 71 2 23 20 31 34 48 36 38 28 40 42 
5 7 75 68 64 62 58 56 52 46 66 18 55 22 51 13 72 60 16 10 44 12 3 25 29 71 2 23 20 31 34 48 36 28 38 40 42 
5 7 75 69 64 62 58 56 52 50 46 66 18 55 22 13 72 60 16 10 44 12 3 25 29 71 2 23 20 31 34 48 36 28 38 40 42 
5 7 75 69 64 62 58 56 52 50 72 60 16 66 18 55 47 22 13 9 44 12 3 25 29 71 2 23 20 31 34 48 36 28 38 40 42 
5 7 75 69 64 62 58 56 52 50 66 18 55 47 22 13 72 60 16 10 44 12 3 25 29 71 2 23 20 31 34 48 36 28 38 40 42 
5 7 75 68 70 64 62 58 56 52 50 46 72 60 16 66 18 55 22 13 9 44 12 3 25 29 2 23 20 31 34 48 36 28 38 40 42 
5 7 75 68 64 62 58 56 52 50 46 72 60 16 66 18 55 22 13 9 44 12 3 25 29 71 2 23 20 31 34 48 36 28 38 40 42 
5 7 75 68 64 62 58 56 52 50 72 60 16 66 18 55 47 22 13 9 44 12 3 25 29 71 2 23 20 31 34 48 36 28 38 40 42 
75 69 64 62 58 56 52 46 66 18 55 22 51 13 72 60 16 10 8 44 12 5 3 25 29 23 20 31 34 48 36 71 2 39 28 40 42 
75 64 62 58 56 52 46 72 60 16 66 18 55 22 51 13 9 68 8 44 12 5 3 25 29 23 20 31 34 48 36 71 2 39 28 40 42 
5 7 75 68 66 70 64 62 72 60 58 56 50 46 13 9 19 55 22 17 31 3 25 29 15 11 34 2 23 44 52 37 28 38 40 49 42 
75 69 66 70 64 62 58 56 52 46 19 55 22 31 72 60 16 51 14 5 3 25 29 9 8 17 12 2 23 44 34 48 36 38 28 40 42 
5 7 75 68 66 70 64 62 72 60 58 56 52 46 51 14 25 29 10 3 19 55 22 17 31 15 11 34 2 23 44 48 36 28 38 40 42 
5 7 75 68 66 70 64 62 58 56 52 46 72 60 16 51 14 3 25 29 9 19 55 22 31 17 12 2 23 44 34 48 36 28 38 40 42 
75 66 70 64 62 58 56 52 46 19 55 22 31 72 60 16 51 14 5 3 25 29 9 68 8 17 12 2 23 44 34 48 36 38 28 40 42 
5 7 75 68 70 64 62 58 56 52 46 66 18 55 22 51 14 25 29 72 60 16 10 3 44 12 2 23 20 31 34 48 36 28 38 40 42 
5 7 75 69 70 64 62 72 60 58 57 52 50 46 66 18 55 22 14 25 29 9 44 3 15 11 34 2 23 20 31 48 36 28 38 40 42 
5 7 75 69 70 64 62 72 60 58 57 52 50 46 66 18 55 22 14 25 29 9 44 3 12 15 2 23 20 31 34 48 36 28 38 40 42 
5 7 75 68 70 64 62 72 60 58 56 52 50 46 66 18 55 22 14 25 29 9 44 3 12 15 2 23 20 31 34 48 36 28 38 40 42 
5 7 75 68 70 64 62 58 56 52 50 46 66 18 55 22 72 60 16 14 3 25 29 9 44 12 2 23 20 31 34 48 36 28 38 40 42 
5 7 75 69 64 62 58 56 54 52 50 72 60 16 66 18 47 22 9 44 3 25 29 11 34 71 2 23 13 27 20 31 48 36 38 40 42 
5 7 75 69 64 62 58 56 54 52 50 72 60 16 66 18 47 22 9 44 12 3 25 29 71 2 23 13 27 20 31 34 48 36 38 40 42 
5 7 75 69 64 62 58 56 54 52 50 72 60 16 66 18 47 22 9 35 44 3 25 29 11 71 2 23 13 27 20 31 48 36 38 40 42 
75 64 62 58 56 52 46 72 60 16 66 18 22 9 68 54 8 44 5 3 25 29 11 34 23 51 13 27 20 31 48 36 71 2 39 40 42 
5 7 75 64 62 58 56 68 54 52 46 66 18 22 72 60 16 10 44 3 25 29 11 34 23 51 13 27 20 31 48 36 71 2 39 40 42 
75 64 62 58 56 52 46 72 60 16 66 18 22 9 68 54 8 44 12 5 3 25 29 23 51 13 27 20 31 34 48 36 71 2 39 40 42 
5 7 75 64 62 58 56 68 54 52 46 66 18 22 72 60 16 10 44 12 3 25 29 23 51 13 27 20 31 34 48 36 71 2 39 40 42 
5 7 75 69 64 62 58 56 54 52 50 46 72 60 16 66 18 22 9 44 12 3 25 29 23 13 27 20 31 34 48 36 71 2 39 40 42 
5 7 75 69 64 62 58 56 54 52 50 46 72 60 16 66 18 22 9 35 44 12 3 25 29 23 13 27 20 31 48 36 71 2 39 40 42 
5 7 75 69 64 62 72 60 58 56 54 52 50 46 66 18 22 25 29 9 44 3 15 11 34 71 39 2 23 14 27 20 31 48 36 40 42 
5 7 75 69 64 62 72 60 58 56 54 52 50 46 66 18 22 25 29 9 44 3 12 15 71 39 2 23 14 27 20 31 34 48 36 40 42 
5 7 75 69 64 72 60 58 56 54 52 50 46 66 18 63 22 25 29 9 44 3 12 15 71 39 2 23 14 27 20 31 34 48 36 40 42 
75 68 66 70 64 62 72 60 58 56 52 50 46 9 19 55 22 17 31 7 6 3 25 29 15 11 2 23 13 27 35 44 48 36 38 40 42 
75 68 66 64 62 72 60 58 56 52 46 9 19 55 22 17 31 7 6 3 25 29 15 11 34 71 39 2 23 51 13 27 48 36 40 42 44 
75 68 66 64 62 72 60 58 56 52 50 46 9 19 55 22 17 31 7 6 3 25 29 15 11 34 71 39 2 23 13 27 48 36 40 42 44 
75 64 62 58 56 52 46 72 60 16 66 18 55 22 9 68 8 44 5 3 25 29 11 34 71 2 23 51 13 27 20 31 48 36 38 40 42 
5 7 75 68 64 62 58 56 52 46 66 18 55 22 72 60 16 10 44 3 25 29 11 34 71 2 23 51 13 27 20 31 48 36 38 40 42 
5 7 75 69 64 62 58 56 52 50 46 72 60 16 66 18 55 22 9 44 3 25 29 11 34 71 2 23 13 27 20 31 48 36 38 40 42 
5 7 75 69 70 64 62 58 56 52 50 46 72 60 16 66 18 55 22 9 44 12 3 25 29 2 23 13 27 20 31 34 48 36 38 40 42 
5 7 75 69 64 62 58 56 52 50 46 72 60 16 66 18 55 22 9 44 12 3 25 29 71 2 23 13 27 20 31 34 48 36 38 40 42 
5 7 75 69 64 62 58 56 52 50 46 72 60 16 66 18 55 22 9 35 44 3 25 29 11 71 2 23 13 27 20 31 48 36 38 40 42 
5 7 75 69 64 62 58 56 52 50 46 72 60 16 66 18 55 22 9 35 44 12 3 25 29 71 2 23 13 27 20 31 48 36 38 40 42 
5 7 75 69 64 62 58 56 52 50 72 60 16 66 18 55 47 22 9 44 12 3 25 29 71 2 23 13 27 20 31 34 48 36 38 40 42 
5 7 75 68 70 64 62 58 56 52 50 46 72 60 16 66 18 55 22 9 44 12 3 25 29 2 23 13 27 20 31 34 48 36 38 40 42 
5 7 75 68 64 62 58 56 52 50 46 72 60 16 66 18 55 22 9 44 12 3 25 29 71 2 23 13 27 20 31 34 48 36 38 40 42 
5 7 75 68 64 62 58 56 52 50 72 60 16 66 18 55 47 22 9 44 3 25 29 11 34 71 2 23 13 27 20 31 48 36 38 40 42 
5 7 75 68 64 62 58 56 52 50 72 60 16 66 18 55 47 22 9 44 12 3 25 29 71 2 23 13 27 20 31 34 48 36 38 40 42 
75 69 64 62 58 56 52 46 72 60 16 66 18 55 22 9 8 44 5 3 25 29 11 34 23 51 13 27 20 31 48 36 71 2 39 40 42 
5 7 75 69 64 62 58 56 52 46 66 18 55 22 72 60 16 10 44 3 25 29 11 34 23 51 13 27 20 31 48 36 71 2 39 40 42 
75 69 64 62 58 56 52 46 72 60 16 66 18 55 22 9 8 44 12 5 3 25 29 23 51 13 27 20 31 34 48 36 71 2 39 40 42 
5 7 75 69 64 62 58 56 52 46 66 18 55 22 72 60 16 10 44 12 3 25 29 23 51 13 27 20 31 34 48 36 71 2 39 40 42 
75 64 62 58 56 52 46 72 60 16 66 18 55 22 9 68 8 44 5 3 25 29 11 34 23 51 13 27 20 31 48 36 71 2 39 40 42 
5 7 75 68 64 62 58 56 52 46 66 18 55 22 72 60 16 10 44 3 25 29 11 34 23 51 13 27 20 31 48 36 71 2 39 40 42 
75 64 62 58 56 52 46 72 60 16 66 18 55 22 9 68 8 44 12 5 3 25 29 23 51 13 27 20 31 34 48 36 71 2 39 40 42 
5 7 75 68 64 62 58 56 52 46 66 18 55 22 72 60 16 10 44 12 3 25 29 23 51 13 27 20 31 34 48 36 71 2 39 40 42 
5 7 75 69 64 62 58 56 52 50 46 72 60 16 66 18 55 22 9 44 12 3 25 29 23 13 27 20 31 34 48 36 71 2 39 40 42 
5 7 75 68 64 62 58 56 52 50 46 72 60 16 66 18 55 22 9 44 12 3 25 29 23 13 27 20 31 34 48 36 71 2 39 40 42 
75 69 66 70 64 62 58 56 52 46 19 55 22 17 31 72 60 16 5 3 25 29 9 8 11 34 2 23 51 14 27 48 36 38 40 42 44 
75 68 66 70 64 62 72 60 58 56 52 46 3 25 29 9 19 55 22 17 31 7 6 15 11 2 23 51 14 27 35 44 48 36 38 40 42 
75 68 66 70 64 62 72 60 58 56 52 46 3 25 29 10 19 55 22 17 31 7 6 15 11 2 23 51 14 27 35 44 48 36 38 40 42 
75 66 70 64 62 58 56 52 46 19 55 22 17 31 72 60 16 5 3 25 29 9 68 8 11 34 2 23 51 14 27 48 36 38 40 42 44 
75 68 66 70 64 62 72 60 58 56 52 46 3 25 29 9 19 55 22 17 31 7 6 15 11 34 39 2 23 51 14 27 48 36 40 42 44 
75 68 66 64 62 72 60 58 56 52 46 3 25 29 9 19 55 22 17 31 7 6 15 11 34 71 39 2 23 51 14 27 48 36 40 42 44 
75 68 66 64 62 72 60 58 56 52 46 3 25 29 10 19 55 22 17 31 7 6 15 11 34 71 39 2 23 51 14 27 48 36 40 42 44 
75 68 66 70 64 62 72 60 58 56 52 50 46 3 25 29 9 19 55 22 17 31 7 6 15 11 34 39 2 23 14 27 48 36 40 42 44 
75 68 66 64 62 72 60 58 56 52 50 46 3 25 29 9 19 55 22 17 31 7 6 15 11 34 71 39 2 23 14 27 48 36 40 42 44 
5 7 75 69 70 64 62 72 60 58 57 52 50 46 66 18 55 22 25 29 9 44 3 15 11 34 2 23 14 27 20 31 48 36 38 40 42 
5 7 75 69 70 64 62 72 60 58 57 52 50 46 66 18 55 22 25 29 9 44 3 12 15 2 23 14 27 20 31 34 48 36 38 40 42 
5 7 75 69 70 64 72 60 58 57 52 50 46 66 18 63 55 22 25 29 9 44 3 12 15 2 23 14 27 20 31 34 48 36 38 40 42 
5 7 75 69 70 64 62 58 56 52 50 46 66 18 55 22 72 60 16 3 25 29 9 44 11 34 2 23 14 27 20 31 48 36 38 40 42 
5 7 75 69 70 64 62 58 56 52 50 46 66 18 55 22 72 60 16 3 25 29 9 44 12 2 23 14 27 20 31 34 48 36 38 40 42 
5 7 75 68 70 64 62 58 56 52 50 46 66 18 55 22 72 60 16 3 25 29 9 44 12 2 23 14 27 20 31 34 48 36 38 40 42 
5 7 75 68 70 64 62 58 56 52 46 66 18 55 22 25 29 72 60 16 10 3 44 11 34 23 51 14 27 20 31 48 36 2 39 40 42 
5 7 75 69 64 62 72 60 58 57 52 50 46 66 18 55 22 25 29 9 44 3 15 11 34 71 39 2 23 14 27 20 31 48 36 40 42 
5 7 75 69 64 62 72 60 58 57 52 50 46 66 18 55 22 25 29 9 44 3 12 15 71 39 2 23 14 27 20 31 34 48 36 40 42 
5 7 75 68 66 70 64 62 72 60 58 56 52 46 51 13 9 19 55 22 17 31 3 29 15 11 34 2 23 26 44 48 36 28 38 40 42 
5 7 75 68 66 70 64 62 72 60 58 56 52 46 51 14 29 9 19 55 22 17 31 3 15 11 34 2 23 26 44 48 36 28 38 40 42 
75 68 66 64 62 72 60 58 56 52 50 46 9 19 55 22 17 31 7 6 3 29 15 11 34 71 39 2 23 13 27 48 36 40 42 26 44 
75 68 66 70 64 62 72 60 58 56 52 50 46 9 19 55 22 17 31 7 6 3 29 15 11 39 2 23 13 27 35 26 44 48 36 40 42 
75 68 66 64 62 72 60 58 56 52 50 46 9 19 55 22 17 31 7 6 3 29 15 11 71 39 2 23 13 27 35 26 44 48 36 40 42 
5 7 67 70 64 62 74 61 58 56 68 54 52 50 49 73 46 16 13 43 9 19 22 17 31 3 25 29 11 34 2 23 44 36 28 38 40 
5 7 67 70 64 62 74 61 58 56 68 54 52 50 49 73 46 16 43 9 19 22 17 31 3 25 29 11 34 2 23 13 27 36 38 40 44 
5 7 67 70 64 62 74 61 58 56 68 54 52 50 49 73 46 16 13 43 9 19 22 17 31 3 29 11 34 2 23 26 44 36 28 38 40 
5 7 67 70 64 62 74 61 58 56 68 54 52 50 49 73 46 16 43 9 19 22 17 31 3 29 11 34 2 23 13 27 36 38 40 26 44 
5 7 73 74 66 70 64 62 60 58 56 68 54 52 47 51 13 9 20 17 12 44 24 3 25 29 15 2 21 34 48 36 28 33 38 40 42 
5 7 74 66 70 64 62 60 58 56 68 54 52 50 73 46 13 10 19 17 12 3 25 29 15 2 21 24 44 34 48 36 33 28 38 40 42 
5 7 73 74 66 70 64 62 60 58 56 68 54 52 50 47 13 9 20 17 12 44 24 3 25 29 15 2 21 34 48 36 28 33 38 40 42 
5 7 74 70 67 62 60 58 56 68 54 65 52 50 73 46 13 9 19 17 3 25 29 15 34 2 11 21 23 44 48 36 33 28 38 40 42 
5 7 74 66 70 64 62 72 60 58 56 68 54 52 47 51 13 9 20 17 12 44 24 3 25 29 15 2 21 34 48 36 28 33 38 40 42 
5 7 74 66 70 64 62 58 56 68 54 52 47 72 60 16 51 13 9 20 17 12 44 24 3 25 29 2 21 34 48 36 28 33 38 40 42 
5 7 74 70 67 62 60 58 56 68 54 65 52 73 46 51 13 9 19 17 31 3 25 29 15 34 2 11 21 23 44 48 36 28 38 40 42 
5 7 74 67 70 64 63 60 58 56 68 54 52 73 46 51 13 9 19 17 31 3 25 29 15 34 2 11 21 23 44 48 36 28 38 40 42 
5 7 74 73 67 70 64 62 60 58 56 68 54 52 47 51 13 9 17 31 20 44 3 25 29 15 34 2 11 21 23 48 36 28 38 40 42 
5 7 74 73 67 70 64 62 60 58 56 68 54 52 50 47 13 9 17 31 20 44 3 25 29 15 34 2 11 21 23 48 36 28 38 40 42 
5 7 74 73 67 70 64 62 58 56 68 54 52 50 47 60 16 13 9 17 31 20 44 3 25 29 34 2 11 21 23 48 36 28 38 40 42 
5 7 74 67 70 64 62 60 58 56 68 54 52 73 46 51 13 9 19 17 4 15 34 2 11 21 23 25 29 44 48 36 33 28 38 40 42 
5 7 74 67 70 64 63 60 58 56 68 54 52 73 46 51 13 9 19 17 4 15 34 2 11 21 23 25 29 44 48 36 33 28 38 40 42 
5 7 74 67 70 64 62 60 58 56 68 54 52 50 73 46 13 9 19 17 4 15 34 2 11 21 23 25 29 44 48 36 33 28 38 40 42 
5 7 74 67 70 64 62 60 58 56 68 54 52 73 46 51 13 9 19 17 4 31 15 34 2 11 21 23 25 29 44 48 36 28 38 40 42 
5 7 74 67 70 64 63 60 58 56 68 54 52 73 46 51 13 9 19 17 4 31 15 34 2 11 21 23 25 29 44 48 36 28 38 40 42 
5 7 70 64 62 58 56 68 54 52 46 72 60 16 74 66 18 51 13 9 20 12 44 24 3 25 29 2 21 34 48 36 28 33 38 40 42 
5 7 70 64 62 58 56 68 54 52 47 72 60 16 74 66 18 51 13 9 20 12 44 24 3 25 29 2 21 34 48 36 28 33 38 40 42 
5 7 70 64 62 58 56 68 54 52 50 46 72 60 16 74 66 18 13 9 20 12 44 24 3 25 29 2 21 34 48 36 28 33 38 40 42 
5 7 70 64 62 58 56 68 54 52 50 47 72 60 16 74 66 18 13 9 20 12 44 24 3 25 29 2 21 34 48 36 28 33 38 40 42 
5 7 70 64 62 58 56 68 54 52 73 46 60 16 74 66 18 51 13 9 12 44 24 3 25 29 2 21 20 31 34 48 36 28 38 40 42 
5 7 73 70 64 62 58 56 68 54 52 50 47 60 16 74 66 18 13 9 3 25 29 34 2 11 21 44 24 20 31 48 36 28 38 40 42 
5 7 69 70 64 62 58 56 54 52 50 47 72 60 16 74 66 18 13 9 44 12 3 25 29 2 21 23 20 31 34 48 36 28 38 40 42 
5 7 74 66 70 64 62 72 60 58 56 68 54 50 46 13 9 19 17 3 25 29 15 34 2 11 21 52 37 24 44 33 28 38 40 49 42 
5 7 67 70 64 62 58 56 68 54 52 50 73 46 60 16 74 18 13 9 44 3 25 29 34 2 11 21 23 20 31 36 28 38 40 49 42 
5 7 73 67 70 64 62 58 56 68 54 52 50 47 60 16 74 18 13 9 44 3 25 29 34 2 11 21 23 20 31 36 28 38 40 49 42 
74 66 64 62 60 58 56 52 73 46 19 17 4 51 13 9 68 54 8 5 15 34 71 2 11 21 25 24 44 30 48 36 38 33 28 40 42 
74 66 64 62 60 58 56 52 73 46 19 17 4 51 13 9 68 54 8 6 15 71 2 11 21 25 35 24 44 30 48 36 38 33 28 40 42 
5 7 74 66 64 62 60 58 56 68 54 52 50 73 46 13 10 19 17 4 15 34 71 2 11 21 25 24 44 30 48 36 33 28 38 40 42 
74 66 64 62 60 58 56 68 54 52 50 73 46 13 10 19 17 4 7 6 15 71 2 11 21 25 35 24 44 30 48 36 33 28 38 40 42 
74 66 64 62 60 58 56 52 73 46 19 17 4 31 51 13 9 68 54 8 5 15 34 71 2 11 21 25 24 44 30 48 36 38 28 40 42 
74 66 64 62 60 58 56 52 73 46 19 17 4 31 51 13 9 68 54 8 6 15 71 2 11 21 25 35 24 44 30 48 36 38 28 40 42 
5 7 74 66 64 62 60 58 56 68 54 52 50 73 46 13 10 19 17 4 31 15 34 71 2 11 21 25 24 44 30 48 36 28 38 40 42 
74 66 64 62 60 58 56 68 54 52 50 73 46 13 10 19 17 4 31 7 6 15 71 2 11 21 25 35 24 44 30 48 36 28 38 40 42 
69 74 66 64 62 58 56 52 46 19 31 72 60 16 51 14 5 3 25 29 9 54 8 17 12 71 2 21 23 44 34 48 36 38 28 40 42 
5 7 69 74 66 64 62 72 60 58 56 54 52 50 46 14 25 29 10 3 19 31 17 12 15 71 2 21 23 35 44 48 36 28 38 40 42 
69 74 66 64 62 72 60 58 57 52 46 19 17 4 51 14 25 29 9 54 8 5 15 34 71 2 11 21 24 44 48 36 33 38 28 40 42 
5 7 69 74 66 64 62 72 60 58 54 57 52 46 51 14 25 29 10 19 17 4 15 34 71 2 11 21 24 44 48 36 33 28 38 40 42 
69 74 66 64 62 58 57 52 46 19 17 4 72 60 16 5 51 14 25 29 9 54 8 34 71 2 11 21 24 44 48 36 33 38 28 40 42 
69 74 66 64 62 58 56 52 73 46 19 17 4 31 60 16 5 51 14 25 29 9 54 8 34 71 2 11 21 24 44 48 36 38 28 40 42 
69 74 66 64 62 58 57 52 46 19 17 4 31 72 60 16 5 51 14 25 29 9 54 8 34 71 2 11 21 24 44 48 36 38 28 40 42 
5 7 69 74 66 64 62 72 60 58 56 54 52 46 51 14 25 29 10 3 19 31 17 12 15 71 39 2 21 23 35 44 48 36 28 40 42 
5 7 69 64 62 58 56 54 52 46 74 66 18 51 14 25 29 72 60 16 10 3 44 12 71 2 21 23 20 31 34 48 36 28 38 40 42 
5 7 69 70 64 62 58 56 54 52 50 47 74 66 18 72 60 16 14 3 25 29 9 44 12 2 21 23 20 31 34 48 36 28 38 40 42 
5 7 69 64 62 58 54 57 52 46 74 66 18 51 14 25 29 72 60 16 10 20 12 44 24 4 71 2 21 34 48 36 33 28 38 40 42 
5 7 69 64 62 58 56 54 52 73 46 74 66 18 51 14 25 29 60 16 10 12 44 24 4 20 31 71 2 21 34 48 36 28 38 40 42 
5 7 69 64 62 58 54 57 52 46 74 66 18 51 14 25 29 72 60 16 10 12 44 24 4 20 31 71 2 21 34 48 36 28 38 40 42 
5 7 69 74 66 70 64 72 60 58 56 63 55 52 46 51 13 9 19 17 31 3 25 29 15 2 11 21 23 35 44 48 36 28 38 40 42 
5 7 69 74 66 70 64 62 72 60 58 56 50 48 55 47 13 9 17 31 20 44 3 25 29 15 34 2 11 21 23 52 37 28 38 40 42 
5 7 69 70 64 62 58 56 55 52 46 72 60 16 74 66 18 51 13 9 44 12 3 25 29 2 21 23 20 31 34 48 36 28 38 40 42 
5 7 69 70 64 62 58 56 52 50 55 47 72 60 16 74 66 18 13 9 44 12 3 25 29 2 21 23 20 31 34 48 36 28 38 40 42 
5 7 69 74 66 70 64 62 72 60 58 56 55 50 46 13 9 19 17 31 3 25 29 15 34 2 11 21 23 44 52 37 28 38 40 49 42 
69 74 66 64 62 58 56 55 52 46 19 31 72 60 16 51 14 5 3 25 29 9 8 17 12 71 2 21 23 44 34 48 36 38 28 40 42 
5 7 69 74 66 70 64 62 58 56 52 55 47 72 60 16 51 14 3 25 29 9 31 20 44 17 12 2 21 23 34 48 36 28 38 40 42 
5 7 69 74 66 64 62 72 60 58 56 55 52 50 46 14 25 29 10 3 19 31 17 12 15 71 2 21 23 35 44 48 36 28 38 40 42 
5 7 69 74 66 64 62 72 60 58 56 55 52 46 51 14 25 29 10 3 19 31 17 12 15 71 39 2 21 23 35 44 48 36 28 40 42 
5 7 69 70 64 62 58 56 55 52 46 74 66 18 72 60 16 51 14 3 25 29 9 44 12 2 21 23 20 31 34 48 36 28 38 40 42 
5 7 69 64 62 58 56 55 52 46 74 66 18 51 14 25 29 72 60 16 10 3 44 12 71 2 21 23 20 31 34 48 36 28 38 40 42 
5 7 69 64 62 58 56 55 52 50 46 74 66 18 72 60 16 14 3 25 29 9 44 12 71 2 21 23 20 31 34 48 36 28 38 40 42 
5 7 69 70 64 62 58 56 52 50 55 47 74 66 18 72 60 16 14 3 25 29 9 44 12 2 21 23 20 31 34 48 36 28 38 40 42 
5 7 69 64 62 58 56 55 52 46 74 66 18 72 60 16 51 14 3 25 29 9 44 12 21 23 20 31 34 48 36 71 2 39 28 40 42 
5 7 73 74 66 70 64 62 60 58 56 68 54 52 47 9 20 17 12 44 24 3 25 29 15 2 21 51 13 27 34 48 36 33 38 40 42 
5 7 73 74 66 70 64 62 60 58 56 68 54 52 47 43 9 20 17 12 44 24 3 25 29 15 2 21 51 13 27 34 48 36 33 38 40 
5 7 74 66 70 64 62 60 58 56 68 54 52 50 73 46 43 10 19 17 12 3 25 29 15 2 21 13 27 34 48 36 33 38 40 24 44 
5 7 73 74 66 70 64 62 60 58 56 68 54 52 50 47 43 9 20 17 12 44 24 3 25 29 15 2 21 13 27 34 48 36 33 38 40 
5 7 74 67 70 64 62 60 58 56 68 54 52 73 46 9 19 17 12 3 25 29 15 2 21 23 51 13 27 34 48 36 33 38 40 42 44 
5 7 74 73 67 70 64 62 60 58 56 68 54 52 47 9 20 44 17 12 3 25 29 15 2 21 23 51 13 27 34 48 36 33 38 40 42 
5 7 74 73 67 70 64 62 60 58 56 68 54 52 47 43 9 20 44 17 12 3 25 29 15 2 21 23 51 13 27 34 48 36 33 38 40 
74 70 67 62 60 58 56 68 54 65 52 50 73 46 9 19 17 7 6 3 25 29 15 2 11 21 23 13 27 35 44 48 36 33 38 40 42 
5 7 74 73 67 70 64 62 60 58 56 68 54 52 50 47 9 20 44 17 12 3 25 29 15 2 21 23 13 27 34 48 36 33 38 40 42 
5 7 74 73 67 70 64 62 60 58 56 68 54 52 50 47 43 9 20 44 17 12 3 25 29 15 2 21 23 13 27 34 48 36 33 38 40 
5 7 70 69 74 66 62 60 58 54 65 57 52 73 46 43 9 19 17 31 3 25 29 15 34 2 11 21 51 13 27 48 36 38 40 24 44 
5 7 70 69 74 66 60 58 65 57 54 62 53 73 46 43 9 19 17 31 3 25 29 15 34 2 11 21 51 13 27 48 36 38 40 24 44 
5 7 73 74 66 70 64 62 60 58 56 68 54 52 47 43 9 31 20 17 12 44 24 3 25 29 15 2 21 51 13 27 34 48 36 38 40 
5 7 73 70 74 66 62 60 58 56 68 54 65 52 47 43 9 17 31 20 3 25 29 15 34 2 11 21 44 24 51 13 27 48 36 38 40 
5 7 73 70 74 66 62 60 58 56 68 54 65 52 47 43 9 31 20 17 12 44 24 3 25 29 15 2 21 51 13 27 34 48 36 38 40 
5 7 70 69 74 66 62 60 58 54 65 57 52 50 73 46 43 9 19 17 31 3 25 29 15 34 2 11 21 13 27 48 36 38 40 24 44 
5 7 70 69 74 66 60 58 65 57 54 62 53 50 73 46 43 9 19 17 31 3 25 29 15 34 2 11 21 13 27 48 36 38 40 24 44 
70 69 74 66 62 60 58 56 54 65 52 50 73 46 9 19 17 31 7 6 3 25 29 15 2 11 21 13 27 35 24 44 48 36 38 40 42 
5 7 70 69 74 66 62 58 56 54 65 52 50 73 46 60 16 43 9 19 31 17 12 3 25 29 2 21 13 27 34 48 36 38 40 24 44 
70 74 66 62 60 58 56 68 54 65 52 50 73 46 43 9 19 17 31 7 6 3 25 29 15 2 11 21 13 27 35 24 44 48 36 38 40 
5 7 73 70 69 74 66 62 60 58 56 54 65 52 50 47 43 9 17 31 20 3 25 29 15 34 2 11 21 44 24 13 27 48 36 38 40 
5 7 73 70 74 66 62 60 58 56 68 54 65 52 50 47 43 9 17 31 20 3 25 29 15 34 2 11 21 44 24 13 27 48 36 38 40 
5 7 73 70 74 66 62 60 58 56 68 54 65 52 50 47 43 9 31 20 17 12 44 24 3 25 29 15 2 21 13 27 34 48 36 38 40 
5 7 74 73 67 70 64 62 60 58 56 68 54 52 47 9 31 20 44 17 12 3 25 29 15 2 21 23 51 13 27 34 48 36 38 40 42 
5 7 74 73 67 70 64 62 58 56 68 54 52 47 60 16 43 9 17 31 20 44 3 25 29 34 2 11 21 23 51 13 27 48 36 38 40 
74 67 62 60 58 56 68 54 65 52 50 73 46 9 19 17 31 7 6 3 25 29 15 34 71 2 11 21 23 13 27 48 36 38 40 42 44 
74 70 67 62 60 58 56 68 54 65 52 50 73 46 9 19 17 31 7 6 3 25 29 15 2 11 21 23 13 27 35 44 48 36 38 40 42 
74 67 64 62 60 58 56 68 54 52 50 73 46 9 19 17 4 7 6 15 34 71 2 11 21 23 13 27 25 29 48 36 33 38 40 42 44 
5 7 74 73 67 64 62 60 58 56 68 54 52 50 47 9 4 20 44 17 12 15 71 2 21 23 13 27 25 29 34 48 36 33 38 40 42 
5 7 74 70 67 62 60 58 56 68 54 65 52 73 46 9 19 17 4 31 15 34 2 11 21 23 51 13 27 25 29 48 36 38 40 42 44 
5 7 74 70 67 62 60 58 56 68 54 65 52 73 46 9 19 4 17 32 15 34 2 11 21 23 51 13 27 25 29 48 36 38 40 42 44 
5 7 74 67 70 64 62 58 56 68 54 52 73 46 60 16 43 9 19 17 4 31 34 2 11 21 23 51 13 27 25 29 48 36 38 40 44 
74 67 64 62 60 58 56 68 54 52 50 73 46 9 19 17 4 31 7 6 15 34 71 2 11 21 23 13 27 25 29 48 36 38 40 42 44 
5 7 74 70 67 62 60 58 56 68 54 65 52 50 73 46 9 19 17 4 31 15 34 2 11 21 23 13 27 25 29 48 36 38 40 42 44 
5 7 74 70 67 62 60 58 56 68 54 65 52 50 73 46 9 19 4 17 32 15 34 2 11 21 23 13 27 25 29 48 36 38 40 42 44 
5 7 74 73 67 64 62 60 58 56 68 54 52 50 47 9 4 31 20 44 17 12 15 71 2 21 23 13 27 25 29 34 48 36 38 40 42 
5 7 70 69 74 66 62 60 58 54 65 57 52 73 46 43 9 19 17 31 3 25 29 15 34 39 2 11 21 51 13 27 48 36 40 24 44 
5 7 69 74 66 62 60 58 56 54 65 52 73 46 9 19 17 31 3 25 29 15 71 39 2 11 21 51 13 27 35 24 44 48 36 40 42 
70 69 74 66 62 60 58 56 54 65 52 73 46 9 19 17 31 7 6 3 25 29 15 39 2 11 21 51 13 27 35 24 44 48 36 40 42 
5 7 69 74 66 63 58 56 54 65 52 73 46 9 19 60 41 17 31 3 25 29 15 34 71 39 2 11 21 51 13 27 48 36 42 24 44 
69 74 66 63 58 56 54 65 52 73 46 9 19 60 41 17 31 7 6 3 25 29 15 34 71 39 2 11 21 51 13 27 48 36 42 24 44 
5 7 74 66 65 60 58 56 68 54 62 53 73 46 9 19 17 31 3 25 29 15 34 71 39 2 11 21 51 13 27 48 36 40 42 24 44 
5 7 74 66 62 60 58 56 68 54 65 52 73 46 43 9 19 17 31 3 25 29 15 34 71 39 2 11 21 51 13 27 48 36 40 24 44 
5 7 74 66 63 58 56 68 54 65 52 73 46 9 19 60 41 17 31 3 25 29 15 34 71 39 2 11 21 51 13 27 48 36 42 24 44 
5 7 69 74 66 70 64 62 60 58 54 57 52 50 73 46 43 9 19 17 31 3 25 29 15 34 39 2 11 21 13 27 48 36 40 24 44 
5 7 69 74 66 65 60 58 56 54 62 53 50 73 46 9 19 17 31 3 25 29 15 34 71 39 2 11 21 13 27 48 36 40 42 24 44 
5 7 69 74 66 62 60 58 56 54 65 52 50 73 46 43 9 19 17 31 3 25 29 15 34 71 39 2 11 21 13 27 48 36 40 24 44 
5 7 70 69 74 66 62 60 58 54 65 57 52 50 73 46 43 9 19 17 31 3 25 29 15 34 39 2 11 21 13 27 48 36 40 24 44 
5 7 69 74 66 62 58 56 54 65 52 50 73 46 60 16 9 19 31 17 12 3 25 29 21 13 27 34 48 36 71 2 39 40 42 24 44 
5 7 69 74 66 62 58 56 54 65 52 50 73 46 60 16 43 9 19 31 17 12 3 25 29 21 13 27 34 48 36 71 2 39 40 24 44 
5 7 74 66 64 62 60 58 56 68 54 52 50 73 46 43 10 19 31 17 12 3 25 29 15 71 39 2 21 13 27 34 48 36 40 24 44 
5 7 74 66 62 60 58 56 68 54 65 52 50 73 46 43 9 19 17 31 3 25 29 15 34 71 39 2 11 21 13 27 48 36 40 24 44 
5 7 74 66 62 60 58 56 68 54 65 52 50 73 46 43 9 19 31 17 12 3 25 29 15 71 39 2 21 13 27 34 48 36 40 24 44 
5 7 74 66 62 60 58 56 68 54 65 52 50 73 46 43 10 19 31 17 12 3 25 29 15 71 39 2 21 13 27 34 48 36 40 24 44 
5 7 73 70 69 74 66 62 60 58 56 54 65 52 50 47 43 9 17 31 20 3 25 29 15 34 39 2 11 21 44 24 13 27 48 36 40 
74 67 62 60 58 56 68 54 65 52 73 46 9 19 17 31 7 6 3 25 29 15 34 71 39 2 11 21 23 51 13 27 48 36 40 42 44 
74 70 67 62 60 58 56 68 54 65 52 73 46 9 19 17 31 7 6 3 25 29 15 39 2 11 21 23 51 13 27 35 44 48 36 40 42 
74 67 63 58 56 68 54 65 52 73 46 9 19 60 41 17 31 7 6 3 25 29 15 34 71 39 2 11 21 23 51 13 27 48 36 42 44 
5 7 74 73 67 70 64 62 60 58 56 68 54 52 47 43 9 31 20 44 17 12 3 25 29 15 39 2 21 23 51 13 27 34 48 36 40 
5 7 74 73 70 67 62 60 58 56 68 54 65 52 47 43 9 17 31 20 44 3 25 29 15 34 39 2 11 21 23 51 13 27 48 36 40 
5 7 74 73 70 67 62 60 58 56 68 54 65 52 47 43 9 31 20 44 17 12 3 25 29 15 39 2 21 23 51 13 27 34 48 36 40 
5 7 74 73 67 70 64 62 60 58 56 68 54 52 50 47 43 9 17 31 20 44 3 25 29 15 34 39 2 11 21 23 13 27 48 36 40 
5 7 74 73 67 70 64 62 60 58 56 68 54 52 50 47 43 9 31 20 44 17 12 3 25 29 15 39 2 21 23 13 27 34 48 36 40 
5 7 74 73 70 67 62 60 58 56 68 54 65 52 50 47 43 9 17 31 20 44 3 25 29 15 34 39 2 11 21 23 13 27 48 36 40 
5 7 74 73 70 67 62 60 58 56 68 54 65 52 50 47 43 9 31 20 44 17 12 3 25 29 15 39 2 21 23 13 27 34 48 36 40 
74 67 64 62 60 58 56 68 54 52 73 46 9 19 17 4 7 6 15 34 71 39 2 11 21 23 51 13 27 25 29 48 36 33 40 42 44 
74 67 64 63 60 58 56 68 54 52 73 46 9 19 17 4 7 6 15 34 71 39 2 11 21 23 51 13 27 25 29 48 36 33 40 42 44 
5 7 74 73 67 64 62 60 58 56 68 54 52 47 9 4 20 44 17 12 15 71 39 2 21 23 51 13 27 25 29 34 48 36 33 40 42 
5 7 74 73 67 64 60 58 56 68 54 52 63 47 9 4 20 44 17 12 15 71 39 2 21 23 51 13 27 25 29 34 48 36 33 40 42 
5 7 69 70 64 62 58 56 54 52 50 73 46 60 16 74 66 18 43 9 3 25 29 34 2 11 21 44 24 13 27 20 31 48 36 38 40 
5 7 70 69 62 58 56 54 65 52 50 73 46 60 16 74 66 18 43 9 3 25 29 34 2 11 21 44 24 13 27 20 31 48 36 38 40 
5 7 73 69 70 64 62 58 56 54 52 50 47 60 16 74 66 18 43 9 3 25 29 34 2 11 21 44 24 13 27 20 31 48 36 38 40 
5 7 73 70 69 62 58 56 54 65 52 50 47 60 16 74 66 18 43 9 3 25 29 34 2 11 21 44 24 13 27 20 31 48 36 38 40 
5 7 73 70 64 62 58 56 68 54 52 50 47 60 16 74 66 18 43 9 3 25 29 34 2 11 21 44 24 13 27 20 31 48 36 38 40 
5 7 67 70 64 62 58 56 68 54 52 73 46 60 16 74 18 9 20 44 4 32 34 2 11 21 23 51 13 27 25 29 48 36 38 40 42 
5 7 69 64 62 58 56 54 52 73 46 60 16 74 66 18 9 12 44 24 3 25 29 21 51 13 27 20 31 34 48 36 71 2 39 40 42 
5 7 64 62 58 56 68 54 52 73 46 60 16 74 66 18 9 12 44 24 3 25 29 21 51 13 27 20 31 34 48 36 71 2 39 40 42 
5 7 69 62 58 56 54 65 52 50 73 46 60 16 74 66 18 9 3 25 29 34 11 21 44 24 13 27 20 31 48 36 71 2 39 40 42 
5 7 69 74 66 70 64 62 60 58 56 54 50 73 46 9 19 17 31 3 25 29 15 34 2 11 21 52 37 13 27 38 40 49 42 24 44 
5 7 70 67 62 58 56 68 54 65 52 50 49 73 46 60 16 74 18 43 9 44 3 25 29 34 2 11 21 23 13 27 20 31 36 38 40 
5 7 73 70 67 62 58 56 68 54 65 52 50 49 47 60 16 74 18 43 9 44 3 25 29 34 2 11 21 23 13 27 20 31 36 38 40 
5 7 67 62 58 56 68 54 65 52 50 49 73 46 60 16 74 18 43 9 44 3 25 29 34 11 21 23 13 27 20 31 36 71 2 39 40 
74 67 64 62 60 58 56 52 73 46 19 17 4 9 68 54 8 6 15 71 2 11 21 23 51 13 27 25 30 35 44 48 36 38 33 40 42 
74 67 64 62 60 58 56 52 73 46 19 17 4 31 9 68 54 8 6 15 71 2 11 21 23 51 13 27 25 30 35 44 48 36 38 40 42 
74 67 64 62 60 58 56 68 54 52 73 46 43 10 19 17 4 31 7 6 15 71 2 11 21 23 51 13 27 25 30 35 44 48 36 38 40 
74 67 64 62 60 58 56 68 54 52 50 73 46 43 10 19 17 4 31 7 6 15 71 2 11 21 23 13 27 25 30 35 44 48 36 38 40 
5 7 74 66 70 64 63 60 59 56 68 54 52 73 46 9 19 17 4 15 34 2 11 21 25 29 51 13 27 48 36 33 38 40 42 24 44 
5 7 70 69 74 66 62 58 56 54 65 52 73 46 60 16 3 25 29 9 19 17 31 34 2 11 21 51 14 27 48 36 38 40 43 24 44 
5 7 70 69 74 66 62 60 58 54 65 57 52 50 73 46 25 29 10 3 19 17 31 15 34 2 11 21 14 27 48 36 38 40 43 24 44 
5 7 70 69 74 66 60 58 65 57 54 62 53 50 73 46 25 29 10 3 19 17 31 15 34 2 11 21 14 27 48 36 38 40 43 24 44 
5 7 69 74 66 62 60 58 56 54 65 52 50 73 46 25 29 9 19 17 31 3 15 71 2 11 21 14 27 35 24 44 48 36 38 40 42 
70 69 74 66 62 60 58 56 54 65 52 50 73 46 3 25 29 9 19 17 31 7 6 15 2 11 21 14 27 35 24 44 48 36 38 40 42 
5 7 69 74 66 62 60 58 56 54 65 52 50 73 46 25 29 9 19 17 31 3 15 71 2 11 21 14 27 35 24 44 48 36 38 40 43 
69 74 66 62 60 58 56 54 65 52 50 73 46 3 25 29 9 19 17 31 7 6 15 71 2 11 21 14 27 35 24 44 48 36 38 40 43 
5 7 69 74 66 62 60 58 54 65 57 52 50 73 46 25 29 10 3 19 17 31 15 71 2 11 21 14 27 35 24 44 48 36 38 40 43 
5 7 69 74 66 60 58 65 57 54 62 53 50 73 46 25 29 10 3 19 17 31 15 71 2 11 21 14 27 35 24 44 48 36 38 40 43 
5 7 70 69 74 66 62 58 56 54 65 52 50 73 46 60 16 3 25 29 9 19 31 17 12 2 21 14 27 34 48 36 38 40 43 24 44 
5 7 69 74 66 64 62 58 56 54 52 50 73 46 60 16 3 25 29 9 19 31 17 12 71 2 21 14 27 35 24 44 48 36 38 40 42 
5 7 69 74 66 62 58 56 54 65 52 50 73 46 60 16 3 25 29 9 19 17 31 71 2 11 21 14 27 35 24 44 48 36 38 40 43 
5 7 69 74 66 62 58 56 54 65 52 50 73 46 60 16 3 25 29 9 19 31 17 12 71 2 21 14 27 35 24 44 48 36 38 40 43 
5 7 73 70 69 74 66 62 58 56 54 65 52 50 47 60 16 3 25 29 9 17 31 20 34 2 11 21 44 24 14 27 48 36 38 40 43 
5 7 69 74 66 62 72 60 58 54 65 57 52 46 25 29 10 19 17 4 15 34 71 2 11 21 51 14 27 48 36 33 38 40 42 24 44 
69 74 66 62 72 60 58 65 57 52 46 19 17 4 25 29 9 54 8 5 15 71 2 11 21 51 14 27 35 24 44 48 36 33 38 40 42 
69 74 66 64 62 58 57 52 46 19 17 4 72 60 16 5 25 29 9 54 8 34 71 2 11 21 51 14 27 48 36 33 38 40 42 24 44 
5 7 69 74 66 62 72 60 58 54 65 57 52 50 46 25 29 10 19 17 4 15 34 71 2 11 21 14 27 48 36 33 38 40 42 24 44 
5 7 73 69 74 66 70 64 62 58 56 54 52 50 47 60 16 25 29 9 4 31 20 17 12 44 24 2 21 14 27 34 48 36 38 40 42 
5 7 69 74 66 62 72 60 58 54 65 57 52 46 25 29 10 19 17 4 31 15 34 71 2 11 21 51 14 27 48 36 38 40 42 24 44 
69 74 66 62 72 60 58 65 57 52 46 19 17 4 31 25 29 9 54 8 5 15 71 2 11 21 51 14 27 35 24 44 48 36 38 40 42 
69 74 66 64 62 58 57 52 46 19 17 4 31 72 60 16 5 25 29 9 54 8 34 71 2 11 21 51 14 27 48 36 38 40 42 24 44 
5 7 69 74 66 62 72 60 58 54 65 57 52 50 46 25 29 10 19 17 4 31 15 34 71 2 11 21 14 27 48 36 38 40 42 24 44 
5 7 69 74 66 62 60 58 56 54 65 52 73 46 25 29 9 19 17 31 3 15 71 39 2 11 21 51 14 27 35 24 44 48 36 40 42 
69 74 66 62 60 58 56 54 65 52 73 46 3 25 29 9 19 17 31 7 6 15 71 39 2 11 21 51 14 27 35 24 44 48 36 40 42 
5 7 69 74 66 62 60 58 54 65 57 52 73 46 25 29 10 3 19 17 31 15 71 39 2 11 21 51 14 27 35 24 44 48 36 40 42 
5 7 69 74 66 62 58 56 54 65 52 73 46 25 29 9 19 60 41 17 31 3 15 71 39 2 11 21 51 14 27 35 24 44 48 36 42 
69 74 66 62 58 56 54 65 52 73 46 3 25 29 9 19 60 41 17 31 7 6 15 71 39 2 11 21 51 14 27 35 24 44 48 36 42 
5 7 69 74 66 62 58 54 65 57 52 73 46 25 29 10 3 19 60 41 17 31 15 71 39 2 11 21 51 14 27 35 24 44 48 36 42 
5 7 69 74 66 60 58 65 57 54 62 53 73 46 25 29 10 3 19 17 31 15 71 39 2 11 21 51 14 27 35 24 44 48 36 40 42 
5 7 69 74 66 62 58 56 54 65 52 73 46 60 16 3 25 29 9 19 17 31 34 11 21 51 14 27 48 36 71 2 39 40 42 24 44 
5 7 69 74 66 62 58 56 54 65 52 73 46 60 16 3 25 29 9 19 31 17 12 21 51 14 27 34 48 36 71 2 39 40 42 24 44 
5 7 69 74 66 64 62 58 56 54 52 73 46 60 16 3 25 29 9 19 31 17 12 21 51 14 27 35 24 44 48 36 71 2 39 40 42 
5 7 69 74 66 62 58 56 54 65 52 73 46 60 16 3 25 29 9 19 17 31 11 21 51 14 27 35 24 44 48 36 71 2 39 40 42 
5 7 69 74 66 62 58 56 54 65 52 73 46 60 16 3 25 29 9 19 31 17 12 21 51 14 27 35 24 44 48 36 71 2 39 40 42 
5 7 70 69 74 66 62 60 58 56 54 65 52 50 73 46 25 29 9 19 17 31 3 15 34 39 2 11 21 14 27 48 36 40 43 24 44 
5 7 70 69 74 66 62 60 58 54 65 57 52 50 73 46 25 29 10 3 19 17 31 15 34 39 2 11 21 14 27 48 36 40 43 24 44 
5 7 69 74 66 62 58 56 54 65 52 50 73 46 60 16 3 25 29 9 19 31 17 12 21 14 27 34 48 36 71 2 39 40 43 24 44 
5 7 73 69 74 66 58 56 54 65 52 50 63 47 60 16 3 25 29 9 17 31 20 34 11 21 44 24 14 27 48 36 71 2 39 40 43 
69 74 66 64 62 58 56 52 46 19 31 72 60 16 5 3 25 29 9 54 8 17 12 21 23 51 14 27 34 48 36 71 2 39 40 42 44 
69 74 66 62 60 58 56 65 52 73 46 19 17 4 31 25 29 9 54 8 5 15 34 71 39 2 11 21 51 14 27 48 36 40 42 24 44 
5 7 69 74 66 62 60 58 56 54 65 52 73 46 25 29 10 19 17 4 31 15 34 71 39 2 11 21 51 14 27 48 36 40 42 24 44 
69 74 66 64 62 58 56 52 73 46 19 17 4 31 60 16 5 25 29 9 54 8 34 11 21 51 14 27 48 36 71 2 39 40 42 24 44 
69 74 66 64 62 58 56 52 73 46 19 4 17 32 60 16 5 25 29 9 54 8 34 11 21 51 14 27 48 36 71 2 39 40 42 24 44 
69 74 66 62 72 60 58 65 57 52 46 19 17 4 31 25 29 9 54 8 5 15 34 71 39 2 11 21 51 14 27 48 36 40 42 24 44 
5 7 69 74 66 62 72 60 58 54 65 57 52 46 25 29 10 19 17 4 31 15 34 71 39 2 11 21 51 14 27 48 36 40 42 24 44 
69 74 66 64 62 58 57 52 46 19 17 4 31 72 60 16 5 25 29 9 54 8 34 11 21 51 14 27 48 36 71 2 39 40 42 24 44 
69 74 66 64 62 58 57 52 46 19 4 17 32 72 60 16 5 25 29 9 54 8 34 11 21 51 14 27 48 36 71 2 39 40 42 24 44 
5 7 69 64 62 58 56 54 52 50 73 46 74 66 18 60 16 3 25 29 9 35 71 2 11 21 44 24 14 27 20 31 48 36 38 40 42 
5 7 69 64 62 58 56 54 52 50 73 46 74 66 18 60 16 3 25 29 9 35 71 2 11 21 44 24 14 27 20 31 48 36 38 40 43 
5 7 69 62 58 56 54 65 52 50 73 46 74 66 18 60 16 3 25 29 9 35 71 2 11 21 44 24 14 27 20 31 48 36 38 40 43 
5 7 69 62 58 54 65 57 52 50 73 46 74 66 18 25 29 60 16 10 3 35 71 2 11 21 44 24 14 27 20 31 48 36 38 40 43 
5 7 73 69 70 64 62 58 56 54 52 50 47 74 66 18 60 16 3 25 29 9 34 2 11 21 44 24 14 27 20 31 48 36 38 40 42 
5 7 73 69 70 64 62 58 56 54 52 50 47 74 66 18 60 16 3 25 29 9 34 2 11 21 44 24 14 27 20 31 48 36 38 40 43 
5 7 73 70 69 62 58 56 54 65 52 50 47 74 66 18 60 16 3 25 29 9 34 2 11 21 44 24 14 27 20 31 48 36 38 40 43 
5 7 73 70 69 58 54 65 57 52 50 63 47 74 66 18 25 29 60 16 10 3 34 2 11 21 44 24 14 27 20 31 48 36 38 40 43 
5 7 69 64 62 58 56 54 52 46 74 66 18 25 29 72 60 16 10 3 44 12 71 2 21 23 51 14 27 20 31 34 48 36 38 40 42 
5 7 69 64 62 58 54 57 52 46 74 66 18 25 29 72 60 16 10 20 12 44 24 4 71 2 21 51 14 27 34 48 36 33 38 40 42 
5 7 69 70 64 62 58 56 54 52 50 73 46 74 66 18 60 16 25 29 9 12 44 24 4 20 31 2 21 14 27 34 48 36 38 40 42 
5 7 69 64 62 58 54 57 52 46 74 66 18 25 29 72 60 16 10 12 44 24 4 20 31 71 2 21 51 14 27 34 48 36 38 40 42 
5 7 69 64 62 58 56 54 52 73 46 74 66 18 60 16 3 25 29 9 35 11 21 44 24 51 14 27 20 31 48 36 71 2 39 40 42 
5 7 69 62 58 56 54 65 52 73 46 74 66 18 60 16 3 25 29 9 35 11 21 44 24 51 14 27 20 31 48 36 71 2 39 40 42 
5 7 69 62 58 54 65 57 52 73 46 74 66 18 25 29 60 16 10 3 35 11 21 44 24 51 14 27 20 31 48 36 71 2 39 40 42 
5 7 69 64 62 58 56 54 52 46 74 66 18 72 60 16 3 25 29 9 44 12 21 23 51 14 27 20 31 34 48 36 71 2 39 40 42 
5 7 69 64 62 58 56 54 52 46 74 66 18 25 29 72 60 16 10 3 44 12 21 23 51 14 27 20 31 34 48 36 71 2 39 40 42 
5 7 69 64 62 58 56 54 52 73 46 74 66 18 25 29 60 16 10 12 44 24 4 20 31 21 51 14 27 34 48 36 71 2 39 40 42 
5 7 69 64 62 58 56 54 52 73 46 74 66 18 25 29 60 16 10 20 44 24 4 12 32 21 51 14 27 34 48 36 71 2 39 40 42 
5 7 69 64 62 58 56 54 52 50 73 46 74 66 18 60 16 25 29 9 12 44 24 4 20 31 21 14 27 34 48 36 71 2 39 40 42 
5 7 69 64 62 58 54 57 52 46 74 66 18 25 29 72 60 16 10 12 44 24 4 20 31 21 51 14 27 34 48 36 71 2 39 40 42 
5 7 69 64 62 58 54 57 52 46 74 66 18 25 29 72 60 16 10 20 44 24 4 12 32 21 51 14 27 34 48 36 71 2 39 40 42 
5 7 69 74 66 70 64 62 60 58 56 54 52 50 73 46 25 29 9 19 17 4 31 15 34 2 11 21 14 27 36 38 40 49 42 24 44 
5 7 69 74 66 70 64 62 60 58 56 54 50 73 46 25 29 9 19 17 4 31 15 34 2 11 21 52 37 14 27 38 40 49 42 24 44 
5 7 69 70 64 62 58 56 52 50 55 47 72 60 16 74 66 18 9 44 12 3 25 29 2 21 23 13 27 20 31 34 48 36 38 40 42 
5 7 69 64 62 58 56 55 52 46 72 60 16 74 66 18 9 44 12 3 25 29 21 23 51 13 27 20 31 34 48 36 71 2 39 40 42 
5 7 69 64 62 58 56 55 52 50 46 72 60 16 74 66 18 9 44 12 3 25 29 21 23 13 27 20 31 34 48 36 71 2 39 40 42 
69 74 66 64 62 72 60 58 56 55 52 50 46 3 25 29 9 19 17 31 7 6 15 71 2 11 21 23 14 27 35 44 48 36 38 40 42 
5 7 69 74 66 64 62 72 60 58 56 55 52 50 46 25 29 10 3 19 31 17 12 15 71 2 21 23 14 27 35 44 48 36 38 40 42 
69 74 66 64 62 72 60 58 56 55 52 46 3 25 29 9 19 17 31 7 6 15 71 39 2 11 21 23 51 14 27 35 44 48 36 40 42 
5 7 69 74 66 64 62 72 60 58 56 55 52 46 25 29 10 3 19 31 17 12 15 71 39 2 21 23 51 14 27 35 44 48 36 40 42 
5 7 69 74 66 64 62 58 56 52 55 47 72 60 16 3 25 29 9 17 31 20 44 34 11 21 23 51 14 27 48 36 71 2 39 40 42 
5 7 69 74 66 64 62 58 56 52 55 47 72 60 16 3 25 29 9 31 20 44 17 12 21 23 51 14 27 34 48 36 71 2 39 40 42 
5 7 69 64 62 58 56 55 52 50 46 74 66 18 72 60 16 3 25 29 9 35 44 71 2 11 21 23 14 27 20 31 48 36 38 40 42 
5 7 69 64 62 58 56 55 52 50 46 74 66 18 72 60 16 3 25 29 9 35 44 12 71 2 21 23 14 27 20 31 48 36 38 40 42 
5 7 69 70 64 62 58 56 52 50 55 47 74 66 18 72 60 16 3 25 29 9 44 12 2 21 23 14 27 20 31 34 48 36 38 40 42 
5 7 69 64 62 58 56 55 52 46 74 66 18 72 60 16 3 25 29 9 44 12 21 23 51 14 27 20 31 34 48 36 71 2 39 40 42 
5 7 69 64 62 58 56 55 52 50 46 74 66 18 72 60 16 3 25 29 9 44 12 21 23 14 27 20 31 34 48 36 71 2 39 40 42 
5 7 74 66 70 64 62 60 58 56 68 54 52 73 46 51 13 9 19 17 31 3 29 15 34 2 11 21 26 24 44 36 28 38 40 49 42 
5 7 74 66 70 64 62 60 58 56 68 54 52 50 73 46 13 9 19 17 31 3 29 15 34 2 11 21 26 24 44 36 28 38 40 49 42 
5 7 73 74 66 70 64 62 60 58 56 68 54 52 50 47 13 9 17 31 20 3 29 15 34 2 11 21 26 44 24 36 28 38 40 49 42 
5 7 70 64 62 58 56 68 54 52 50 73 46 60 16 74 66 18 13 9 3 29 34 2 11 21 26 44 24 20 31 36 28 38 40 49 42 
5 7 73 70 64 62 58 56 68 54 52 50 47 60 16 74 66 18 13 9 3 29 34 2 11 21 26 44 24 20 31 36 28 38 40 49 42 
5 7 67 70 64 62 58 56 68 54 52 73 46 60 16 74 18 51 13 9 26 44 3 29 34 2 11 21 23 20 31 36 28 38 40 49 42 
5 7 67 70 64 62 58 56 68 54 52 50 73 46 60 16 74 18 13 9 26 44 3 29 34 2 11 21 23 20 31 36 28 38 40 49 42 
5 7 73 67 70 64 62 58 56 68 54 52 50 47 60 16 74 18 13 9 26 44 3 29 34 2 11 21 23 20 31 36 28 38 40 49 42 
5 7 69 74 66 70 64 62 72 60 58 56 52 50 55 47 13 9 17 31 20 26 44 3 29 15 34 2 11 21 23 48 36 28 38 40 42 
5 7 69 74 66 70 64 62 72 60 58 56 52 50 55 47 14 29 9 17 31 20 26 44 3 15 34 2 11 21 23 48 36 28 38 40 42 
5 7 73 70 69 74 66 62 60 58 56 54 65 52 47 9 17 31 20 3 29 15 34 2 11 21 26 44 24 51 13 27 48 36 38 40 42 
5 7 73 70 69 74 66 62 60 58 56 54 65 52 47 43 9 17 31 20 3 29 15 34 2 11 21 26 44 24 51 13 27 48 36 38 40 
5 7 69 74 66 65 60 58 56 54 62 53 73 46 9 19 17 31 3 29 15 34 71 39 2 11 21 51 13 27 48 36 40 42 26 24 44 
5 7 69 74 66 62 60 58 56 54 65 52 73 46 43 9 19 17 31 3 29 15 34 71 39 2 11 21 51 13 27 48 36 40 26 24 44 
5 7 73 70 69 58 54 65 57 52 63 47 60 16 74 66 18 43 9 3 29 34 2 11 21 26 44 24 51 13 27 20 31 48 36 38 40 
5 7 70 74 66 62 60 58 56 68 54 65 52 50 73 46 9 19 17 31 3 29 15 34 2 11 21 13 27 36 38 40 49 42 26 24 44 
5 7 70 74 66 62 60 58 56 68 54 65 52 50 49 73 46 43 9 19 17 31 3 29 15 34 2 11 21 13 27 36 38 40 26 24 44 
5 7 73 70 74 66 62 60 58 56 68 54 65 52 50 47 9 17 31 20 3 29 15 34 2 11 21 26 44 24 13 27 36 38 40 49 42 
5 7 73 70 74 66 62 60 58 56 68 54 65 52 50 49 47 43 9 17 31 20 3 29 15 34 2 11 21 26 44 24 13 27 36 38 40 
5 7 74 66 64 62 60 58 56 68 54 52 73 46 9 19 17 31 3 29 15 34 71 39 2 11 21 51 13 27 36 40 49 42 26 24 44 
5 7 74 66 62 60 58 56 68 54 65 52 49 73 46 43 9 19 17 31 3 29 15 34 71 39 2 11 21 51 13 27 36 40 26 24 44 
5 7 74 66 62 60 58 56 68 54 65 52 50 49 73 46 43 9 19 17 31 3 29 15 34 71 39 2 11 21 13 27 36 40 26 24 44 
5 7 70 64 62 58 56 68 54 52 50 49 73 46 60 16 74 66 18 43 9 3 29 34 2 11 21 26 44 24 13 27 20 31 36 38 40 
5 7 73 70 64 62 58 56 68 54 52 50 49 47 60 16 74 66 18 43 9 3 29 34 2 11 21 26 44 24 13 27 20 31 36 38 40 
5 7 67 62 58 56 68 54 65 52 50 49 73 46 60 16 74 18 43 9 26 44 3 29 34 71 2 11 21 23 13 27 20 31 36 38 40 
5 7 73 70 67 62 58 56 68 54 65 52 50 49 47 60 16 74 18 43 9 26 44 3 29 34 2 11 21 23 13 27 20 31 36 38 40 
5 7 64 62 58 56 68 54 52 50 49 73 46 60 16 74 66 18 43 9 3 29 34 11 21 26 44 24 13 27 20 31 36 71 2 39 40 
5 7 67 62 58 56 68 54 65 52 49 73 46 60 16 74 18 43 9 26 44 3 29 34 11 21 23 51 13 27 20 31 36 71 2 39 40 
5 7 67 64 62 58 56 68 54 52 73 46 74 18 43 60 16 10 35 26 44 4 20 31 71 2 11 21 23 51 13 27 30 48 36 38 40 
5 7 73 70 69 74 66 62 58 56 54 65 52 47 60 16 3 29 9 17 31 20 34 2 11 21 26 44 24 51 14 27 48 36 38 40 43 
5 7 69 74 66 64 62 58 56 54 52 73 46 60 16 3 29 9 19 17 31 34 11 21 51 14 27 48 36 71 2 39 40 43 26 24 44 
5 7 75 69 66 70 64 62 58 54 57 52 50 46 72 60 16 13 9 19 31 17 12 3 25 29 2 21 23 44 34 48 36 28 38 40 42 
5 7 75 69 70 64 62 58 56 54 52 46 72 60 16 66 18 51 13 9 44 12 3 25 29 2 21 23 20 31 34 48 36 28 38 40 42 
5 7 75 69 70 64 62 58 56 54 52 50 47 72 60 16 66 18 13 9 44 12 3 25 29 2 21 23 20 31 34 48 36 28 38 40 42 
5 7 75 69 66 64 62 72 60 58 56 54 52 50 46 14 25 29 10 3 19 31 17 12 15 71 2 21 23 44 34 48 36 28 38 40 42 
5 7 75 69 66 70 64 62 72 60 58 54 57 52 50 46 14 25 29 10 3 19 31 17 12 15 2 21 23 44 34 48 36 28 38 40 42 
5 7 75 69 66 64 62 72 60 58 54 57 52 50 46 14 25 29 10 3 19 31 17 12 15 71 2 21 23 44 34 48 36 28 38 40 42 
5 7 75 69 66 64 62 72 60 58 54 57 52 50 46 14 25 29 10 3 19 31 17 12 15 71 2 21 23 35 44 48 36 28 38 40 42 
5 7 75 69 66 64 62 72 60 58 56 54 52 50 47 14 25 29 9 17 31 20 35 44 3 15 71 2 11 21 23 48 36 28 38 40 42 
5 7 75 69 66 70 64 62 58 56 54 52 50 47 72 60 16 14 3 25 29 9 31 20 44 17 12 2 21 23 34 48 36 28 38 40 42 
5 7 75 69 66 64 62 72 60 58 56 54 52 46 51 14 25 29 10 3 19 31 17 12 15 71 39 2 21 23 44 34 48 36 28 40 42 
5 7 75 69 66 64 62 72 60 58 54 57 52 46 51 14 25 29 10 3 19 31 17 12 15 71 39 2 21 23 44 34 48 36 28 40 42 
5 7 75 69 66 64 62 72 60 58 54 57 52 46 51 14 25 29 10 3 19 31 17 12 15 71 39 2 21 23 35 44 48 36 28 40 42 
5 7 75 69 66 64 62 72 60 58 56 54 52 47 51 14 25 29 9 17 31 20 35 44 3 15 71 39 2 11 21 23 48 36 28 40 42 
5 7 75 69 64 62 58 56 54 52 50 46 66 18 72 60 16 14 3 25 29 9 44 12 71 2 21 23 20 31 34 48 36 28 38 40 42 
5 7 75 69 70 64 62 58 56 54 52 50 47 66 18 72 60 16 14 3 25 29 9 44 34 2 11 21 23 20 31 48 36 28 38 40 42 
5 7 75 69 70 64 62 58 56 54 52 50 47 66 18 72 60 16 14 3 25 29 9 44 12 2 21 23 20 31 34 48 36 28 38 40 42 
5 7 75 69 66 70 64 62 72 60 58 55 57 52 46 51 13 9 19 17 31 3 25 29 15 34 2 11 21 23 44 48 36 28 38 40 42 
5 7 75 69 66 70 64 62 72 60 58 55 57 52 46 51 13 9 19 31 17 12 3 25 29 15 2 21 23 44 34 48 36 28 38 40 42 
5 7 75 69 66 70 64 62 58 55 57 52 46 72 60 16 51 13 9 19 31 17 12 3 25 29 2 21 23 44 34 48 36 28 38 40 42 
5 7 75 69 66 70 64 62 72 60 58 56 52 55 47 51 13 9 17 31 20 44 3 25 29 15 34 2 11 21 23 48 36 28 38 40 42 
5 7 75 69 66 70 64 62 72 60 58 57 52 55 47 51 13 9 17 31 20 44 3 25 29 15 34 2 11 21 23 48 36 28 38 40 42 
5 7 75 69 66 70 64 62 72 60 58 56 52 55 47 51 13 9 31 20 44 17 12 3 25 29 15 2 21 23 34 48 36 28 38 40 42 
5 7 75 69 66 70 64 62 58 56 52 55 47 72 60 16 51 13 9 17 31 20 44 3 25 29 34 2 11 21 23 48 36 28 38 40 42 
5 7 75 69 66 70 64 62 58 57 52 55 47 72 60 16 51 13 9 17 31 20 44 3 25 29 34 2 11 21 23 48 36 28 38 40 42 
5 7 75 69 66 70 64 62 72 60 58 55 57 52 50 46 13 9 19 31 17 12 3 25 29 15 2 21 23 44 34 48 36 28 38 40 42 
5 7 75 69 66 70 64 62 58 55 57 52 50 46 72 60 16 13 9 19 31 17 12 3 25 29 2 21 23 44 34 48 36 28 38 40 42 
5 7 75 69 66 70 64 62 72 60 58 57 52 50 55 47 13 9 17 31 20 44 3 25 29 15 34 2 11 21 23 48 36 28 38 40 42 
5 7 75 69 66 70 64 62 72 60 58 56 52 50 55 47 13 9 31 20 44 17 12 3 25 29 15 2 21 23 34 48 36 28 38 40 42 
5 7 75 69 66 70 64 62 72 60 58 57 52 50 55 47 13 9 31 20 44 17 12 3 25 29 15 2 21 23 34 48 36 28 38 40 42 
5 7 75 69 70 64 62 58 55 57 52 46 72 60 16 66 18 51 13 9 44 12 3 25 29 2 21 23 20 31 34 48 36 28 38 40 42 
5 7 75 69 70 64 62 58 56 52 55 47 72 60 16 66 18 51 13 9 44 12 3 25 29 2 21 23 20 31 34 48 36 28 38 40 42 
5 7 75 69 70 64 62 58 56 52 50 55 47 72 60 16 66 18 13 9 44 12 3 25 29 2 21 23 20 31 34 48 36 28 38 40 42 
5 7 75 68 66 70 64 62 72 60 58 56 52 50 55 47 13 9 17 31 20 44 3 25 29 15 34 2 11 21 23 36 28 38 40 49 42 
5 7 75 69 66 70 64 62 72 60 58 56 52 55 47 51 14 25 29 9 17 31 20 44 3 15 34 2 11 21 23 48 36 28 38 40 42 
5 7 75 69 66 70 64 62 58 56 52 55 47 72 60 16 51 14 3 25 29 9 31 20 44 17 12 2 21 23 34 48 36 28 38 40 42 
5 7 75 69 66 64 62 72 60 58 56 55 52 50 46 14 25 29 10 3 19 31 17 12 15 71 2 21 23 44 34 48 36 28 38 40 42 
5 7 75 69 66 70 64 62 72 60 58 55 57 52 50 46 14 25 29 9 19 31 3 17 12 15 2 21 23 44 34 48 36 28 38 40 42 
5 7 75 69 66 70 64 62 72 60 58 55 57 52 50 46 14 25 29 10 3 19 31 17 12 15 2 21 23 44 34 48 36 28 38 40 42 
5 7 75 69 66 70 64 62 72 60 58 56 52 50 55 47 14 25 29 9 31 20 44 3 17 12 15 2 21 23 34 48 36 28 38 40 42 
5 7 75 69 66 70 64 62 72 60 58 56 52 50 55 47 14 25 29 10 3 31 20 44 17 12 15 2 21 23 34 48 36 28 38 40 42 
5 7 75 69 66 70 64 62 72 60 58 57 52 50 55 47 14 25 29 9 31 20 44 3 17 12 15 2 21 23 34 48 36 28 38 40 42 
5 7 75 69 66 70 64 62 72 60 58 57 52 50 55 47 14 25 29 10 3 31 20 44 17 12 15 2 21 23 34 48 36 28 38 40 42 
5 7 75 69 66 70 64 62 58 56 52 50 55 47 72 60 16 14 3 25 29 9 17 31 20 44 34 2 11 21 23 48 36 28 38 40 42 
5 7 75 69 66 70 64 62 58 56 52 50 55 47 72 60 16 14 3 25 29 9 31 20 44 17 12 2 21 23 34 48 36 28 38 40 42 
5 7 75 69 66 64 62 72 60 58 56 55 52 46 51 14 25 29 10 3 19 31 17 12 15 71 39 2 21 23 44 34 48 36 28 40 42 
5 7 75 69 64 62 58 56 55 52 50 46 66 18 14 25 29 72 60 16 10 3 44 12 71 2 21 23 20 31 34 48 36 28 38 40 42 
5 7 75 69 70 64 62 58 56 52 50 55 47 66 18 72 60 16 14 3 25 29 9 44 12 2 21 23 20 31 34 48 36 28 38 40 42 
5 7 75 69 70 64 62 58 56 52 50 55 47 66 18 14 25 29 72 60 16 10 3 44 12 2 21 23 20 31 34 48 36 28 38 40 42 
5 7 75 69 70 64 62 58 57 52 50 55 47 66 18 72 60 16 14 3 25 29 9 44 12 2 21 23 20 31 34 48 36 28 38 40 42 
5 7 75 69 64 62 58 56 55 52 46 66 18 51 14 25 29 72 60 16 10 3 44 12 21 23 20 31 34 48 36 71 2 39 28 40 42 
5 7 75 69 66 70 64 63 72 60 58 54 57 52 50 46 9 19 31 17 12 3 25 29 15 2 21 23 13 27 34 48 36 38 40 42 44 
5 7 75 69 66 64 63 72 60 58 54 57 52 46 9 19 17 31 3 25 29 15 34 71 39 2 11 21 23 51 13 27 48 36 40 42 44 
5 7 75 69 66 64 63 72 60 58 56 54 52 46 9 19 31 17 12 3 25 29 15 71 39 2 21 23 51 13 27 34 48 36 40 42 44 
5 7 75 69 66 64 63 72 60 58 54 57 52 50 46 9 19 17 31 3 25 29 15 34 71 39 2 11 21 23 13 27 48 36 40 42 44 
5 7 75 69 66 64 63 72 60 58 54 57 52 50 46 9 19 31 17 12 3 25 29 15 71 39 2 21 23 13 27 34 48 36 40 42 44 
5 7 75 69 66 64 63 58 54 57 52 50 46 72 60 16 9 19 31 17 12 3 25 29 21 23 13 27 34 48 36 71 2 39 40 42 44 
5 7 75 69 70 64 62 58 56 54 52 50 47 72 60 16 66 18 9 44 12 3 25 29 2 21 23 13 27 20 31 34 48 36 38 40 42 
5 7 75 69 64 62 58 56 54 52 46 72 60 16 66 18 9 44 12 3 25 29 21 23 51 13 27 20 31 34 48 36 71 2 39 40 42 
5 7 75 69 66 70 64 63 72 60 58 54 57 52 50 46 25 29 10 3 19 31 17 12 15 2 21 23 14 27 34 48 36 38 40 42 44 
5 7 75 69 66 64 62 72 60 58 56 54 52 46 25 29 10 3 19 31 17 12 15 71 39 2 21 23 51 14 27 34 48 36 40 42 44 
5 7 75 69 66 64 62 72 60 58 54 57 52 46 25 29 10 3 19 31 17 12 15 71 39 2 21 23 51 14 27 34 48 36 40 42 44 
5 7 75 69 66 64 62 72 60 58 54 57 52 46 25 29 10 3 19 31 17 12 15 71 39 2 21 23 51 14 27 35 44 48 36 40 42 
5 7 75 69 66 64 62 72 60 58 56 54 52 47 25 29 9 17 31 20 35 44 3 15 71 39 2 11 21 23 51 14 27 48 36 40 42 
5 7 75 69 66 64 63 72 60 58 54 57 52 50 46 25 29 10 3 19 31 17 12 15 71 39 2 21 23 14 27 34 48 36 40 42 44 
5 7 75 69 66 64 63 58 56 54 52 50 46 72 60 16 3 25 29 9 19 17 31 34 11 21 23 14 27 48 36 71 2 39 40 42 44 
5 7 75 69 66 64 63 58 56 54 52 50 46 72 60 16 3 25 29 9 19 31 17 12 21 23 14 27 34 48 36 71 2 39 40 42 44 
5 7 75 69 70 64 62 58 56 54 52 50 47 66 18 72 60 16 3 25 29 9 44 12 2 21 23 14 27 20 31 34 48 36 38 40 42 
5 7 75 69 64 62 58 56 54 52 50 46 66 18 72 60 16 3 25 29 9 44 12 21 23 14 27 20 31 34 48 36 71 2 39 40 42 
5 7 75 69 66 70 64 62 72 60 58 55 57 52 46 9 19 31 17 12 3 25 29 15 2 21 23 51 13 27 34 48 36 38 40 42 44 
5 7 75 69 66 70 64 62 72 60 58 55 57 52 46 9 19 17 31 3 25 29 15 2 11 21 23 51 13 27 35 44 48 36 38 40 42 
5 7 75 69 66 70 64 62 58 55 57 52 46 72 60 16 9 19 31 17 12 3 25 29 2 21 23 51 13 27 34 48 36 38 40 42 44 
75 69 66 70 64 62 72 60 58 56 55 52 50 46 9 19 17 31 7 6 3 25 29 15 2 11 21 23 13 27 35 44 48 36 38 40 42 
5 7 75 69 66 70 64 72 60 58 63 55 57 52 50 46 9 19 31 17 12 3 25 29 15 2 21 23 13 27 34 48 36 38 40 42 44 
5 7 75 69 66 64 62 72 60 58 55 57 52 46 9 19 17 31 3 25 29 15 34 71 39 2 11 21 23 51 13 27 48 36 40 42 44 
5 7 75 69 66 64 62 72 60 58 55 57 52 46 9 19 31 17 12 3 25 29 15 71 39 2 21 23 51 13 27 34 48 36 40 42 44 
5 7 75 69 66 64 72 60 58 56 63 55 52 46 9 19 17 31 3 25 29 15 34 71 39 2 11 21 23 51 13 27 48 36 40 42 44 
75 69 66 64 72 60 58 56 63 55 52 46 9 19 17 31 7 6 3 25 29 15 34 71 39 2 11 21 23 51 13 27 48 36 40 42 44 
5 7 75 69 66 64 72 60 58 63 55 57 52 46 9 19 17 31 3 25 29 15 34 71 39 2 11 21 23 51 13 27 48 36 40 42 44 
5 7 75 69 66 64 62 58 55 57 52 46 72 60 16 9 19 31 17 12 3 25 29 21 23 51 13 27 34 48 36 71 2 39 40 42 44 
5 7 75 69 66 64 72 60 58 57 52 63 55 47 9 17 31 20 44 3 25 29 15 34 71 39 2 11 21 23 51 13 27 48 36 40 42 
5 7 75 69 66 64 58 57 52 63 55 47 72 60 16 9 17 31 20 44 3 25 29 34 11 21 23 51 13 27 48 36 71 2 39 40 42 
5 7 75 69 66 64 62 72 60 58 55 57 52 50 46 9 19 17 31 3 25 29 15 34 71 39 2 11 21 23 13 27 48 36 40 42 44 
5 7 75 69 66 64 62 72 60 58 55 57 52 50 46 9 19 31 17 12 3 25 29 15 71 39 2 21 23 13 27 34 48 36 40 42 44 
5 7 75 69 66 70 64 72 60 58 63 55 57 52 50 46 9 19 17 31 3 25 29 15 34 39 2 11 21 23 13 27 48 36 40 42 44 
5 7 75 69 66 64 72 60 58 63 55 57 52 50 46 9 19 17 31 3 25 29 15 34 71 39 2 11 21 23 13 27 48 36 40 42 44 
5 7 75 69 66 64 72 60 58 63 55 57 52 50 46 9 19 31 17 12 3 25 29 15 71 39 2 21 23 13 27 34 48 36 40 42 44 
5 7 75 69 66 64 62 58 55 57 52 50 46 72 60 16 9 19 31 17 12 3 25 29 21 23 13 27 34 48 36 71 2 39 40 42 44 
5 7 75 69 66 64 58 56 63 55 52 50 46 72 60 16 9 19 31 17 12 3 25 29 21 23 13 27 34 48 36 71 2 39 40 42 44 
5 7 75 69 66 64 72 60 58 57 52 50 63 55 47 9 17 31 20 44 3 25 29 15 34 71 39 2 11 21 23 13 27 48 36 40 42 
5 7 75 69 66 64 72 60 58 57 52 50 63 55 47 9 31 20 44 17 12 3 25 29 15 71 39 2 21 23 13 27 34 48 36 40 42 
5 7 75 69 70 64 62 58 55 57 52 46 72 60 16 66 18 9 44 12 3 25 29 2 21 23 51 13 27 20 31 34 48 36 38 40 42 
5 7 75 69 70 64 62 58 56 52 55 47 72 60 16 66 18 9 44 12 3 25 29 2 21 23 51 13 27 20 31 34 48 36 38 40 42 
5 7 75 69 70 64 62 58 56 52 50 55 47 72 60 16 66 18 9 44 12 3 25 29 2 21 23 13 27 20 31 34 48 36 38 40 42 
5 7 75 69 64 62 58 55 57 52 46 72 60 16 66 18 9 44 12 3 25 29 21 23 51 13 27 20 31 34 48 36 71 2 39 40 42 
5 7 75 69 64 62 58 56 55 52 50 46 72 60 16 66 18 9 44 12 3 25 29 21 23 13 27 20 31 34 48 36 71 2 39 40 42 
5 7 75 69 66 70 64 62 72 60 58 56 55 50 46 9 19 17 31 3 25 29 15 34 2 11 21 23 13 27 52 37 38 40 49 42 44 
5 7 75 69 66 70 64 62 58 56 52 55 47 72 60 16 3 25 29 9 31 20 44 17 12 2 21 23 51 14 27 34 48 36 38 40 42 
5 7 75 69 66 70 64 62 72 60 58 55 57 52 50 46 25 29 10 3 19 31 17 12 15 2 21 23 14 27 34 48 36 38 40 42 44 
75 69 66 64 62 72 60 58 56 55 52 50 46 3 25 29 9 19 17 31 7 6 15 71 2 11 21 23 14 27 35 44 48 36 38 40 42 
5 7 75 69 66 64 62 72 60 58 55 57 52 50 46 25 29 10 3 19 31 17 12 15 71 2 21 23 14 27 35 44 48 36 38 40 42 
5 7 75 69 66 70 64 72 60 58 63 55 57 52 50 46 25 29 10 3 19 31 17 12 15 2 21 23 14 27 34 48 36 38 40 42 44 
5 7 75 69 66 64 62 58 56 55 52 50 46 72 60 16 3 25 29 9 19 17 31 71 2 11 21 23 14 27 35 44 48 36 38 40 42 
5 7 75 69 66 64 62 58 56 55 52 50 46 72 60 16 3 25 29 9 19 31 17 12 71 2 21 23 14 27 35 44 48 36 38 40 42 
5 7 75 69 66 70 64 62 72 60 58 56 52 50 55 47 25 29 10 3 31 20 44 17 12 15 2 21 23 14 27 34 48 36 38 40 42 
5 7 75 69 66 64 62 72 60 58 56 52 50 55 47 25 29 9 17 31 20 35 44 3 15 71 2 11 21 23 14 27 48 36 38 40 42 
5 7 75 69 66 70 64 62 58 56 52 50 55 47 72 60 16 3 25 29 9 31 20 44 17 12 2 21 23 14 27 34 48 36 38 40 42 
5 7 75 69 66 64 62 72 60 58 56 55 52 46 25 29 9 19 17 31 3 15 71 39 2 11 21 23 51 14 27 35 44 48 36 40 42 
75 69 66 64 62 72 60 58 56 55 52 46 3 25 29 9 19 17 31 7 6 15 71 39 2 11 21 23 51 14 27 35 44 48 36 40 42 
5 7 75 69 66 64 62 72 60 58 55 57 52 46 25 29 10 3 19 31 17 12 15 71 39 2 21 23 51 14 27 35 44 48 36 40 42 
5 7 75 69 66 64 62 58 56 55 52 46 72 60 16 3 25 29 9 19 31 17 12 21 23 51 14 27 34 48 36 71 2 39 40 42 44 
75 69 66 64 62 58 56 55 52 46 19 31 72 60 16 5 3 25 29 9 8 17 12 21 23 51 14 27 34 48 36 71 2 39 40 42 44 
5 7 75 69 66 64 62 72 60 58 56 52 55 47 25 29 9 17 31 20 35 44 3 15 71 39 2 11 21 23 51 14 27 48 36 40 42 
5 7 75 69 66 64 62 72 60 58 55 57 52 50 46 25 29 10 3 19 31 17 12 15 71 39 2 21 23 14 27 34 48 36 40 42 44 
5 7 75 69 66 64 72 60 58 63 55 57 52 50 46 25 29 10 3 19 31 17 12 15 71 39 2 21 23 14 27 34 48 36 40 42 44 
5 7 75 69 66 64 62 72 60 58 56 52 50 55 47 25 29 9 17 31 20 44 3 15 34 71 39 2 11 21 23 14 27 48 36 40 42 
5 7 75 69 66 64 72 60 58 57 52 50 63 55 47 25 29 10 3 31 20 44 17 12 15 71 39 2 21 23 14 27 34 48 36 40 42 
5 7 75 69 66 64 62 58 56 52 50 55 47 72 60 16 3 25 29 9 17 31 20 44 34 11 21 23 14 27 48 36 71 2 39 40 42 
5 7 75 69 66 64 58 56 52 50 63 55 47 72 60 16 3 25 29 9 17 31 20 44 34 11 21 23 14 27 48 36 71 2 39 40 42 
5 7 75 69 70 64 62 58 56 55 52 50 46 66 18 72 60 16 3 25 29 9 44 12 2 21 23 14 27 20 31 34 48 36 38 40 42 
5 7 75 69 64 62 58 56 55 52 50 46 66 18 72 60 16 3 25 29 9 44 12 71 2 21 23 14 27 20 31 34 48 36 38 40 42 
5 7 75 69 64 62 58 55 57 52 50 46 66 18 72 60 16 3 25 29 9 44 12 71 2 21 23 14 27 20 31 34 48 36 38 40 42 
5 7 75 69 64 62 58 56 55 52 50 46 66 18 72 60 16 3 25 29 9 35 44 71 2 11 21 23 14 27 20 31 48 36 38 40 42 
5 7 75 69 64 62 58 56 55 52 50 46 66 18 72 60 16 3 25 29 9 35 44 12 71 2 21 23 14 27 20 31 48 36 38 40 42 
5 7 75 69 70 64 62 58 56 52 50 55 47 66 18 72 60 16 3 25 29 9 44 12 2 21 23 14 27 20 31 34 48 36 38 40 42 
5 7 75 69 70 64 62 58 56 52 50 55 47 66 18 25 29 72 60 16 10 3 44 12 2 21 23 14 27 20 31 34 48 36 38 40 42 
5 7 75 69 64 62 58 56 55 52 46 66 18 72 60 16 3 25 29 9 44 34 11 21 23 51 14 27 20 31 48 36 71 2 39 40 42 
5 7 75 69 64 62 58 56 55 52 46 66 18 72 60 16 3 25 29 9 44 12 21 23 51 14 27 20 31 34 48 36 71 2 39 40 42 
5 7 75 69 64 62 58 56 55 52 46 66 18 25 29 72 60 16 10 3 44 12 21 23 51 14 27 20 31 34 48 36 71 2 39 40 42 
5 7 75 69 64 62 58 56 55 52 50 46 66 18 72 60 16 3 25 29 9 44 12 21 23 14 27 20 31 34 48 36 71 2 39 40 42 
5 7 75 66 70 64 63 72 60 58 56 68 54 52 46 51 13 9 19 17 31 3 29 15 34 2 11 21 23 26 44 48 36 28 38 40 42 
5 7 75 69 66 70 64 62 72 60 58 54 57 52 50 46 13 9 19 17 31 3 29 15 34 2 11 21 23 26 44 48 36 28 38 40 42 
5 7 75 69 66 70 64 62 72 60 58 56 54 52 50 47 13 9 17 31 20 26 44 3 29 15 34 2 11 21 23 48 36 28 38 40 42 
5 7 75 69 66 70 64 62 72 60 58 56 54 52 50 47 14 29 9 17 31 20 26 44 3 15 34 2 11 21 23 48 36 28 38 40 42 
5 7 75 69 66 70 64 62 72 60 58 55 57 52 50 46 13 9 19 17 31 3 29 15 34 2 11 21 23 26 44 48 36 28 38 40 42 
5 7 75 69 66 70 64 62 72 60 58 56 52 50 55 47 13 9 17 31 20 26 44 3 29 15 34 2 11 21 23 48 36 28 38 40 42 
5 7 75 69 66 70 64 62 72 60 58 57 52 50 55 47 13 9 17 31 20 26 44 3 29 15 34 2 11 21 23 48 36 28 38 40 42 
5 7 75 69 66 64 63 72 60 58 54 57 52 50 46 9 19 17 31 3 29 15 34 71 39 2 11 21 23 13 27 48 36 40 42 26 44 
5 7 75 69 66 70 64 72 60 58 63 55 57 52 46 9 19 31 17 12 3 29 15 2 21 23 51 13 27 34 48 36 38 40 42 26 44 
5 7 75 69 66 70 64 62 72 60 58 56 52 55 47 9 17 31 20 26 44 3 29 15 34 2 11 21 23 51 13 27 48 36 38 40 42 
5 7 75 69 66 70 64 62 72 60 58 56 52 50 55 47 9 17 31 20 26 44 3 29 15 34 2 11 21 23 13 27 48 36 38 40 42 
75 69 66 70 64 62 72 60 58 56 55 52 46 9 19 17 31 7 6 3 29 15 39 2 11 21 23 51 13 27 35 26 44 48 36 40 42 
5 7 75 69 66 64 62 72 60 58 55 57 52 50 46 9 19 17 31 3 29 15 34 71 39 2 11 21 23 13 27 48 36 40 42 26 44 
5 7 75 69 66 70 64 62 72 60 58 56 52 50 55 47 29 9 17 31 20 26 44 3 15 34 2 11 21 23 14 27 48 36 38 40 42 
5 7 75 69 66 64 62 72 60 58 56 52 50 55 47 29 9 17 31 20 26 44 3 15 34 71 39 2 11 21 23 14 27 48 36 40 42 
5 7 67 70 64 62 74 61 58 56 68 54 52 73 46 51 13 43 9 19 17 32 3 25 29 15 34 2 11 21 23 44 48 36 28 38 40 
5 7 67 70 64 62 74 61 58 56 68 54 52 50 73 46 13 43 9 19 17 32 3 25 29 15 34 2 11 21 23 44 48 36 28 38 40 
5 7 67 70 64 62 74 61 58 56 68 54 52 50 73 46 16 13 9 19 17 3 25 29 34 2 11 21 23 44 36 33 28 38 40 49 42 
5 7 67 70 64 62 74 61 58 56 68 54 52 50 73 46 16 13 9 19 17 31 3 25 29 34 2 11 21 23 44 36 28 38 40 49 42 
5 7 67 70 64 62 74 61 58 56 68 54 52 50 49 73 46 16 13 43 9 19 17 31 3 25 29 34 2 11 21 23 44 36 28 38 40 
5 7 67 70 64 62 74 61 58 56 68 54 52 50 73 46 16 13 9 19 17 4 34 2 11 21 23 25 29 44 36 33 28 38 40 49 42 
5 7 67 70 64 62 74 61 58 56 68 54 52 73 46 16 9 19 17 12 3 25 29 2 21 23 51 13 27 34 48 36 33 38 40 42 44 
5 7 67 70 64 62 74 61 58 56 68 54 52 73 46 43 9 19 17 32 3 25 29 15 34 2 11 21 23 51 13 27 48 36 38 40 44 
5 7 67 70 64 62 74 61 58 56 68 54 52 73 46 16 43 9 19 17 32 3 25 29 34 2 11 21 23 51 13 27 48 36 38 40 44 
5 7 67 70 64 62 74 61 58 56 68 54 52 73 46 16 9 19 31 17 12 3 25 29 2 21 23 51 13 27 34 48 36 38 40 42 44 
5 7 67 70 64 62 74 61 58 56 68 54 52 50 73 46 43 9 19 17 32 3 25 29 15 34 2 11 21 23 13 27 48 36 38 40 44 
5 7 67 70 64 62 74 61 58 56 68 54 52 50 73 46 43 10 19 17 32 3 25 29 15 34 2 11 21 23 13 27 48 36 38 40 44 
5 7 67 64 62 74 61 58 56 68 54 52 50 73 46 43 10 19 17 32 3 25 29 15 34 71 2 11 21 23 13 27 48 36 38 40 44 
5 7 67 70 64 62 74 61 58 56 68 54 52 50 73 46 16 43 9 19 17 32 3 25 29 34 2 11 21 23 13 27 48 36 38 40 44 
5 7 67 70 64 62 74 61 58 56 68 54 52 73 46 43 9 19 17 32 3 25 29 15 34 39 2 11 21 23 51 13 27 48 36 40 44 
5 7 67 64 62 74 61 58 56 68 54 52 73 46 43 10 19 17 32 3 25 29 15 34 71 39 2 11 21 23 51 13 27 48 36 40 44 
5 7 67 64 63 74 61 58 56 68 54 52 73 46 43 10 19 41 17 32 3 25 29 15 34 71 39 2 11 21 23 51 13 27 48 36 44 
5 7 73 67 70 64 62 74 61 58 56 68 54 52 47 16 9 31 20 44 17 12 3 25 29 21 23 51 13 27 34 48 36 2 39 40 42 
5 7 67 70 64 62 74 61 58 56 68 54 52 50 73 46 43 9 19 17 32 3 25 29 15 34 39 2 11 21 23 13 27 48 36 40 44 
5 7 67 70 64 62 74 61 58 56 68 54 52 50 73 46 43 10 19 17 32 3 25 29 15 34 39 2 11 21 23 13 27 48 36 40 44 
5 7 73 67 70 64 62 74 61 58 56 68 54 52 50 47 16 9 17 32 20 44 3 25 29 34 11 21 23 13 27 48 36 2 39 40 42 
5 7 73 67 70 64 62 58 56 68 54 52 47 16 74 61 18 9 20 44 3 25 29 34 2 11 21 23 51 13 27 32 48 36 38 40 42 
5 7 67 70 64 62 74 61 58 56 68 54 52 50 73 46 16 9 19 17 3 25 29 34 2 11 21 23 13 27 36 33 38 40 49 42 44 
5 7 67 70 64 62 74 61 58 56 68 54 52 50 73 46 16 9 19 17 31 3 25 29 34 2 11 21 23 13 27 36 38 40 49 42 44 
5 7 67 70 64 62 74 61 58 56 68 54 52 50 49 73 46 16 43 9 19 17 31 3 25 29 34 2 11 21 23 13 27 36 38 40 44 
5 7 67 70 64 62 74 61 58 56 68 54 52 50 73 46 16 9 19 17 4 34 2 11 21 23 13 27 25 29 36 33 38 40 49 42 44 
5 7 67 70 64 62 74 61 58 56 68 54 52 50 49 73 46 16 13 43 9 19 17 31 3 29 34 2 11 21 23 26 44 36 28 38 40 
5 7 67 70 64 62 74 61 58 56 68 54 52 73 46 16 51 13 9 19 17 4 34 2 11 21 23 26 44 29 36 28 33 38 40 49 42 
5 7 67 70 64 62 74 61 58 56 68 54 52 50 73 46 16 13 9 19 17 4 34 2 11 21 23 26 44 29 36 28 33 38 40 49 42 
5 7 67 70 64 62 74 61 58 56 68 54 52 50 73 46 16 13 9 19 17 4 31 34 2 11 21 23 26 44 29 36 28 38 40 49 42 
5 7 73 67 70 64 62 74 61 58 56 68 54 52 50 47 16 9 4 20 26 44 17 12 2 21 23 13 27 29 34 48 36 33 38 40 42 
5 7 73 67 70 64 62 74 61 58 56 68 54 52 50 47 16 9 4 31 20 26 44 17 12 2 21 23 13 27 29 34 48 36 38 40 42 
5 7 73 67 70 64 62 74 61 58 56 68 54 52 50 47 16 9 31 20 26 44 17 12 3 29 21 23 13 27 34 48 36 2 39 40 42 
5 7 73 67 70 64 62 74 61 58 56 68 54 52 47 16 9 4 20 26 44 17 12 21 23 51 13 27 29 34 48 36 2 39 33 40 42 
5 7 67 64 62 58 56 68 54 52 50 73 46 74 61 18 16 10 20 26 44 3 29 34 71 2 11 21 23 13 27 32 48 36 38 40 42 
5 7 73 67 70 64 62 58 56 68 54 52 50 47 74 61 18 16 10 20 26 44 3 29 34 2 11 21 23 13 27 32 48 36 38 40 42 
5 7 67 64 62 58 56 68 54 52 73 46 74 61 18 16 10 20 26 44 3 29 34 11 21 23 51 13 27 32 48 36 71 2 39 40 42 
5 7 67 70 64 62 74 61 58 56 68 54 52 50 49 73 46 16 43 9 19 17 31 3 29 34 2 11 21 23 13 27 36 38 40 26 44 
5 7 67 70 64 62 74 61 58 56 68 54 52 73 46 16 9 19 17 4 34 2 11 21 23 51 13 27 29 36 33 38 40 49 42 26 44 
5 7 67 70 64 62 74 61 58 56 68 54 52 50 73 46 16 9 19 17 4 34 2 11 21 23 13 27 29 36 33 38 40 49 42 26 44 
5 7 67 70 64 62 74 61 58 56 68 54 52 50 73 46 16 9 19 17 4 31 34 2 11 21 23 13 27 29 36 38 40 49 42 26 44 
67 64 62 74 61 58 56 52 73 46 19 17 4 16 5 9 68 54 8 71 2 11 21 23 51 13 27 30 35 26 44 48 36 38 33 40 42 
67 64 62 74 61 58 56 52 73 46 19 17 4 31 16 5 9 68 54 8 71 2 11 21 23 51 13 27 30 35 26 44 48 36 38 40 42 
