22
-1 : 29 36 40 52 58 60 62 
-11 : 29 36 40 58 60 7 
-12 : 29 36 40 52 60 7 
-19 : 36 40 52 58 60 62 
-2 : 29 36 40 52 58 60 7 
-551 : 34 7 
-553 : 34 66 
-554 : 36 56 
-560 : 66 7 
-562 : 62 66 
-565 : 36 48 
-574 : 56 7 
-575 : 56 62 
-578 : 40 48 
-587 : 34 56 
-588 : 40 5 
-6 : 29 52 58 60 62 7 
-609 : 48 62 
-69 : 29 36 52 56 58 
-8 : 29 36 40 52 56 58 
-9 : 29 36 48 52 58 60 
-91 : 40 52 56 58 62 
-1 -551 44 38 48 27 13 23 21 11 42 1 25 15 72 17 31 66 74 64 70 3 5 56 68 54 50 46 9 19 
-1 -551 44 38 48 27 13 23 21 42 1 25 15 72 31 66 74 64 70 3 5 56 68 54 50 46 9 19 17 12 
-1 -551 44 38 48 27 13 23 21 42 1 25 56 31 66 74 64 70 3 5 68 54 50 46 72 16 9 19 17 12 
-1 -551 38 48 27 13 23 21 11 42 1 25 44 15 72 17 66 74 31 20 64 70 47 3 5 56 68 54 50 9 
-1 -551 44 38 48 27 13 51 23 21 11 42 1 25 15 72 17 31 66 74 64 70 3 5 56 68 54 46 9 19 
-2 -553 44 38 48 27 13 51 23 21 11 42 1 25 63 15 72 17 31 74 64 70 3 5 56 68 54 46 9 19 
-1 -551 38 48 27 13 51 23 21 11 42 1 25 15 72 17 66 74 31 20 44 64 70 47 3 5 56 68 54 9 
-1 -551 44 24 38 48 27 13 21 42 1 25 15 72 31 66 74 64 70 3 5 56 68 54 50 46 9 19 17 12 
-1 -551 44 24 38 48 27 13 21 11 42 1 25 56 15 72 66 74 70 3 5 68 54 65 50 46 9 19 17 31 
-1 -551 44 24 38 48 27 13 21 11 42 1 25 56 17 31 66 74 64 70 3 5 68 54 50 46 72 16 9 19 
-1 -551 44 24 38 48 27 13 21 42 1 25 56 31 66 74 64 70 3 5 68 54 50 46 72 16 9 19 17 12 
-1 -551 38 48 27 13 24 44 21 11 42 1 25 15 72 17 66 74 31 20 64 70 47 3 5 56 68 54 50 9 
-1 -551 38 48 27 13 24 44 21 11 42 1 25 56 15 72 66 74 70 47 3 5 68 54 65 50 9 17 20 31 
-1 -551 38 48 27 13 24 44 21 11 1 43 25 56 15 72 66 74 70 47 3 5 68 54 65 50 9 17 20 31 
-1 -551 38 48 27 13 21 42 1 25 24 44 56 15 72 66 74 70 47 3 5 68 54 65 50 9 20 31 17 12 
-1 -551 44 24 38 48 27 13 51 21 42 1 25 15 72 31 66 74 64 70 3 5 56 68 54 46 9 19 17 12 
-1 -551 44 24 38 48 27 13 51 21 11 42 1 25 56 15 72 66 74 70 3 5 68 54 65 46 9 19 17 31 
-1 -551 44 24 38 48 27 13 51 21 42 1 25 56 31 66 74 64 70 3 5 68 54 46 72 16 9 19 17 12 
-1 -551 38 48 27 13 51 24 44 21 11 42 1 25 15 72 17 66 74 31 20 64 70 47 3 5 56 68 54 9 
-1 -551 38 48 27 13 51 24 44 21 11 42 1 25 56 15 72 66 74 70 47 3 5 68 54 65 9 17 20 31 
-1 -551 38 48 27 13 51 24 44 21 11 1 43 25 56 15 72 66 74 70 47 3 5 68 54 65 9 17 20 31 
-1 -551 38 48 27 13 51 21 42 1 25 56 15 72 66 74 24 44 70 47 3 5 68 54 65 9 20 31 17 12 
-1 -551 44 24 38 48 27 13 21 11 42 1 25 15 72 17 32 66 74 64 70 3 5 56 68 54 50 46 9 19 
-1 -551 44 24 38 48 27 13 21 11 42 1 25 56 15 72 66 74 70 3 5 68 54 65 50 46 9 19 17 32 
-1 -551 44 24 38 48 27 13 21 11 1 43 25 56 15 72 66 74 70 3 5 68 54 65 50 46 9 19 17 32 
-1 -551 44 24 38 48 27 13 21 11 42 1 25 56 17 32 66 74 64 70 3 5 68 54 50 46 72 16 9 19 
-1 -551 44 24 38 48 27 13 21 42 1 25 56 66 74 64 70 3 5 68 54 50 46 72 16 9 19 17 32 12 
-1 -551 38 48 27 13 24 44 21 11 42 1 25 15 72 17 32 66 74 20 64 70 47 3 5 56 68 54 50 9 
-1 -551 44 24 38 48 27 13 51 21 11 42 1 25 15 72 17 32 66 74 64 70 3 5 56 68 54 46 9 19 
-1 -551 44 24 38 48 27 13 51 21 11 42 1 25 56 15 72 66 74 70 3 5 68 54 65 46 9 19 17 32 
-1 -551 44 24 38 48 27 13 51 21 11 1 43 25 56 15 72 66 74 70 3 5 68 54 65 46 9 19 17 32 
-1 -551 38 48 27 13 51 24 44 21 11 42 1 25 15 72 17 32 66 74 20 64 70 47 3 5 56 68 54 9 
-1 -551 44 24 38 48 27 13 21 11 42 1 25 56 15 17 32 66 74 64 70 3 5 68 54 50 73 46 9 19 
-1 -551 44 24 38 48 27 13 21 11 42 1 25 56 15 66 74 70 3 5 68 54 65 50 73 46 9 19 17 32 
-1 -551 44 24 38 48 27 13 21 11 42 1 25 56 17 32 66 74 64 70 3 5 68 54 50 73 46 16 9 19 
-1 -551 44 24 38 48 27 13 21 42 1 25 56 66 74 64 70 3 5 68 54 50 73 46 16 9 19 17 32 12 
-1 -551 44 24 38 48 27 13 21 1 43 25 56 66 74 64 70 3 5 68 54 50 73 46 16 9 19 17 32 12 
-1 -551 38 48 27 13 24 44 21 11 42 1 25 15 17 32 66 74 20 73 64 70 47 3 5 56 68 54 50 9 
-1 -551 44 24 38 48 27 13 51 21 11 42 1 25 56 15 66 74 70 3 5 68 54 65 73 46 9 19 17 32 
-1 -551 38 48 27 13 51 24 44 21 11 42 1 25 15 17 32 66 74 20 73 64 70 47 3 5 56 68 54 9 
-1 -551 44 24 38 48 27 13 25 21 11 42 1 31 56 15 72 66 74 70 5 68 54 65 50 46 9 19 17 4 
-1 -551 44 24 38 48 27 13 51 25 21 11 42 1 15 72 17 4 31 66 74 64 70 5 56 68 54 46 9 19 
-1 -551 44 24 38 48 27 13 51 25 21 11 42 1 56 15 72 66 74 70 5 68 54 65 46 9 19 17 4 31 
-2 -553 44 24 38 48 27 13 51 25 21 11 42 1 63 15 72 17 4 31 74 64 70 5 56 68 54 46 9 19 
-1 -551 44 24 38 48 27 13 51 25 21 1 43 56 4 31 66 74 64 70 5 68 54 46 72 16 9 19 17 12 
-1 -551 44 24 38 48 27 13 25 21 11 42 1 31 56 15 66 74 70 5 68 54 65 50 73 46 9 19 17 4 
-1 -551 44 24 38 48 27 13 51 25 21 11 42 1 56 15 17 4 31 66 74 64 70 5 68 54 73 46 9 19 
-1 -551 44 24 38 48 27 13 51 25 21 11 1 43 56 15 17 4 31 66 74 64 70 5 68 54 73 46 9 19 
-1 -551 44 24 38 48 27 13 51 25 21 11 42 1 56 15 66 74 70 5 68 54 65 73 46 9 19 17 4 31 
-1 -551 44 24 38 33 48 27 13 25 21 11 42 1 15 72 17 4 66 74 64 70 5 56 68 54 50 46 9 19 
-1 -551 44 24 38 48 27 13 25 21 11 42 1 56 15 72 66 74 70 5 68 54 65 50 46 9 19 4 32 17 
-1 -551 44 24 38 33 48 27 13 25 21 11 42 1 56 17 4 66 74 64 70 5 68 54 50 46 72 16 9 19 
-1 -551 44 24 38 48 27 13 51 25 21 11 42 1 15 72 4 17 32 66 74 64 70 5 56 68 54 46 9 19 
-1 -551 44 24 38 48 27 13 51 25 21 11 42 1 56 15 72 66 74 70 5 68 54 65 46 9 19 4 17 32 
-1 -551 44 24 38 48 27 13 51 25 21 11 42 1 56 4 17 32 66 74 64 70 5 68 54 46 72 16 9 19 
-1 -551 44 24 38 33 48 27 13 25 21 11 42 1 56 15 17 4 66 74 64 70 5 68 54 50 73 46 9 19 
-1 -551 44 24 38 48 27 13 51 25 21 11 42 1 56 15 4 17 32 66 74 64 70 5 68 54 73 46 9 19 
-1 -551 44 24 38 33 48 27 13 51 25 21 11 42 56 15 1 17 4 66 74 64 70 5 68 54 73 46 9 19 
-1 -551 44 48 27 13 23 21 11 42 1 25 31 15 39 72 17 66 74 64 70 3 5 56 68 54 50 46 9 19 
-1 -551 44 48 27 13 23 21 11 42 1 25 31 56 15 72 64 17 66 74 3 5 68 54 50 46 39 71 9 19 
-1 -551 44 48 27 13 23 21 42 1 25 15 39 72 31 12 17 66 74 64 70 3 5 56 68 54 50 46 9 19 
-1 -551 44 39 48 27 13 23 21 42 1 25 56 31 66 74 64 70 3 5 68 54 50 46 72 16 9 19 17 12 
-1 -551 44 39 71 48 27 13 23 21 42 1 25 56 54 68 64 31 66 74 50 46 72 16 9 19 17 12 5 3 
-1 -551 44 48 27 13 51 23 21 11 42 1 25 15 39 72 17 31 66 74 64 70 3 5 56 68 54 46 9 19 
-1 -551 44 48 27 13 51 23 21 11 42 1 25 56 15 72 64 17 31 66 74 3 5 68 54 46 39 71 9 19 
-1 -551 44 48 27 13 51 23 21 42 1 25 15 39 72 31 66 74 64 70 3 5 56 68 54 46 9 19 17 12 
-2 -553 44 48 27 13 51 23 21 11 42 1 25 56 63 15 72 64 17 31 74 3 5 68 54 46 39 71 9 19 
-1 -551 44 39 48 27 13 51 23 21 42 1 25 56 31 66 74 64 70 3 5 68 54 46 72 16 9 19 17 12 
-1 -551 44 39 71 48 27 13 51 23 21 42 1 56 54 68 64 31 66 74 46 72 16 9 19 17 12 5 3 25 
-1 -551 44 48 27 13 51 23 21 11 42 1 25 15 72 64 69 17 31 66 74 3 5 56 54 46 39 71 9 19 
-1 -551 44 24 48 27 13 21 11 42 1 25 31 56 15 72 64 17 66 74 3 5 68 54 50 46 39 71 9 19 
-1 -551 44 24 48 27 13 21 11 42 1 25 31 56 15 72 66 74 3 5 68 54 65 50 46 39 71 9 19 17 
-1 -551 44 24 48 27 13 21 42 1 25 56 15 72 66 74 3 5 68 54 65 50 46 39 71 9 19 31 12 17 
-1 -551 44 24 48 27 13 21 42 1 25 56 15 72 66 74 3 5 10 68 54 65 50 46 39 71 19 31 12 17 
-1 -551 44 24 39 71 48 27 13 21 42 1 25 56 54 68 64 31 66 74 50 46 72 16 9 19 17 12 5 3 
-1 -551 44 24 48 27 13 51 21 11 42 1 25 56 15 72 64 17 31 66 74 3 5 68 54 46 39 71 9 19 
-1 -551 44 24 48 27 13 51 21 42 1 25 56 15 72 64 31 66 74 3 5 68 54 46 39 71 9 19 17 12 
-1 -551 44 24 48 27 13 51 21 11 42 1 25 56 15 72 66 74 3 5 68 54 65 46 39 71 9 19 17 31 
-1 -551 44 24 39 71 48 27 13 51 21 42 1 56 54 68 64 31 66 74 46 72 16 9 19 17 12 5 3 25 
-1 -551 44 24 48 27 13 21 11 42 1 25 31 56 54 68 15 66 74 3 5 65 50 73 46 39 71 9 19 17 
-1 -551 44 24 48 27 13 21 11 42 1 25 31 54 56 15 66 74 69 17 3 5 65 50 73 46 39 71 9 19 
-1 -551 44 24 48 27 13 51 21 11 42 1 25 56 54 68 15 66 74 3 5 65 73 46 39 71 9 19 17 31 
-1 -551 44 24 48 27 13 51 21 11 42 1 25 54 56 15 66 74 69 17 31 3 5 65 73 46 39 71 9 19 
-1 -551 44 24 48 27 13 21 11 42 1 25 15 39 72 32 17 66 74 64 70 3 5 56 68 54 50 46 9 19 
-1 -551 44 24 48 27 13 21 11 42 1 25 56 15 72 66 74 3 5 68 54 65 50 46 39 71 9 19 32 17 
-1 -551 44 24 48 27 13 21 11 1 43 25 56 15 39 72 66 74 70 3 5 68 54 65 50 46 9 19 32 17 
-1 -551 44 24 39 48 27 13 21 42 1 25 56 66 74 64 70 3 5 68 54 50 46 72 16 9 19 17 32 12 
-1 -551 44 24 39 71 48 27 13 21 42 1 25 56 54 68 64 66 74 50 46 72 16 9 19 17 32 12 5 3 
-1 -551 44 24 48 27 13 51 21 11 42 1 25 15 39 72 17 32 66 74 64 70 3 5 56 68 54 46 9 19 
-1 -551 44 24 48 27 13 51 21 11 42 1 25 56 15 72 66 74 3 5 68 54 65 46 39 71 9 19 17 32 
-1 -551 44 24 39 71 48 27 13 51 21 42 1 56 54 68 64 66 74 46 72 16 9 19 17 32 12 5 3 25 
-1 -551 48 27 13 51 24 44 21 11 42 1 25 15 39 72 17 32 66 74 20 64 70 47 3 5 56 68 54 9 
-1 -551 39 48 27 13 51 24 44 21 11 42 1 25 56 17 32 66 74 20 64 70 47 3 5 68 54 72 16 9 
-1 -551 44 24 48 27 13 21 11 42 1 25 56 15 39 32 17 66 74 64 70 3 5 68 54 50 73 46 9 19 
-1 -551 44 24 48 27 13 21 11 42 1 25 56 54 68 15 66 74 3 5 65 50 73 46 39 71 9 19 32 17 
-1 -551 44 24 39 48 27 13 21 11 42 1 25 56 17 32 66 74 64 70 3 5 68 54 50 73 46 16 9 19 
-1 -551 44 24 39 71 48 27 13 21 42 1 25 56 54 68 64 66 74 50 73 46 16 9 19 17 32 12 5 3 
-1 -551 48 27 13 24 44 21 11 42 1 25 20 15 39 17 32 66 74 73 64 70 47 3 5 56 68 54 50 9 
-1 -551 44 24 48 27 13 51 21 11 42 1 25 56 15 39 17 32 66 74 64 70 3 5 68 54 73 46 9 19 
-1 -551 38 48 31 20 27 13 23 21 42 1 25 56 68 54 64 70 3 5 50 46 72 16 44 66 74 18 9 12 
-1 -551 38 48 31 20 27 13 23 21 42 1 25 56 68 54 64 70 47 3 5 50 72 16 44 66 74 18 9 12 
-1 -551 38 48 31 20 27 13 24 44 21 11 42 1 56 68 54 64 70 25 3 5 50 46 72 16 66 74 18 9 
-1 -551 38 48 31 20 27 13 21 42 1 25 56 68 54 64 70 3 5 50 46 72 16 66 74 18 9 12 44 24 
-1 -551 38 48 31 20 27 13 24 44 21 11 42 1 56 68 54 64 70 47 25 3 5 50 72 16 66 74 18 9 
-1 -551 38 48 31 20 27 13 51 21 42 1 25 56 68 54 64 70 3 5 46 72 16 66 74 18 9 12 44 24 
-1 -551 38 48 32 27 13 24 44 21 11 42 1 25 56 68 54 64 70 3 5 50 46 72 16 20 66 74 18 9 
-1 -551 38 48 32 27 13 24 44 21 11 1 43 25 56 68 54 64 70 3 5 50 46 72 16 20 66 74 18 9 
-1 -551 38 48 32 12 27 13 21 42 1 25 56 68 54 64 70 3 5 50 46 72 16 20 66 74 18 9 44 24 
-1 -551 38 48 32 27 13 24 44 21 11 42 1 25 56 68 54 64 70 47 3 5 50 72 16 20 66 74 18 9 
-1 -551 38 48 32 27 13 24 44 21 11 42 1 25 56 68 54 64 70 3 5 50 73 46 16 20 66 74 18 9 
-1 -551 39 48 31 20 27 13 51 23 21 42 1 56 68 54 64 70 25 3 5 46 72 16 44 66 74 18 9 12 
-1 -551 39 71 48 31 20 27 13 51 23 21 42 1 56 68 54 46 64 72 16 44 66 74 18 9 12 5 3 25 
-1 -551 39 71 48 31 20 27 13 24 44 21 11 42 1 50 56 68 54 64 46 72 16 66 74 18 9 5 3 25 
-1 -551 39 71 48 31 20 27 13 51 21 42 1 56 68 54 46 64 72 16 66 74 18 9 12 44 24 5 3 25 
-1 -551 39 71 48 32 27 13 24 44 21 11 42 1 50 56 68 54 64 46 72 16 20 66 74 18 9 5 3 25 
-1 -551 44 38 48 27 14 23 21 11 42 1 31 17 15 72 66 74 64 70 25 3 5 56 68 54 50 46 9 19 
-1 -551 44 38 48 27 14 23 21 11 42 1 31 17 15 66 74 72 64 71 3 5 56 68 54 50 46 25 9 19 
-1 -551 44 38 48 27 14 23 21 11 42 1 31 17 19 15 66 74 72 64 71 10 56 68 54 50 46 25 5 3 
-1 -551 44 38 48 27 14 23 21 42 1 12 17 15 66 74 72 64 31 71 3 5 56 68 54 50 46 25 9 19 
-1 -551 44 38 48 27 14 23 21 42 1 12 17 31 15 72 66 74 64 70 25 3 5 10 56 68 54 50 46 19 
-1 -551 44 38 48 27 14 23 21 42 1 12 17 31 15 66 74 72 64 71 10 56 68 54 50 46 25 5 3 19 
-1 -551 44 38 48 27 14 23 21 11 42 1 31 17 19 56 66 74 64 71 68 54 50 46 72 16 5 3 25 9 
-1 -551 44 38 48 27 14 23 21 42 1 12 17 31 56 66 74 64 70 25 3 5 68 54 50 46 72 16 9 19 
-1 -551 44 38 48 27 14 23 21 42 1 12 17 31 56 66 74 64 71 68 54 50 46 72 16 5 3 25 9 19 
-1 -551 44 38 48 27 14 23 21 11 42 1 31 17 15 74 66 69 64 72 71 3 5 56 54 50 46 25 9 19 
-1 -551 38 48 27 14 23 21 11 42 1 44 20 31 15 72 17 66 74 64 70 47 25 3 5 56 68 54 50 9 
-1 -551 38 48 27 14 23 21 42 1 12 17 44 56 20 31 66 74 64 70 47 25 3 5 68 54 50 72 16 9 
-1 -551 44 38 48 27 14 51 23 21 11 42 1 31 15 72 17 66 74 64 70 25 3 5 56 68 54 46 9 19 
-1 -551 44 38 48 27 14 51 23 21 11 42 1 31 15 66 74 72 64 17 71 3 5 56 68 54 46 25 9 19 
-1 -553 44 48 27 14 51 23 21 11 42 38 1 5 3 56 15 74 72 64 17 31 71 46 19 25 9 68 54 8 
-1 -551 44 38 48 27 14 51 23 21 11 42 1 31 17 15 66 74 72 64 71 10 56 68 54 46 25 5 3 19 
-1 -553 44 48 27 14 51 23 21 42 38 1 12 17 19 56 46 74 64 31 71 72 16 5 3 25 9 68 54 8 
-1 -551 44 38 48 27 14 51 23 21 11 42 1 31 15 74 66 69 64 17 72 71 3 5 56 54 46 25 9 19 
-1 -551 38 48 27 14 51 23 21 11 42 1 44 15 72 17 20 31 66 74 64 70 47 25 3 5 56 68 54 9 
-1 -551 44 24 38 48 27 14 21 11 42 1 31 17 56 15 72 66 74 70 25 3 5 68 54 65 50 46 9 19 
-1 -551 44 24 38 48 27 14 21 11 42 1 31 17 56 15 66 74 72 71 3 5 68 54 65 50 46 25 9 19 
-1 -551 44 24 38 48 27 14 21 11 42 1 31 17 19 56 15 72 66 74 70 25 3 5 10 68 54 65 50 46 
-1 -551 44 24 38 48 27 14 21 11 42 1 31 17 19 56 15 66 74 72 71 10 68 54 65 50 46 25 5 3 
-1 -551 44 24 38 48 27 14 21 11 42 1 31 17 19 56 66 74 64 70 25 3 5 68 54 50 46 72 16 9 
-1 -551 44 24 38 48 27 14 21 42 1 12 17 31 56 66 74 64 70 25 3 5 68 54 50 46 72 16 9 19 
-1 -551 44 24 38 48 27 14 21 42 1 12 17 31 56 66 74 64 71 68 54 50 46 72 16 5 3 25 9 19 
-1 -551 44 24 43 1 38 48 27 14 21 11 31 17 19 56 54 68 66 74 70 25 3 5 65 50 46 72 16 9 
-1 -551 38 48 27 14 24 44 21 11 42 1 20 31 56 15 72 66 74 70 47 25 3 5 68 54 65 50 9 17 
-1 -551 38 48 27 14 24 44 21 11 42 1 20 31 56 15 66 74 72 71 3 5 68 54 65 50 47 25 9 17 
-1 -551 43 1 38 48 27 14 24 44 21 11 20 31 56 15 72 66 74 70 47 25 3 5 68 54 65 50 9 17 
-1 -551 38 48 27 14 24 44 21 11 42 1 20 31 17 56 66 74 64 70 47 25 3 5 68 54 50 72 16 9 
-1 -551 38 48 27 14 21 42 1 24 44 12 17 56 54 68 66 74 71 65 50 47 5 3 25 72 16 9 20 31 
-1 -551 44 24 38 48 27 14 51 21 11 42 1 31 56 15 72 66 74 70 25 3 5 68 54 65 46 9 19 17 
-1 -551 44 24 43 1 38 48 27 14 51 21 11 31 17 56 54 68 66 74 70 25 3 5 65 46 72 16 9 19 
-1 -551 38 48 27 14 51 24 44 21 11 42 1 56 15 72 66 74 70 47 25 3 5 68 54 65 9 17 20 31 
-1 -551 38 48 27 14 51 24 44 21 11 42 1 20 31 56 17 66 74 64 70 47 25 3 5 68 54 72 16 9 
-1 -551 44 24 38 48 27 14 21 11 42 1 31 17 56 15 66 74 70 25 3 5 68 54 65 50 73 46 9 19 
-1 -551 44 24 38 48 27 14 21 11 42 1 31 17 56 15 66 74 71 3 5 68 54 65 50 73 46 25 9 19 
-1 -551 44 24 38 48 27 14 21 11 42 1 31 17 19 56 66 74 64 70 25 3 5 68 54 50 73 46 16 9 
-1 -551 44 24 38 48 27 14 21 11 42 1 31 17 19 56 66 74 64 71 68 54 50 73 46 16 5 3 25 9 
-1 -551 44 24 38 48 27 14 21 42 1 12 17 31 56 66 74 64 70 25 3 5 68 54 50 73 46 16 9 19 
-1 -551 44 24 38 48 27 14 21 42 1 12 17 31 56 66 74 64 71 68 54 50 73 46 16 5 3 25 9 19 
-1 -551 44 24 43 1 38 48 27 14 21 11 31 17 19 56 54 68 66 74 70 25 3 5 65 50 73 46 16 9 
-1 -551 38 48 27 14 24 44 21 11 42 1 20 31 56 15 66 74 73 70 47 25 3 5 68 54 65 50 9 17 
-1 -551 38 48 27 14 24 44 21 11 42 1 20 31 17 56 66 74 73 64 70 47 25 3 5 68 54 50 16 9 
-1 -551 43 1 38 48 27 14 24 44 21 11 20 31 17 56 66 74 73 64 70 47 25 3 5 68 54 50 16 9 
-1 -551 44 24 38 48 27 14 51 21 11 42 1 31 56 15 66 74 70 25 3 5 68 54 65 73 46 9 19 17 
-1 -551 44 24 38 48 27 14 21 11 42 1 32 17 56 15 72 66 74 70 25 3 5 68 54 65 50 46 9 19 
-1 -551 44 24 38 48 27 14 21 11 42 1 32 17 56 15 66 74 72 71 3 5 68 54 65 50 46 25 9 19 
-1 -551 44 24 43 1 38 48 27 14 21 11 32 17 56 15 72 66 74 70 25 3 5 68 54 65 50 46 9 19 
-1 -551 44 24 43 1 38 48 27 14 21 11 32 17 56 15 66 74 72 71 3 5 68 54 65 50 46 25 9 19 
-1 -551 44 24 38 48 27 14 21 11 42 1 32 17 19 56 66 74 64 70 25 3 5 68 54 50 46 72 16 9 
-1 -551 44 24 38 48 27 14 21 42 1 12 32 17 56 66 74 64 70 25 3 5 68 54 50 46 72 16 9 19 
-1 -551 44 24 38 48 27 14 21 42 1 12 32 17 56 66 74 64 71 68 54 50 46 72 16 5 3 25 9 19 
-1 -551 38 48 27 14 24 44 21 11 42 1 20 32 17 56 66 74 64 70 47 25 3 5 68 54 50 72 16 9 
-1 -551 44 24 38 48 27 14 51 21 11 42 1 56 15 72 66 74 70 25 3 5 68 54 65 46 9 19 32 17 
-1 -551 44 24 43 1 38 48 27 14 51 21 11 56 15 72 66 74 70 25 3 5 68 54 65 46 9 19 32 17 
-1 -551 38 48 27 14 51 24 44 21 11 42 1 20 56 32 17 66 74 64 70 47 25 3 5 68 54 72 16 9 
-1 -551 44 24 38 48 27 14 21 11 42 1 32 17 56 15 66 74 70 25 3 5 68 54 65 50 73 46 9 19 
-1 -551 44 24 38 48 27 14 21 11 42 1 32 17 56 15 66 74 71 3 5 68 54 65 50 73 46 25 9 19 
-1 -551 44 24 38 48 27 14 21 11 42 1 32 17 19 56 66 74 64 70 25 3 5 68 54 50 73 46 16 9 
-1 -551 44 24 38 48 27 14 21 42 1 12 32 17 56 66 74 64 70 25 3 5 68 54 50 73 46 16 9 19 
-1 -551 44 24 38 48 27 14 21 42 1 12 32 17 56 66 74 64 71 68 54 50 73 46 16 5 3 25 9 19 
-1 -551 38 48 27 14 24 44 21 11 42 1 20 32 17 56 66 74 73 64 70 47 25 3 5 68 54 50 16 9 
-1 -551 44 24 38 48 27 14 51 21 11 42 1 56 15 66 74 70 25 3 5 68 54 65 73 46 9 19 32 17 
-1 -551 44 24 38 48 27 14 21 42 1 12 17 31 15 66 74 72 64 4 71 5 56 68 54 50 46 25 9 19 
-1 -551 44 24 38 48 27 14 21 11 42 1 31 4 17 56 15 72 66 74 70 25 5 68 54 65 50 46 9 19 
-1 -551 44 24 38 48 27 14 21 11 42 1 31 4 17 56 66 74 64 70 25 5 68 54 50 46 72 16 9 19 
-1 -551 38 48 27 14 21 42 1 24 44 12 17 15 72 4 20 31 66 74 64 70 47 25 5 56 68 54 50 9 
-1 -551 38 48 27 14 21 42 1 24 44 12 17 56 4 20 31 66 74 64 70 47 25 5 68 54 50 72 16 9 
-1 -551 44 24 38 48 27 14 51 21 11 42 1 31 4 56 15 72 66 74 70 25 5 68 54 65 46 9 19 17 
-1 -551 44 24 38 48 27 14 51 21 11 42 1 31 4 56 17 66 74 64 70 25 5 68 54 46 72 16 9 19 
-1 -551 44 24 38 48 27 14 51 21 42 1 12 17 56 4 31 66 74 64 70 25 5 68 54 46 72 16 9 19 
-1 -551 44 24 38 48 27 14 21 11 42 1 31 4 17 56 15 66 74 70 25 5 68 54 65 50 73 46 9 19 
-1 -551 44 24 38 48 27 14 21 11 42 1 31 4 17 56 66 74 64 70 25 5 68 54 50 73 46 16 9 19 
-1 -551 44 24 38 48 27 14 51 21 11 42 1 31 4 56 15 66 74 70 25 5 68 54 65 73 46 9 19 17 
-1 -551 44 24 38 33 48 27 14 21 42 1 12 17 15 66 74 72 64 4 71 5 56 68 54 50 46 25 9 19 
-1 -551 44 24 38 48 27 14 21 11 42 1 32 17 4 56 15 72 66 74 70 25 5 68 54 65 50 46 9 19 
-1 -551 44 24 38 33 48 27 14 21 11 42 1 4 17 56 15 72 66 74 70 25 5 68 54 65 50 46 9 19 
-1 -551 44 24 38 48 27 14 21 11 42 1 32 17 4 56 66 74 64 70 25 5 68 54 50 46 72 16 9 19 
-1 -551 44 24 38 33 48 27 14 21 11 42 1 4 17 56 66 74 64 70 25 5 68 54 50 46 72 16 9 19 
-1 -551 44 24 38 33 48 27 14 51 21 11 42 1 4 15 72 17 66 74 64 70 25 5 56 68 54 46 9 19 
-1 -551 44 24 38 48 27 14 51 21 11 42 1 32 17 56 15 72 66 74 70 25 5 68 54 65 46 9 19 4 
-1 -551 44 24 38 48 27 14 51 21 11 42 1 32 17 56 4 66 74 64 70 25 5 68 54 46 72 16 9 19 
-1 -551 44 24 38 33 48 27 14 51 21 11 42 1 4 56 17 66 74 64 70 25 5 68 54 46 72 16 9 19 
-1 -551 44 24 38 48 27 14 51 21 42 1 56 4 12 32 17 66 74 64 70 25 5 68 54 46 72 16 9 19 
-1 -551 44 24 38 48 27 14 21 11 42 1 32 17 4 56 66 74 64 70 25 5 68 54 50 73 46 16 9 19 
-1 -551 44 48 27 14 23 21 11 42 1 31 17 19 15 39 72 66 74 64 70 25 3 5 56 68 54 50 46 9 
-1 -551 44 48 27 14 23 21 11 42 1 31 17 19 56 15 72 64 66 74 3 5 68 54 50 46 25 39 71 9 
-1 -551 44 48 27 14 23 21 11 42 1 31 17 19 56 15 72 64 66 74 3 5 10 68 54 50 46 25 39 71 
-1 -551 44 48 27 14 23 21 42 1 12 17 31 56 15 72 64 66 74 3 5 68 54 50 46 39 71 25 9 19 
-1 -551 44 48 27 14 23 21 42 1 12 17 31 19 15 39 72 66 74 64 70 25 3 5 10 56 68 54 50 46 
-1 -551 44 39 48 27 14 23 21 11 42 1 31 17 19 56 66 74 64 70 25 3 5 68 54 50 46 72 16 9 
-1 -551 44 39 71 48 27 14 23 21 11 42 1 31 17 56 54 68 64 66 74 50 46 72 16 5 3 25 9 19 
-1 -551 44 39 48 27 14 23 21 42 1 12 17 31 56 66 74 64 70 25 3 5 68 54 50 46 72 16 9 19 
-1 -551 44 39 71 48 27 14 23 21 42 1 12 17 56 54 68 64 31 66 74 50 46 72 16 5 3 25 9 19 
-1 -551 44 48 27 14 23 21 11 42 1 31 17 19 15 72 64 69 66 74 3 5 56 54 50 46 25 39 71 9 
-1 -551 44 48 27 14 51 23 21 11 42 1 31 17 15 39 72 66 74 64 70 25 3 5 56 68 54 46 9 19 
-1 -551 44 48 27 14 51 23 21 11 42 1 31 17 56 15 72 64 66 74 3 5 68 54 46 25 39 71 9 19 
-1 -553 44 48 27 14 51 23 21 11 42 1 5 3 56 46 15 72 64 17 31 74 19 25 39 71 9 8 68 54 
-1 -551 44 48 27 14 51 23 21 11 42 1 31 17 19 56 15 72 64 66 74 10 68 54 46 25 5 3 39 71 
-1 -551 44 48 27 14 51 23 21 42 1 12 17 31 56 15 72 64 66 74 10 68 54 46 39 71 25 5 3 19 
-1 -553 44 39 71 48 27 14 51 23 21 42 1 31 64 12 17 19 56 46 74 72 16 5 3 25 9 68 54 8 
-1 -551 44 48 27 14 51 23 21 11 42 1 31 17 15 72 64 69 66 74 3 5 56 54 46 25 39 71 9 19 
-1 -551 44 24 48 27 14 21 11 42 1 31 17 19 56 15 72 66 74 3 5 68 54 65 50 46 25 39 71 9 
-1 -551 44 24 39 71 48 27 14 21 42 1 12 17 56 54 68 64 31 66 74 50 46 72 16 5 3 25 9 19 
-1 -551 44 24 48 27 14 51 21 11 42 1 31 17 56 15 72 66 74 3 5 68 54 65 46 25 39 71 9 19 
-1 -551 44 24 48 27 14 51 21 11 42 1 31 17 19 56 15 72 66 74 10 68 54 65 46 25 5 3 39 71 
-1 -551 44 24 39 71 48 27 14 51 21 11 42 1 31 56 54 68 64 17 66 74 46 72 16 5 3 25 9 19 
-1 -551 44 24 39 71 48 27 14 51 21 42 1 56 54 68 64 31 12 17 66 74 46 72 16 5 3 25 9 19 
-1 -551 48 27 14 51 24 44 21 11 42 1 20 31 56 15 72 66 74 3 5 68 54 65 47 25 39 71 9 17 
-1 -551 44 24 48 27 14 21 11 42 1 31 17 19 56 54 68 15 66 74 3 5 65 50 73 46 25 39 71 9 
-1 -551 44 24 43 1 39 71 48 27 14 21 11 31 17 56 54 68 64 66 74 50 73 46 16 5 3 25 9 19 
-1 -551 44 24 39 71 48 27 14 21 42 1 12 17 56 54 68 64 31 66 74 50 73 46 16 5 3 25 9 19 
-1 -551 44 24 48 27 14 21 11 42 1 31 17 19 54 56 15 66 74 69 3 5 65 50 73 46 25 39 71 9 
-1 -551 44 24 48 27 14 51 21 11 42 1 31 17 56 54 68 15 66 74 3 5 65 73 46 25 39 71 9 19 
-1 -551 44 24 39 71 48 27 14 51 21 11 42 1 31 56 54 68 64 17 66 74 73 46 16 5 3 25 9 19 
-1 -551 44 24 39 71 48 27 14 51 21 42 1 56 54 68 64 31 12 17 66 74 73 46 16 5 3 25 9 19 
-1 -551 44 24 48 27 14 51 21 11 42 1 31 17 54 56 15 66 74 69 3 5 65 73 46 25 39 71 9 19 
-1 -551 44 24 48 27 14 21 11 42 1 32 17 19 56 15 72 66 74 3 5 68 54 65 50 46 25 39 71 9 
-1 -551 44 24 39 48 27 14 21 42 1 12 32 17 56 66 74 64 70 25 3 5 68 54 50 46 72 16 9 19 
-1 -551 44 24 39 71 48 27 14 21 42 1 56 54 68 64 12 32 17 66 74 50 46 72 16 5 3 25 9 19 
-1 -551 39 48 27 14 24 44 21 11 42 1 20 32 17 56 66 74 64 70 47 25 3 5 68 54 50 72 16 9 
-1 -551 44 24 48 27 14 51 21 11 42 1 32 17 56 15 72 66 74 3 5 68 54 65 46 25 39 71 9 19 
-1 -551 44 24 39 71 48 27 14 51 21 11 42 1 56 54 68 64 32 17 66 74 46 72 16 5 3 25 9 19 
-1 -551 44 24 39 48 27 14 51 21 42 1 56 12 32 17 66 74 64 70 25 3 5 68 54 46 72 16 9 19 
-1 -551 44 24 39 71 48 27 14 51 21 42 1 56 54 68 64 12 17 32 66 74 46 72 16 5 3 25 9 19 
-1 -551 44 24 39 71 48 27 14 21 42 1 56 54 68 64 12 32 17 66 74 50 73 46 16 5 3 25 9 19 
-1 -551 44 24 39 48 27 14 51 21 11 42 1 32 17 56 66 74 64 70 25 3 5 68 54 73 46 16 9 19 
-1 -551 44 24 39 71 48 27 14 51 21 11 42 1 56 54 68 64 32 17 66 74 73 46 16 5 3 25 9 19 
-1 -551 44 24 39 48 27 14 51 21 42 1 56 12 32 17 66 74 64 70 25 3 5 68 54 73 46 16 9 19 
-1 -551 44 24 48 27 14 21 42 1 12 17 31 4 56 15 72 64 66 74 5 68 54 50 46 39 71 25 9 19 
-1 -551 38 48 31 20 27 14 23 21 11 42 1 44 9 56 68 54 64 71 50 46 66 74 18 72 16 5 3 25 
-1 -551 38 48 31 20 27 14 23 21 42 1 12 44 56 68 54 64 70 25 3 5 50 46 66 74 18 72 16 9 
-1 -551 38 48 31 20 27 14 23 21 42 1 12 44 56 68 54 64 71 50 46 66 74 18 72 16 5 3 25 9 
-1 -551 38 48 31 20 27 14 23 21 11 42 1 44 9 56 68 54 64 70 47 25 3 5 50 66 74 18 72 16 
-1 -551 38 48 31 20 27 14 23 21 42 1 12 44 56 68 54 64 70 47 25 3 5 50 66 74 18 72 16 9 
-1 -551 38 48 31 20 27 14 24 44 21 11 42 1 9 56 68 54 64 71 50 46 66 74 18 72 16 5 3 25 
-1 -551 38 48 31 20 27 14 24 44 21 11 42 1 56 68 54 64 71 3 5 10 50 46 66 74 18 25 72 16 
-1 -551 38 48 31 20 27 14 24 44 21 11 42 1 9 56 68 54 64 70 47 25 3 5 50 66 74 18 72 16 
-1 -551 38 48 31 20 27 14 24 44 21 11 42 1 9 56 68 54 64 71 50 73 46 66 74 18 16 5 3 25 
-1 -551 38 48 31 20 27 14 24 44 21 11 42 1 9 56 68 54 73 64 70 47 25 3 5 50 66 74 18 16 
-1 -551 38 48 32 27 14 24 44 21 11 42 1 20 9 56 68 54 64 71 50 46 66 74 18 72 16 5 3 25 
-1 -551 38 48 32 27 14 24 44 21 11 42 1 20 9 56 68 54 64 70 47 25 3 5 50 66 74 18 72 16 
-1 -551 38 48 32 27 14 24 44 21 11 42 1 20 9 56 68 54 64 70 25 3 5 50 73 46 66 74 18 16 
-1 -551 38 48 27 14 21 42 1 31 20 4 24 44 56 68 54 64 70 25 5 50 46 66 74 18 72 16 9 12 
-1 -551 39 71 48 31 20 27 14 23 21 42 1 12 50 56 68 54 64 46 44 66 74 18 72 16 5 3 25 9 
-1 -551 39 71 48 31 20 27 14 51 24 44 21 11 42 56 68 54 46 1 64 66 74 18 72 16 5 3 25 9 
-1 -551 44 24 38 27 14 21 11 42 49 1 31 4 17 56 15 72 66 74 70 25 5 68 54 65 50 46 9 19 
-1 -551 44 38 48 27 13 23 21 11 42 1 25 15 72 17 31 74 66 68 56 64 70 3 5 55 50 46 9 19 
-1 -551 44 38 48 27 13 23 21 42 1 25 15 72 31 74 66 68 56 64 70 3 5 55 50 46 9 19 17 12 
-1 -551 44 38 48 27 13 23 21 42 1 25 56 68 31 66 74 64 70 3 5 55 50 46 72 16 9 19 17 12 
-1 -551 38 48 27 13 23 21 11 42 1 25 44 15 72 17 31 20 74 66 68 56 64 70 3 5 50 47 55 9 
-1 -551 38 48 27 13 23 21 42 1 25 15 72 12 17 31 20 44 74 66 68 56 64 70 3 5 50 47 55 9 
-1 -551 44 38 48 27 13 51 23 21 11 42 1 25 15 72 17 31 74 66 68 56 64 70 3 5 55 46 9 19 
-1 -551 44 38 48 27 13 51 23 21 42 1 25 15 72 31 74 66 68 56 64 70 3 5 55 46 9 19 17 12 
-2 -553 44 38 48 27 13 51 23 21 11 42 1 25 15 72 17 31 74 68 56 64 70 3 5 63 55 46 9 19 
-1 -551 44 38 48 27 13 51 23 21 42 1 25 56 68 31 66 74 64 70 3 5 55 46 72 16 9 19 17 12 
-1 -551 38 48 27 13 51 23 21 11 42 1 25 15 72 17 31 20 44 74 66 68 56 64 70 3 5 47 55 9 
-1 -551 38 48 27 13 51 23 21 42 1 25 15 72 31 20 44 74 66 68 56 64 70 3 5 47 55 9 17 12 
-1 -551 38 48 27 13 51 23 21 11 42 1 25 56 68 17 66 74 31 20 44 64 70 3 5 47 55 72 16 9 
-1 -551 44 48 27 13 23 21 11 42 1 25 31 15 39 72 17 74 66 68 56 64 70 3 5 55 50 46 9 19 
-1 -551 44 48 27 13 23 21 11 42 1 25 31 15 72 64 17 66 74 68 56 3 5 55 50 46 39 71 9 19 
-1 -551 44 48 27 13 23 21 42 1 25 15 39 72 31 12 17 74 66 68 56 64 70 3 5 55 50 46 9 19 
-1 -551 44 39 48 27 13 23 21 42 1 25 56 68 31 66 74 64 70 3 5 55 50 46 72 16 9 19 17 12 
-1 -551 44 39 71 48 27 13 23 21 42 1 25 56 68 64 31 55 66 74 50 46 72 16 9 19 17 12 5 3 
-1 -551 44 48 27 13 23 21 11 42 1 25 31 15 72 64 69 17 66 74 3 5 56 55 50 46 39 71 9 19 
-1 -551 44 48 27 13 23 21 11 42 1 25 3 6 56 15 72 64 69 17 31 55 66 74 50 46 39 71 9 19 
-1 -551 48 27 13 23 21 11 42 1 25 44 15 39 72 17 20 31 74 66 68 56 64 70 3 5 50 47 55 9 
-1 -551 48 27 13 23 21 42 1 25 12 17 15 39 72 31 20 44 74 66 68 56 64 70 3 5 50 47 55 9 
-1 -551 44 48 27 13 51 23 21 11 42 1 25 15 39 72 17 31 74 66 68 56 64 70 3 5 55 46 9 19 
-1 -551 44 48 27 13 51 23 21 11 42 1 25 15 72 64 17 31 66 74 68 56 3 5 55 46 39 71 9 19 
-1 -551 44 48 27 13 51 23 21 42 1 25 15 39 72 31 74 66 68 56 64 70 3 5 55 46 9 19 17 12 
-2 -553 44 48 27 13 51 23 21 11 42 1 25 56 68 15 72 64 17 31 74 3 5 63 55 46 39 71 9 19 
-1 -551 44 39 48 27 13 51 23 21 42 1 25 56 68 31 66 74 64 70 3 5 55 46 72 16 9 19 17 12 
-1 -551 44 39 71 48 27 13 51 23 21 42 1 56 68 64 31 55 66 74 46 72 16 9 19 17 12 5 3 25 
-1 -551 44 48 27 13 51 23 21 11 42 1 25 15 72 64 69 17 31 66 74 3 5 56 55 46 39 71 9 19 
-1 -551 48 27 13 51 23 21 11 42 1 25 44 15 39 72 17 31 20 74 66 68 56 64 70 3 5 47 55 9 
-1 -551 38 48 31 20 27 13 23 21 42 1 25 55 56 68 64 70 3 5 50 46 72 16 44 66 74 18 9 12 
-1 -551 38 48 31 20 27 13 23 21 42 1 25 50 56 68 64 70 3 5 47 55 72 16 44 66 74 18 9 12 
-1 -551 38 48 31 20 27 13 51 23 21 42 1 55 56 68 64 70 25 3 5 46 72 16 44 66 74 18 9 12 
-1 -551 39 48 31 20 27 13 51 23 21 42 1 55 56 68 64 70 25 3 5 46 72 16 44 66 74 18 9 12 
-6 -553 -588 44 38 37 27 13 23 21 11 42 49 1 25 15 72 17 31 74 68 56 64 70 3 55 50 46 9 19 
-6 -553 -588 44 38 37 27 13 51 23 21 11 42 49 1 15 72 17 31 74 68 56 64 70 25 3 55 46 9 19 
-1 -551 44 38 48 27 14 23 21 11 42 1 31 17 15 72 74 66 68 56 64 70 25 3 5 55 50 46 9 19 
-1 -551 44 38 48 27 14 23 21 11 42 1 31 17 15 74 66 68 56 72 64 71 3 5 55 50 46 25 9 19 
-1 -551 44 38 48 27 14 23 21 11 42 1 6 31 56 68 15 66 74 72 64 17 71 55 50 46 3 25 10 19 
-1 -551 44 38 48 27 14 23 21 42 1 12 17 15 72 31 74 66 68 56 64 70 25 3 5 55 50 46 9 19 
-1 -551 44 38 48 27 14 23 21 42 1 12 17 15 74 66 68 56 72 64 31 71 3 5 55 50 46 25 9 19 
-1 -551 44 38 48 27 14 23 21 42 1 12 17 31 15 72 74 66 68 56 64 70 25 3 5 10 55 50 46 19 
-1 -551 44 38 48 27 14 23 21 42 1 12 17 31 15 74 66 68 56 72 64 71 10 55 50 46 25 5 3 19 
-1 -551 44 38 48 27 14 23 21 42 1 12 17 31 56 68 66 74 64 70 25 3 5 55 50 46 72 16 9 19 
-1 -551 44 38 48 27 14 23 21 42 1 12 17 31 56 68 66 74 64 71 55 50 46 72 16 5 3 25 9 19 
-1 -551 44 38 48 27 14 23 21 42 1 12 17 15 74 66 69 64 31 72 71 3 5 56 55 50 46 25 9 19 
-1 -551 38 48 27 14 23 21 11 42 1 44 20 31 15 72 17 74 66 68 56 64 70 25 3 5 50 47 55 9 
-1 -551 38 48 27 14 23 21 11 42 1 44 20 31 15 74 66 68 56 72 64 17 71 3 5 50 55 47 25 9 
-1 -551 38 48 27 14 23 21 42 1 12 17 44 15 72 31 20 74 66 68 56 64 70 25 3 5 50 47 55 9 
-1 -551 38 48 27 14 23 21 42 1 12 17 44 15 72 20 31 74 66 68 56 64 70 25 3 5 10 50 47 55 
-1 -551 38 48 27 14 23 21 11 42 1 44 20 31 17 56 68 66 74 64 70 25 3 5 50 47 55 72 16 9 
-1 -551 38 48 27 14 23 21 11 42 1 44 20 31 17 56 68 66 74 64 71 50 55 47 5 3 25 72 16 9 
-1 -551 38 48 27 14 23 21 42 1 12 17 44 56 68 20 31 66 74 64 70 25 3 5 50 47 55 72 16 9 
-1 -551 38 48 27 14 23 21 42 1 12 17 44 56 68 66 74 64 20 31 71 50 55 47 5 3 25 72 16 9 
-1 -551 44 38 48 27 14 51 23 21 11 42 1 31 15 72 17 74 66 68 56 64 70 25 3 5 55 46 9 19 
-1 -551 44 38 48 27 14 51 23 21 11 42 1 6 56 68 15 66 74 72 64 17 31 71 55 46 3 25 9 19 
-1 -553 44 48 27 14 51 23 21 11 42 38 1 8 68 56 46 55 74 64 17 31 71 19 72 16 5 3 25 9 
-1 -551 44 38 48 27 14 51 23 21 42 1 12 17 56 68 31 66 74 64 70 25 3 5 55 46 72 16 9 19 
-1 -551 38 48 27 14 51 23 21 11 42 1 44 15 72 17 20 31 74 66 68 56 64 70 25 3 5 47 55 9 
-1 -551 38 48 27 14 51 23 21 42 1 12 17 44 56 68 66 74 31 20 64 70 25 3 5 47 55 72 16 9 
-1 -551 44 48 27 14 23 21 11 42 1 31 17 19 15 39 72 74 66 68 56 64 70 25 3 5 55 50 46 9 
-1 -551 44 48 27 14 23 21 11 42 1 31 17 19 15 72 64 66 74 68 56 3 5 55 50 46 25 39 71 9 
-1 -551 44 48 27 14 23 21 42 1 12 17 31 15 72 64 66 74 68 56 3 5 55 50 46 39 71 25 9 19 
-1 -551 44 48 27 14 23 21 42 1 12 17 31 19 15 39 72 74 66 68 56 64 70 25 3 5 10 55 50 46 
-1 -551 44 39 48 27 14 23 21 42 1 12 17 31 56 68 66 74 64 70 25 3 5 55 50 46 72 16 9 19 
-1 -551 44 39 71 48 27 14 23 21 42 1 12 17 56 68 64 31 55 66 74 50 46 72 16 5 3 25 9 19 
-1 -551 44 48 27 14 23 21 11 42 1 31 17 19 15 72 64 69 66 74 3 5 56 55 50 46 25 39 71 9 
-1 -551 48 27 14 23 21 11 42 1 44 20 31 17 15 39 72 74 66 68 56 64 70 25 3 5 50 47 55 9 
-1 -551 39 48 27 14 23 21 11 42 1 44 20 31 17 56 68 66 74 64 70 25 3 5 50 47 55 72 16 9 
-1 -551 44 48 27 14 51 23 21 11 42 1 31 17 15 39 72 74 66 68 56 64 70 25 3 5 55 46 9 19 
-1 -551 44 48 27 14 51 23 21 11 42 1 31 17 15 72 64 66 74 68 56 3 5 55 46 25 39 71 9 19 
-1 -551 44 48 27 14 51 23 21 42 1 12 17 15 72 64 31 66 74 68 56 3 5 55 46 39 71 25 9 19 
-1 -551 44 48 27 14 51 23 21 42 1 12 17 31 15 72 64 66 74 68 56 10 55 46 39 71 25 5 3 19 
-1 -551 44 48 27 14 51 23 21 11 42 1 31 17 15 72 64 69 66 74 3 5 56 55 46 25 39 71 9 19 
-1 -551 44 48 27 14 51 23 21 42 1 12 17 15 72 64 69 31 66 74 3 5 56 55 46 39 71 25 9 19 
-1 -551 48 27 14 51 23 21 11 42 1 44 20 31 15 72 64 17 66 74 68 56 3 5 55 47 25 39 71 9 
-1 -551 38 48 31 20 27 14 23 21 42 1 12 44 55 56 68 64 70 25 3 5 50 46 66 74 18 72 16 9 
-1 -551 38 48 31 20 27 14 23 21 42 1 12 44 55 56 68 64 71 50 46 66 74 18 72 16 5 3 25 9 
-1 -551 38 48 31 20 27 14 23 21 42 1 12 44 50 56 68 64 70 25 3 5 47 55 66 74 18 72 16 9 
-1 -551 38 48 31 20 27 14 51 23 21 42 1 12 55 56 68 64 70 25 3 5 46 44 66 74 18 72 16 9 
-1 -551 39 71 48 31 20 27 14 23 21 42 1 12 50 55 56 68 64 46 44 66 74 18 72 16 5 3 25 9 
-1 -551 38 28 48 44 23 21 11 42 1 25 31 15 72 17 66 74 64 70 3 5 56 68 54 50 46 13 9 19 
-1 -551 38 28 48 44 23 21 42 1 25 15 72 31 12 17 66 74 64 70 3 5 56 68 54 50 46 13 9 19 
-1 -551 38 28 48 44 23 21 42 1 25 56 31 12 17 66 74 64 70 3 5 68 54 50 46 13 72 16 9 19 
-1 -551 38 28 48 23 21 11 42 1 25 44 15 72 17 20 31 66 74 64 70 47 3 5 56 68 54 50 13 9 
-1 -551 38 28 48 23 21 42 1 25 12 17 15 72 66 74 31 20 44 64 70 47 3 5 56 68 54 50 13 9 
-1 -551 38 28 48 44 23 21 11 42 1 25 31 15 72 17 66 74 64 70 3 5 56 68 54 46 51 13 9 19 
-1 -551 38 28 48 44 23 21 42 1 25 15 72 31 12 17 66 74 64 70 3 5 56 68 54 46 51 13 9 19 
-2 -553 38 28 48 44 23 21 11 42 1 25 31 63 15 72 17 74 64 70 3 5 56 68 54 46 51 13 9 19 
-1 -551 38 28 48 44 23 21 42 1 25 56 31 12 17 66 74 64 70 3 5 68 54 46 51 13 72 16 9 19 
-1 -551 38 28 48 23 21 11 42 1 25 44 15 72 17 20 31 66 74 64 70 47 3 5 56 68 54 51 13 9 
-1 -551 38 28 48 23 21 42 1 25 12 17 15 72 66 74 31 20 44 64 70 47 3 5 56 68 54 51 13 9 
-1 -551 38 28 48 23 21 11 42 1 25 44 56 17 20 31 66 74 64 70 47 3 5 68 54 72 16 51 13 9 
-1 -551 38 28 48 44 24 21 11 42 1 25 31 15 72 17 66 74 64 70 3 5 56 68 54 50 46 13 9 19 
-1 -551 38 28 48 44 24 21 42 1 25 15 72 31 12 17 66 74 64 70 3 5 56 68 54 50 46 13 9 19 
-1 -551 38 28 48 44 24 21 42 1 25 15 72 31 12 17 66 74 64 70 3 5 10 56 68 54 50 46 13 19 
-1 -551 38 28 48 44 24 21 11 42 1 25 31 56 17 66 74 64 70 3 5 68 54 50 46 13 72 16 9 19 
-1 -551 38 28 48 44 24 21 42 1 25 56 31 12 17 66 74 64 70 3 5 68 54 50 46 13 72 16 9 19 
-1 -551 38 28 48 24 44 21 11 42 1 25 15 72 17 20 31 66 74 64 70 47 3 5 56 68 54 50 13 9 
-1 -551 38 28 48 21 42 1 25 24 44 15 72 12 17 66 74 31 20 64 70 47 3 5 56 68 54 50 13 9 
-1 -551 38 28 48 21 42 1 25 24 44 15 72 12 17 66 74 31 20 64 70 47 3 5 10 56 68 54 50 13 
-1 -551 38 28 48 44 24 21 11 42 1 25 31 15 72 17 66 74 64 70 3 5 56 68 54 46 51 13 9 19 
-2 -553 38 28 48 44 24 21 11 42 1 25 31 63 15 72 17 74 64 70 3 5 56 68 54 46 51 13 9 19 
-1 -551 38 28 48 44 24 21 42 1 25 56 31 12 17 66 74 64 70 3 5 68 54 46 51 13 72 16 9 19 
-1 -551 38 28 48 24 44 21 11 42 1 25 15 72 17 20 31 66 74 64 70 47 3 5 56 68 54 51 13 9 
-1 -551 38 28 48 21 42 1 25 24 44 15 72 12 17 66 74 31 20 64 70 47 3 5 56 68 54 51 13 9 
-1 -551 38 28 48 24 44 21 11 42 1 25 56 17 20 31 66 74 64 70 47 3 5 68 54 72 16 51 13 9 
-1 -551 38 28 48 44 24 25 21 11 42 1 31 4 15 72 17 66 74 64 70 5 56 68 54 50 46 13 9 19 
-1 -551 38 28 48 44 24 25 21 11 42 1 31 4 15 72 17 66 74 64 70 5 56 68 54 46 51 13 9 19 
-2 -553 38 28 48 44 24 25 21 11 42 1 31 4 63 15 72 17 74 64 70 5 56 68 54 46 51 13 9 19 
-1 -551 38 28 48 44 24 25 21 42 1 12 17 56 4 31 66 74 64 70 5 68 54 46 51 13 72 16 9 19 
-1 -551 38 28 48 44 24 25 21 11 42 1 31 4 56 15 17 66 74 64 70 5 68 54 50 73 46 13 9 19 
-1 -551 38 28 48 44 24 25 21 11 42 1 31 4 56 15 17 66 74 64 70 5 68 54 73 46 51 13 9 19 
-1 -551 38 28 33 48 44 24 25 21 11 42 1 4 15 72 17 66 74 64 70 5 56 68 54 50 46 13 9 19 
-1 -551 38 28 33 48 44 24 25 21 11 42 1 4 56 17 66 74 64 70 5 68 54 50 46 13 72 16 9 19 
-1 -551 38 28 33 48 44 24 25 21 11 42 1 4 56 15 17 66 74 64 70 5 68 54 50 73 46 13 9 19 
-1 -551 38 28 48 31 20 23 21 42 1 25 56 68 54 64 70 3 5 50 46 13 72 16 44 66 74 18 9 12 
-1 -551 38 28 48 31 20 23 21 42 1 25 56 68 54 64 70 47 3 5 50 72 16 44 66 74 18 13 9 12 
-1 -551 38 28 48 31 20 23 21 42 1 25 56 68 54 64 70 3 5 46 72 16 13 51 44 66 74 18 9 12 
-1 -551 38 28 48 31 20 24 44 21 11 42 1 25 56 68 54 64 70 3 5 50 46 13 72 16 66 74 18 9 
-1 -551 38 28 48 31 20 21 42 1 25 56 68 54 64 70 3 5 50 46 13 72 16 24 44 66 74 18 9 12 
-1 -551 38 28 48 31 20 24 44 21 11 42 1 25 56 68 54 64 70 47 3 5 50 72 16 66 74 18 13 9 
-1 -551 38 28 48 31 20 21 42 1 25 56 68 54 64 70 3 5 46 72 16 13 51 24 44 66 74 18 9 12 
-1 -551 38 28 48 31 20 24 44 21 11 42 1 25 56 68 54 64 70 47 3 5 72 16 66 74 18 51 13 9 
-6 -553 -588 38 28 44 24 37 21 11 42 49 1 25 15 72 17 31 74 64 70 3 56 68 54 50 46 13 9 19 
-1 -551 38 28 48 44 23 21 11 42 1 31 17 19 15 72 66 74 64 70 14 25 3 5 56 68 54 50 46 9 
-1 -551 38 28 48 44 23 21 11 42 1 31 17 19 15 66 74 72 64 71 3 5 56 68 54 50 46 14 25 9 
-1 -551 38 28 48 44 23 21 11 42 1 31 17 19 15 66 74 72 64 71 3 5 10 56 68 54 50 46 14 25 
-1 -551 38 28 48 44 23 21 42 1 12 17 31 15 72 66 74 64 70 14 25 3 5 56 68 54 50 46 9 19 
-1 -551 38 28 48 44 23 21 42 1 12 17 31 15 66 74 72 64 71 3 5 56 68 54 50 46 14 25 9 19 
-1 -551 38 28 48 44 23 21 42 1 12 17 31 19 15 72 66 74 64 70 14 25 3 5 10 56 68 54 50 46 
-1 -551 38 28 48 44 23 21 42 1 12 17 31 19 15 66 74 72 64 71 10 56 68 54 50 46 14 25 5 3 
-1 -551 38 28 48 44 23 21 11 42 1 31 17 19 9 56 66 74 64 70 14 25 3 5 68 54 50 46 72 16 
-1 -551 38 28 48 44 23 21 42 1 12 17 31 19 56 66 74 64 70 14 25 3 5 68 54 50 46 72 16 9 
-1 -551 38 28 48 44 23 21 11 42 1 31 17 19 15 74 66 69 64 72 71 3 5 56 54 50 46 14 25 9 
-1 -551 38 28 48 44 23 21 42 1 12 17 31 15 74 66 69 64 72 71 3 5 56 54 50 46 14 25 9 19 
-1 -551 38 28 48 23 21 11 42 1 44 20 31 17 15 72 66 74 64 70 47 14 25 3 5 56 68 54 50 9 
-1 -551 38 28 48 23 21 42 1 12 17 44 15 72 20 31 66 74 64 70 47 14 25 3 5 56 68 54 50 9 
-1 -551 38 28 48 23 21 42 1 12 17 44 20 31 15 72 66 74 64 70 47 14 25 3 5 10 56 68 54 50 
-1 -551 38 28 48 23 21 11 42 1 44 20 31 17 9 56 66 74 64 70 47 14 25 3 5 68 54 50 72 16 
-1 -551 38 28 48 23 21 42 1 12 17 44 20 31 56 66 74 64 70 47 14 25 3 5 68 54 50 72 16 9 
-1 -551 38 28 48 44 23 21 11 42 1 31 17 19 15 72 66 74 64 70 51 14 25 3 5 56 68 54 46 9 
-1 -551 38 28 48 44 23 21 11 42 1 31 17 19 15 66 74 72 64 71 3 5 56 68 54 46 51 14 25 9 
-1 -553 48 44 28 38 23 21 11 42 1 5 3 56 8 54 68 15 74 72 64 17 31 71 46 19 51 14 25 9 
-1 -551 38 28 48 44 23 21 11 42 1 31 17 19 15 66 74 72 64 71 3 5 10 56 68 54 46 51 14 25 
-1 -551 38 28 48 44 23 21 42 1 12 17 31 19 56 66 74 64 70 51 14 25 3 5 68 54 46 72 16 9 
-1 -553 48 44 28 38 23 21 42 1 12 17 19 56 8 54 68 46 74 64 31 71 72 16 51 14 5 3 25 9 
-1 -551 38 28 48 44 23 21 11 42 1 31 17 19 15 74 66 69 64 72 71 3 5 56 54 46 51 14 25 9 
-1 -551 38 28 48 23 21 11 42 1 44 20 31 17 15 72 66 74 64 70 47 51 14 25 3 5 56 68 54 9 
-1 -551 38 28 48 23 21 42 1 12 17 44 20 31 56 66 74 64 70 47 51 14 25 3 5 68 54 72 16 9 
-1 -551 38 28 48 44 24 21 11 42 1 31 17 19 15 72 66 74 64 70 14 25 3 5 56 68 54 50 46 9 
-1 -551 38 28 48 44 24 21 11 42 1 31 17 19 15 72 66 74 64 70 14 25 3 5 10 56 68 54 50 46 
-1 -551 38 28 48 44 24 21 11 42 1 31 17 19 15 66 74 72 64 71 3 5 10 56 68 54 50 46 14 25 
-1 -551 38 28 48 44 24 21 42 1 12 17 31 15 72 66 74 64 70 14 25 3 5 56 68 54 50 46 9 19 
-1 -551 38 28 48 44 24 21 11 42 1 31 17 19 9 56 66 74 64 70 14 25 3 5 68 54 50 46 72 16 
-1 -551 38 28 48 44 24 21 42 1 12 17 31 19 56 66 74 64 70 14 25 3 5 68 54 50 46 72 16 9 
-1 -551 38 28 48 24 44 21 11 42 1 20 31 17 15 72 66 74 64 70 47 14 25 3 5 56 68 54 50 9 
-1 -551 38 28 48 24 44 21 11 42 1 20 31 17 15 72 66 74 64 70 47 14 25 3 5 10 56 68 54 50 
-1 -551 38 28 48 21 42 1 24 44 12 17 15 72 20 31 66 74 64 70 47 14 25 3 5 56 68 54 50 9 
-1 -551 38 28 48 24 44 21 11 42 1 20 31 17 9 56 66 74 64 70 47 14 25 3 5 68 54 50 72 16 
-1 -551 38 28 48 21 42 1 24 44 12 17 20 31 56 66 74 64 70 47 14 25 3 5 68 54 50 72 16 9 
-1 -551 38 28 48 44 24 21 11 42 1 31 17 19 15 72 66 74 64 70 51 14 25 3 5 56 68 54 46 9 
-1 -551 38 28 48 44 24 21 11 42 1 31 17 19 9 56 66 74 64 70 51 14 25 3 5 68 54 46 72 16 
-1 -551 38 28 48 44 24 21 42 1 12 17 31 19 56 66 74 64 70 51 14 25 3 5 68 54 46 72 16 9 
-1 -551 38 28 48 24 44 21 11 42 1 20 31 17 15 72 66 74 64 70 47 51 14 25 3 5 56 68 54 9 
-1 -551 38 28 48 24 44 21 11 42 1 20 31 17 9 56 66 74 64 70 47 51 14 25 3 5 68 54 72 16 
-1 -551 38 28 48 21 42 1 24 44 12 17 20 31 56 66 74 64 70 47 51 14 25 3 5 68 54 72 16 9 
-1 -551 38 28 48 44 24 21 11 42 1 31 17 19 56 15 66 74 64 70 14 25 3 5 68 54 50 73 46 9 
-1 -551 38 28 48 44 24 21 11 42 1 31 17 19 9 56 66 74 64 70 14 25 3 5 68 54 50 73 46 16 
-1 -551 38 28 48 44 24 21 42 1 12 17 31 19 56 66 74 64 70 14 25 3 5 68 54 50 73 46 16 9 
-1 -551 38 28 48 24 44 21 11 42 1 20 31 17 15 66 74 73 64 70 47 14 25 3 5 56 68 54 50 9 
-1 -551 38 28 48 24 44 21 11 42 1 20 31 17 9 56 66 74 73 64 70 47 14 25 3 5 68 54 50 16 
-1 -551 38 28 48 44 24 21 11 42 1 31 17 19 56 15 66 74 64 70 51 14 25 3 5 68 54 73 46 9 
-1 -551 38 28 48 44 24 21 11 42 1 31 17 19 9 56 66 74 64 70 51 14 25 3 5 68 54 73 46 16 
-1 -551 38 28 48 44 24 21 42 1 12 17 31 19 56 66 74 64 70 51 14 25 3 5 68 54 73 46 16 9 
-1 -551 38 28 33 48 44 24 21 11 42 1 17 19 15 72 66 74 64 70 14 25 3 5 56 68 54 50 46 9 
-1 -551 38 28 33 48 44 24 21 42 1 12 17 15 72 66 74 64 70 14 25 3 5 56 68 54 50 46 9 19 
-1 -551 38 28 33 48 44 24 21 11 42 1 17 19 9 56 66 74 64 70 14 25 3 5 68 54 50 46 72 16 
-1 -551 38 28 33 48 21 42 1 24 44 12 17 15 72 66 74 20 64 70 47 14 25 3 5 56 68 54 50 9 
-1 -551 38 28 48 44 24 21 11 42 1 31 4 17 19 15 72 66 74 64 70 14 25 5 56 68 54 50 46 9 
-1 -551 38 28 48 44 24 21 11 42 1 31 4 17 19 56 66 74 64 70 14 25 5 68 54 50 46 72 16 9 
-1 -551 38 28 48 44 24 21 11 42 1 31 4 17 19 15 72 66 74 64 70 51 14 25 5 56 68 54 46 9 
-1 -551 38 28 48 44 24 21 11 42 1 31 4 17 19 56 66 74 64 70 51 14 25 5 68 54 46 72 16 9 
-1 -551 38 28 48 44 24 21 42 1 12 17 31 4 56 66 74 64 70 51 14 25 5 68 54 46 72 16 9 19 
-1 -551 38 28 48 44 24 21 11 42 1 31 4 17 19 56 15 66 74 64 70 14 25 5 68 54 50 73 46 9 
-1 -551 38 28 48 44 24 21 11 42 1 31 4 17 19 56 66 74 64 70 14 25 5 68 54 50 73 46 16 9 
-1 -551 38 28 48 44 24 21 11 42 1 31 4 17 19 56 15 66 74 64 70 51 14 25 5 68 54 73 46 9 
-1 -551 38 28 33 48 44 24 21 11 42 1 4 17 19 15 72 66 74 64 70 14 25 5 56 68 54 50 46 9 
-1 -551 38 28 33 48 44 24 21 11 42 1 4 17 19 56 66 74 64 70 14 25 5 68 54 50 46 72 16 9 
-1 -551 38 28 33 48 44 24 21 11 42 1 4 17 19 15 72 66 74 64 70 51 14 25 5 56 68 54 46 9 
-1 -551 48 44 28 23 21 42 1 12 17 31 19 56 15 72 64 66 74 3 5 68 54 46 39 71 51 14 25 9 
-1 -551 48 44 28 23 21 42 1 12 17 31 19 56 15 72 64 66 74 3 5 10 68 54 46 39 71 51 14 25 
-1 -551 48 44 28 23 21 42 1 12 17 31 19 15 72 64 69 66 74 3 5 56 54 46 39 71 51 14 25 9 
-1 -551 48 44 24 28 21 11 42 1 31 17 19 10 56 15 72 64 66 74 3 5 68 54 46 51 14 25 39 71 
-1 -551 38 28 48 31 20 23 21 11 42 1 44 9 56 68 54 64 70 14 25 3 5 50 46 66 74 18 72 16 
-1 -551 38 28 48 31 20 23 21 42 1 12 44 9 56 68 54 64 70 14 25 3 5 50 46 66 74 18 72 16 
-1 -551 38 28 48 31 20 23 21 42 1 12 44 9 56 68 54 64 71 50 46 66 74 18 72 16 14 5 3 25 
-1 -551 38 28 48 31 20 23 21 11 42 1 44 9 56 68 54 64 70 47 14 25 3 5 50 66 74 18 72 16 
-1 -551 38 28 48 31 20 23 21 42 1 12 44 9 56 68 54 64 70 47 14 25 3 5 50 66 74 18 72 16 
-1 -551 38 28 48 31 20 23 21 42 1 12 44 9 56 68 54 64 70 25 3 5 46 14 51 66 74 18 72 16 
-1 -551 38 28 48 31 20 24 44 21 11 42 1 9 56 68 54 64 70 14 25 3 5 50 46 66 74 18 72 16 
-1 -551 38 28 48 31 20 24 44 21 11 42 1 9 56 68 54 64 70 47 14 25 3 5 50 66 74 18 72 16 
-1 -551 38 28 48 31 20 24 44 21 11 42 1 9 56 68 54 64 70 25 3 5 46 14 51 66 74 18 72 16 
-1 -551 38 28 48 31 20 24 44 21 11 42 1 9 56 68 54 64 70 14 25 3 5 50 73 46 66 74 18 16 
-1 -551 38 28 48 31 20 24 44 21 11 42 1 9 56 68 54 64 70 25 3 5 73 46 14 51 66 74 18 16 
-1 -551 38 28 44 23 21 11 42 49 1 31 17 19 15 72 66 74 64 70 14 25 3 5 56 68 54 50 46 9 
-1 -551 38 28 23 21 11 42 49 1 44 20 31 17 15 72 66 74 64 70 47 14 25 3 5 56 68 54 50 9 
-1 -551 38 28 44 23 21 11 42 49 1 31 17 19 15 72 66 74 64 70 51 14 25 3 5 56 68 54 46 9 
-1 -551 38 28 44 24 21 11 42 49 1 31 17 19 15 72 66 74 64 70 14 25 3 5 56 68 54 50 46 9 
-1 -551 38 28 24 44 21 11 42 49 1 20 31 17 15 72 66 74 64 70 47 14 25 3 5 56 68 54 50 9 
-1 -551 38 28 33 44 24 21 11 42 49 1 17 19 15 72 66 74 64 70 14 25 3 5 56 68 54 50 46 9 
-6 -553 -588 38 28 44 24 37 21 11 42 49 1 31 17 15 72 74 64 70 14 25 3 56 68 54 50 46 9 19 
-1 -551 38 28 48 44 23 21 11 42 1 25 31 15 72 17 74 66 68 56 64 70 3 5 55 50 46 13 9 19 
-1 -551 38 28 48 44 23 21 42 1 25 15 72 31 12 17 74 66 68 56 64 70 3 5 55 50 46 13 9 19 
-1 -551 38 28 48 44 23 21 42 1 25 56 68 31 12 17 66 74 64 70 3 5 55 50 46 13 72 16 9 19 
-1 -551 38 28 48 23 21 11 42 1 25 44 15 72 17 20 31 74 66 68 56 64 70 3 5 50 47 55 13 9 
-1 -551 38 28 48 23 21 42 1 25 12 17 15 72 31 20 44 74 66 68 56 64 70 3 5 50 47 55 13 9 
-1 -551 38 28 48 44 23 21 11 42 1 25 31 15 72 17 74 66 68 56 64 70 3 5 55 46 51 13 9 19 
-1 -551 38 28 48 44 23 21 42 1 25 15 72 31 12 17 74 66 68 56 64 70 3 5 55 46 51 13 9 19 
-2 -553 38 28 48 44 23 21 11 42 1 25 31 15 72 17 74 68 56 64 70 3 5 63 55 46 51 13 9 19 
-1 -551 38 28 48 44 23 21 42 1 25 56 68 31 12 17 66 74 64 70 3 5 55 46 51 13 72 16 9 19 
-1 -551 38 28 48 23 21 11 42 1 25 44 15 72 17 20 31 74 66 68 56 64 70 3 5 47 55 51 13 9 
-1 -551 38 28 48 23 21 42 1 25 12 17 15 72 31 20 44 74 66 68 56 64 70 3 5 47 55 51 13 9 
-1 -551 38 28 48 23 21 11 42 1 25 44 56 68 17 20 31 66 74 64 70 3 5 47 55 72 16 51 13 9 
-6 -553 -578 38 28 37 44 23 21 11 42 1 25 31 15 72 17 74 68 56 64 70 3 5 55 50 46 13 9 19 
-6 -553 -578 38 28 37 23 21 11 42 1 25 44 15 72 17 20 31 74 68 56 64 70 3 5 50 47 55 13 9 
-6 -553 -578 38 28 37 44 23 21 11 42 1 25 31 15 72 17 74 68 56 64 70 3 5 55 46 51 13 9 19 
-1 -551 38 28 48 31 20 23 21 42 1 25 55 56 68 64 70 3 5 50 46 13 72 16 44 66 74 18 9 12 
-1 -551 38 28 48 31 20 23 21 42 1 25 55 56 68 64 70 3 5 46 72 16 13 51 44 66 74 18 9 12 
-1 -551 38 28 48 44 23 21 11 42 1 31 17 19 15 72 74 66 68 56 64 70 14 25 3 5 55 50 46 9 
-1 -551 38 28 48 44 23 21 11 42 1 31 17 19 15 74 66 68 56 72 64 71 3 5 55 50 46 14 25 9 
-1 -551 38 28 48 44 23 21 11 42 1 31 17 19 15 74 66 68 56 72 64 71 3 5 10 55 50 46 14 25 
-1 -551 38 28 48 44 23 21 42 1 12 17 31 15 72 74 66 68 56 64 70 14 25 3 5 55 50 46 9 19 
-1 -551 38 28 48 44 23 21 42 1 12 17 31 15 74 66 68 56 72 64 71 3 5 55 50 46 14 25 9 19 
-1 -551 38 28 48 44 23 21 42 1 12 17 31 19 15 72 74 66 68 56 64 70 14 25 3 5 10 55 50 46 
-1 -551 38 28 48 44 23 21 42 1 12 17 31 19 15 74 66 68 56 72 64 71 10 55 50 46 14 25 5 3 
-1 -551 38 28 48 44 23 21 42 1 12 17 31 19 56 68 66 74 64 70 14 25 3 5 55 50 46 72 16 9 
-1 -551 38 28 48 44 23 21 42 1 12 17 31 15 74 66 69 64 72 71 3 5 56 55 50 46 14 25 9 19 
-1 -551 38 28 48 23 21 11 42 1 44 20 31 17 15 72 74 66 68 56 64 70 14 25 3 5 50 47 55 9 
-1 -551 38 28 48 23 21 42 1 12 17 44 15 72 20 31 74 66 68 56 64 70 14 25 3 5 50 47 55 9 
-1 -551 38 28 48 23 21 11 42 1 44 20 31 17 9 56 68 66 74 64 70 14 25 3 5 50 47 55 72 16 
-1 -551 38 28 48 23 21 42 1 12 17 44 20 31 56 68 66 74 64 70 14 25 3 5 50 47 55 72 16 9 
-1 -551 38 28 48 44 23 21 11 42 1 31 17 19 15 72 74 66 68 56 64 70 51 14 25 3 5 55 46 9 
-1 -551 38 28 48 44 23 21 11 42 1 31 17 19 15 74 66 68 56 72 64 71 3 5 55 46 51 14 25 9 
-1 -553 48 44 28 38 23 21 11 42 1 5 3 8 68 56 15 55 74 72 64 17 31 71 46 19 51 14 25 9 
-1 -551 38 28 48 44 23 21 11 42 1 31 17 19 15 74 66 68 56 72 64 71 3 5 10 55 46 51 14 25 
-1 -551 38 28 48 44 23 21 42 1 12 17 31 19 56 68 66 74 64 70 51 14 25 3 5 55 46 72 16 9 
-1 -551 38 28 48 23 21 11 42 1 44 20 31 17 15 72 74 66 68 56 64 70 51 14 25 3 5 47 55 9 
-1 -551 38 28 48 23 21 42 1 12 17 44 20 31 56 68 66 74 64 70 51 14 25 3 5 47 55 72 16 9 
-1 -551 48 44 28 23 21 42 1 12 17 31 19 15 72 64 66 74 68 56 3 5 55 46 39 71 51 14 25 9 
-1 -551 48 44 28 23 21 42 1 12 17 31 19 15 72 64 69 66 74 3 5 56 55 46 39 71 51 14 25 9 
-1 -551 38 28 48 31 20 23 21 42 1 12 44 9 55 56 68 64 70 14 25 3 5 50 46 66 74 18 72 16 
-1 -551 38 28 48 31 20 23 21 42 1 12 44 9 55 56 68 64 71 50 46 66 74 18 72 16 14 5 3 25 
-1 -551 38 28 48 31 20 23 21 42 1 12 44 9 55 56 68 64 70 25 3 5 46 14 51 66 74 18 72 16 
-1 -551 38 28 44 23 21 11 42 49 1 31 17 19 15 72 74 66 68 56 64 70 14 25 3 5 55 50 46 9 
-1 -551 38 28 23 21 11 42 49 1 44 20 31 17 15 72 74 66 68 56 64 70 14 25 3 5 50 47 55 9 
-1 -551 38 28 44 23 21 11 42 49 1 31 17 19 15 72 74 66 68 56 64 70 51 14 25 3 5 55 46 9 
-1 -551 44 26 38 48 27 13 23 21 11 42 1 15 72 17 31 66 74 64 70 3 5 56 68 54 50 46 9 19 
-1 -551 38 48 27 13 23 21 11 42 1 44 26 15 72 17 66 74 31 20 64 70 47 3 5 56 68 54 50 9 
-1 -551 38 48 27 13 24 44 26 21 11 42 1 15 72 17 32 66 74 20 64 70 47 3 5 56 68 54 50 9 
-1 -551 44 24 26 38 48 27 13 21 11 42 1 56 15 17 32 66 74 64 70 3 5 68 54 50 73 46 9 19 
-1 -551 44 26 48 27 13 23 21 11 42 1 31 15 39 72 17 66 74 64 70 3 5 56 68 54 50 46 9 19 
-1 -551 44 26 48 27 13 23 21 11 42 1 31 56 15 72 64 17 66 74 3 5 68 54 50 46 39 71 9 19 
-1 -551 44 26 48 27 13 51 23 21 11 42 1 56 15 72 64 17 31 66 74 3 5 68 54 46 39 71 9 19 
-1 -551 44 24 26 48 27 13 21 11 42 1 15 39 72 32 17 66 74 64 70 3 5 56 68 54 50 46 9 19 
-1 -551 44 24 26 48 27 13 21 11 42 1 56 15 39 32 17 66 74 64 70 3 5 68 54 50 73 46 9 19 
-6 -553 -578 44 24 26 38 27 13 37 21 11 42 1 15 72 17 32 74 64 70 3 5 56 68 54 50 46 9 19 
-1 -551 44 26 38 48 27 14 23 21 11 42 1 31 15 72 17 66 74 64 70 3 5 56 68 54 50 46 9 19 
-1 -551 38 48 27 14 23 21 11 42 1 44 26 15 72 17 20 31 66 74 64 70 47 3 5 56 68 54 50 9 
-1 -551 44 24 26 38 48 27 14 21 11 42 1 32 17 56 66 74 64 70 3 5 68 54 50 73 46 16 9 19 
-1 -551 44 26 48 27 14 23 21 11 42 1 31 17 15 39 72 66 74 64 70 3 5 56 68 54 50 46 9 19 
-1 -551 44 26 48 27 14 23 21 11 42 1 31 17 56 15 72 64 66 74 3 5 68 54 50 46 39 71 9 19 
-1 -551 44 26 48 27 14 51 23 21 11 42 1 31 56 15 72 64 17 66 74 3 5 68 54 46 39 71 9 19 
-1 -551 44 26 38 48 27 13 23 21 11 42 1 15 72 17 31 74 66 68 56 64 70 3 5 55 50 46 9 19 
-1 -551 38 48 27 13 23 21 11 42 1 44 26 15 72 17 31 20 74 66 68 56 64 70 3 5 50 47 55 9 
-1 -551 44 26 38 48 27 13 51 23 21 11 42 1 15 72 17 31 74 66 68 56 64 70 3 5 55 46 9 19 
-2 -553 44 26 38 48 27 13 51 23 21 11 42 1 15 72 17 31 74 68 56 64 70 3 5 63 55 46 9 19 
-1 -551 38 48 27 13 51 23 21 11 42 1 15 72 44 26 17 31 20 74 66 68 56 64 70 3 5 47 55 9 
-1 -551 44 26 48 27 13 23 21 11 42 1 31 15 39 72 17 74 66 68 56 64 70 3 5 55 50 46 9 19 
-1 -551 48 27 13 23 21 11 42 1 44 26 15 39 72 17 20 31 74 66 68 56 64 70 3 5 50 47 55 9 
-1 -551 44 26 38 48 27 14 23 21 11 42 1 31 15 72 17 74 66 68 56 64 70 3 5 55 50 46 9 19 
-1 -551 38 48 27 14 23 21 11 42 1 44 26 15 72 17 20 31 74 66 68 56 64 70 3 5 50 47 55 9 
-1 -551 44 26 38 48 27 14 51 23 21 11 42 1 15 72 17 31 74 66 68 56 64 70 3 5 55 46 9 19 
-1 -551 44 26 48 27 14 23 21 11 42 1 31 17 15 39 72 74 66 68 56 64 70 3 5 55 50 46 9 19 
-1 -551 38 28 48 44 26 23 21 11 42 1 31 15 72 17 66 74 64 70 3 5 56 68 54 50 46 13 9 19 
-1 -551 38 28 48 23 21 11 42 1 44 26 15 72 17 20 31 66 74 64 70 47 3 5 56 68 54 50 13 9 
-1 -551 38 28 48 44 26 23 21 11 42 1 31 15 72 17 66 74 64 70 3 5 56 68 54 46 51 13 9 19 
-1 -551 38 28 48 44 26 23 21 11 42 1 31 17 15 72 66 74 64 70 14 3 5 56 68 54 50 46 9 19 
-1 -551 38 28 48 23 21 11 42 1 44 26 20 31 15 72 17 66 74 64 70 47 14 3 5 56 68 54 50 9 
-1 -551 38 28 48 44 26 23 21 11 42 1 31 17 15 72 66 74 64 70 51 14 3 5 56 68 54 46 9 19 
-1 -551 38 28 48 44 26 23 21 11 42 1 31 15 72 17 74 66 68 56 64 70 3 5 55 50 46 13 9 19 
-1 -551 38 28 48 23 21 11 42 1 44 26 15 72 17 20 31 74 66 68 56 64 70 3 5 50 47 55 13 9 
-1 -551 38 28 48 44 26 23 21 11 42 1 31 15 72 17 74 66 68 56 64 70 3 5 55 46 51 13 9 19 
-1 -551 38 28 48 44 26 23 21 11 42 1 31 17 15 72 74 66 68 56 64 70 14 3 5 55 50 46 9 19 
-1 -551 38 28 48 23 21 11 42 1 44 26 20 31 15 72 17 74 66 68 56 64 70 14 3 5 50 47 55 9 
-1 -551 38 28 48 44 26 23 21 11 42 1 31 17 15 72 74 66 68 56 64 70 51 14 3 5 55 46 9 19 
-1 -551 44 38 48 27 13 23 21 11 42 1 75 25 56 66 15 72 17 31 64 70 3 5 68 54 50 46 9 19 
-1 -551 44 38 48 27 13 23 21 42 1 75 25 56 54 68 66 31 64 70 3 5 50 46 72 16 9 19 17 12 
-1 -551 44 38 48 27 13 51 23 21 11 42 1 75 56 66 15 72 17 31 64 70 25 3 5 68 54 46 9 19 
-2 -553 44 38 48 27 13 51 23 21 11 42 1 75 56 63 15 72 17 31 64 70 25 3 5 68 54 46 9 19 
-1 -551 44 48 27 13 23 21 11 42 1 75 25 56 66 15 39 72 17 31 64 70 3 5 68 54 50 46 9 19 
-1 -551 44 48 27 13 23 21 11 42 1 75 25 56 66 15 72 64 17 31 3 5 68 54 50 46 39 71 9 19 
-1 -551 44 48 27 13 23 21 11 42 1 75 25 3 56 54 68 66 15 72 64 17 31 50 46 39 71 9 19 6 
-1 -551 44 39 71 48 27 13 23 21 42 1 75 56 54 68 66 64 31 50 46 72 16 9 19 17 12 5 3 25 
-1 -551 44 48 27 13 23 21 11 42 1 75 25 56 66 15 72 64 69 17 31 3 5 54 50 46 39 71 9 19 
-1 -551 44 48 27 13 51 23 21 11 42 1 75 25 56 66 15 39 72 17 31 64 70 3 5 68 54 46 9 19 
-1 -551 44 48 27 13 51 23 21 11 42 1 75 25 56 66 15 72 64 17 31 68 54 46 39 71 9 19 5 3 
-2 -553 44 48 27 13 51 23 21 11 42 1 75 25 56 63 15 72 64 17 31 68 54 46 39 71 9 19 5 3 
-1 -551 44 48 27 13 51 23 21 11 42 1 75 25 56 66 15 72 64 69 17 31 54 46 39 71 9 19 5 3 
-1 -551 38 48 31 20 27 13 23 21 42 1 75 56 68 54 64 70 25 3 5 50 46 72 16 66 18 9 44 12 
-1 -551 39 71 48 31 20 27 13 23 21 42 1 75 50 56 68 54 64 46 72 16 66 18 9 44 12 5 3 25 
-1 -551 44 38 48 27 14 23 21 11 42 1 75 31 56 66 15 72 17 64 70 25 3 5 68 54 50 46 9 19 
-1 -551 44 38 48 27 14 23 21 11 42 1 75 31 56 66 15 72 64 17 71 3 5 68 54 50 46 25 9 19 
-1 -551 44 38 48 27 14 23 21 11 42 1 75 31 17 56 54 68 66 64 71 50 46 72 16 5 3 25 9 19 
-1 -551 44 38 48 27 14 23 21 42 1 75 12 17 56 54 68 66 31 64 70 25 3 5 50 46 72 16 9 19 
-1 -551 44 38 48 27 14 23 21 42 1 75 12 17 56 54 68 66 64 31 71 50 46 72 16 5 3 25 9 19 
-1 -551 44 38 48 27 14 51 23 21 11 42 1 75 56 66 15 72 17 31 64 70 25 3 5 68 54 46 9 19 
-1 -551 44 48 27 14 23 21 11 42 1 75 31 17 56 66 15 72 64 3 5 68 54 50 46 25 39 71 9 19 
-1 -551 44 48 27 14 23 21 11 42 1 75 31 17 56 66 15 72 64 69 3 5 54 50 46 25 39 71 9 19 
-1 -551 44 48 27 14 23 21 42 1 75 12 17 56 66 15 72 64 69 31 3 5 54 50 46 39 71 25 9 19 
-1 -551 44 48 27 14 51 23 21 11 42 1 75 31 56 66 15 39 72 17 64 70 25 3 5 68 54 46 9 19 
-1 -551 44 48 27 14 51 23 21 11 42 1 75 31 56 66 15 72 64 17 3 5 68 54 46 25 39 71 9 19 
-1 -551 44 48 27 14 51 23 21 11 42 1 75 6 56 54 68 66 15 72 64 17 31 46 3 25 39 71 9 19 
-1 -553 44 48 27 14 51 23 21 11 42 1 75 5 3 19 56 46 15 72 64 17 31 25 39 71 9 68 54 8 
-1 -551 44 48 27 14 51 23 21 11 42 1 75 31 17 56 66 15 72 64 10 68 54 46 25 5 3 39 71 19 
-1 -551 44 39 71 48 27 14 51 23 21 11 42 1 75 56 54 68 66 64 17 31 46 72 16 5 3 25 9 19 
-1 -551 44 39 71 48 27 14 51 23 21 42 1 75 56 54 68 66 64 31 46 72 16 5 3 25 9 19 17 12 
-1 -551 44 48 27 14 51 23 21 11 42 1 75 31 56 66 15 72 64 69 17 3 5 54 46 25 39 71 9 19 
-1 -551 38 48 31 20 27 14 23 21 11 42 1 75 44 56 68 54 64 71 50 46 66 18 72 16 5 3 25 9 
-1 -551 38 48 31 20 27 14 23 21 42 1 75 12 56 68 54 64 70 25 3 5 50 46 66 18 72 16 9 44 
-1 -551 38 48 31 20 27 14 23 21 42 1 75 12 56 68 54 64 71 50 46 66 18 72 16 5 3 25 9 44 
-1 -551 39 71 48 31 20 27 14 51 23 21 11 42 56 68 54 46 64 66 18 72 16 5 3 25 9 44 1 75 
-1 -551 44 38 48 27 13 23 21 11 42 1 75 25 66 15 72 17 31 68 56 64 70 3 5 55 50 46 9 19 
-1 -551 44 38 48 27 13 23 21 42 1 75 25 66 15 72 31 68 56 64 70 3 5 55 50 46 9 19 17 12 
-1 -551 44 38 48 27 13 23 21 42 1 75 25 66 15 72 31 68 64 70 3 5 55 57 50 46 9 19 17 12 
-1 -551 44 38 48 27 13 23 21 42 1 75 25 55 56 68 66 31 64 70 3 5 50 46 72 16 9 19 17 12 
-1 -551 38 48 27 13 23 21 11 42 1 75 25 66 15 72 17 68 56 64 70 3 5 50 47 55 9 31 20 44 
-1 -551 44 38 48 27 13 51 23 21 11 42 1 75 66 15 72 17 31 68 56 64 70 25 3 5 55 46 9 19 
-1 -551 44 38 48 27 13 51 23 21 42 1 75 66 15 72 31 68 56 64 70 25 3 5 55 46 9 19 17 12 
-2 -553 44 38 48 27 13 51 23 21 11 42 1 75 56 68 15 72 17 31 64 70 25 3 5 63 55 46 9 19 
-1 -551 44 38 48 27 13 51 23 21 42 1 75 55 56 68 66 31 64 70 25 3 5 46 72 16 9 19 17 12 
-1 -551 38 48 27 13 51 23 21 11 42 1 75 25 66 15 72 17 68 56 64 70 3 5 47 55 9 31 20 44 
-1 -551 44 48 27 13 23 21 11 42 1 75 25 66 15 39 72 17 31 68 56 64 70 3 5 55 50 46 9 19 
-1 -551 44 48 27 13 23 21 11 42 1 75 25 56 68 66 15 72 64 17 31 3 5 55 50 46 39 71 9 19 
-1 -551 44 48 27 13 23 21 42 1 75 25 66 15 39 72 31 68 56 64 70 3 5 55 50 46 9 19 17 12 
-1 -551 44 39 71 48 27 13 23 21 42 1 75 55 56 68 66 64 31 50 46 72 16 9 19 17 12 5 3 25 
-1 -551 44 48 27 13 23 21 11 42 1 75 25 56 66 15 72 64 69 17 31 3 5 55 50 46 39 71 9 19 
-1 -551 44 48 27 13 51 23 21 11 42 1 75 25 66 15 39 72 17 31 68 56 64 70 3 5 55 46 9 19 
-1 -551 44 48 27 13 51 23 21 11 42 1 75 25 56 68 66 15 72 64 17 31 55 46 39 71 9 19 5 3 
-1 -551 44 48 27 13 51 23 21 11 42 1 75 25 56 66 15 72 64 69 17 31 55 46 39 71 9 19 5 3 
-1 -551 38 48 31 20 27 13 23 21 42 1 75 55 56 68 64 70 25 3 5 50 46 72 16 66 18 9 44 12 
-1 -551 38 48 31 20 27 13 51 23 21 42 1 75 55 56 68 64 70 25 3 5 46 72 16 66 18 9 44 12 
-1 -551 44 38 48 27 14 23 21 11 42 1 75 31 66 15 72 17 68 56 64 70 25 3 5 55 50 46 9 19 
-1 -551 44 38 48 27 14 23 21 11 42 1 75 31 66 15 68 56 72 64 17 71 3 5 55 50 46 25 9 19 
-1 -551 44 38 48 27 14 23 21 11 42 1 75 31 17 66 15 68 56 72 64 71 10 55 50 46 25 5 3 19 
-1 -551 44 38 48 27 14 23 21 42 1 75 12 17 66 15 72 31 68 56 64 70 25 3 5 10 55 50 46 19 
-1 -551 44 38 48 27 14 23 21 42 1 75 12 17 66 15 68 56 72 64 31 71 10 55 50 46 25 5 3 19 
-1 -551 44 38 48 27 14 23 21 42 1 75 12 17 55 56 68 66 31 64 70 25 3 5 50 46 72 16 9 19 
-1 -551 44 38 48 27 14 23 21 42 1 75 12 17 55 56 68 66 64 31 71 50 46 72 16 5 3 25 9 19 
-1 -551 44 38 48 27 14 23 21 42 1 75 12 17 66 15 69 64 31 72 71 56 55 50 46 25 5 3 9 19 
-1 -551 38 48 27 14 23 21 11 42 1 75 44 66 15 72 17 20 31 68 56 64 70 25 3 5 50 47 55 9 
-1 -551 38 48 27 14 23 21 11 42 1 75 44 66 15 68 56 72 64 17 20 31 71 3 5 50 55 47 25 9 
-1 -551 38 48 27 14 23 21 11 42 1 75 44 20 31 56 68 66 64 17 71 50 55 47 5 3 25 72 16 9 
-1 -551 44 38 48 27 14 51 23 21 11 42 1 75 66 15 72 17 31 68 56 64 70 25 3 5 55 46 9 19 
-1 -553 44 48 27 14 51 23 21 11 42 38 1 75 55 56 15 72 64 17 31 71 46 19 25 5 3 9 68 8 
-1 -551 44 38 48 27 14 51 23 21 11 42 1 75 31 66 15 68 56 72 64 17 71 10 55 46 25 5 3 19 
-1 -551 44 38 48 27 14 51 23 21 42 1 75 55 56 68 66 31 12 17 64 70 25 3 5 46 72 16 9 19 
-1 -551 38 48 27 14 51 23 21 11 42 1 75 44 66 15 72 17 68 56 64 70 25 3 5 47 55 9 31 20 
-1 -551 44 48 27 14 23 21 11 42 1 75 31 17 66 15 39 72 68 56 64 70 25 3 5 55 50 46 9 19 
-1 -551 44 48 27 14 23 21 11 42 1 75 31 17 56 68 66 15 72 64 3 5 55 50 46 25 39 71 9 19 
-1 -551 44 48 27 14 23 21 42 1 75 12 17 31 66 15 39 72 68 56 64 70 25 3 5 10 55 50 46 19 
-1 -551 44 48 27 14 23 21 11 42 1 75 31 17 56 66 15 72 64 69 3 5 55 50 46 25 39 71 9 19 
-1 -551 44 48 27 14 23 21 11 42 1 75 6 31 55 56 66 15 39 72 69 17 64 70 3 25 50 46 9 19 
-1 -551 44 48 27 14 23 21 42 1 75 12 17 56 66 15 72 64 69 31 3 5 55 50 46 39 71 25 9 19 
-1 -551 44 48 27 14 51 23 21 11 42 1 75 31 66 15 39 72 17 68 56 64 70 25 3 5 55 46 9 19 
-1 -551 44 48 27 14 51 23 21 11 42 1 75 31 56 68 66 15 72 64 17 3 5 55 46 25 39 71 9 19 
-1 -551 44 39 71 48 27 14 51 23 21 42 1 75 55 56 68 66 64 31 46 72 16 5 3 25 9 19 17 12 
-1 -551 44 48 27 14 51 23 21 11 42 1 75 31 56 66 15 72 64 69 17 3 5 55 46 25 39 71 9 19 
-1 -551 44 48 27 14 51 23 21 42 1 75 12 17 56 66 15 72 64 69 31 55 46 39 71 25 5 3 9 19 
-1 -551 38 48 31 20 27 14 23 21 42 1 75 12 55 56 68 64 70 25 3 5 50 46 66 18 72 16 9 44 
-1 -551 38 28 48 44 23 21 11 42 1 75 25 56 66 15 72 17 31 64 70 3 5 68 54 50 46 13 9 19 
-1 -551 38 28 48 44 23 21 42 1 75 25 56 66 15 72 31 64 70 3 5 68 54 50 46 13 9 19 17 12 
-1 -551 38 28 48 44 23 21 42 1 75 25 66 15 72 31 64 70 3 5 68 54 57 50 46 13 9 19 17 12 
-1 -551 38 28 48 44 23 21 42 1 75 25 56 54 68 66 31 64 70 3 5 50 46 13 72 16 9 19 17 12 
-1 -551 38 28 48 44 23 21 11 42 1 75 25 56 66 15 72 17 31 64 70 3 5 68 54 46 13 51 9 19 
-2 -553 38 28 48 44 23 21 11 42 1 75 25 56 63 15 72 17 31 64 70 3 5 68 54 46 13 51 9 19 
-1 -551 48 44 28 23 21 11 42 1 75 25 31 56 66 15 72 64 17 3 5 68 54 50 46 13 39 71 9 19 
-1 -551 48 44 28 23 21 11 42 1 75 25 3 6 56 54 68 66 15 72 64 17 31 50 46 13 39 71 9 19 
-1 -551 48 44 28 23 21 11 42 1 75 25 31 56 66 15 72 64 17 3 5 68 54 46 13 51 39 71 9 19 
-1 -551 38 28 48 31 20 23 21 42 1 75 25 56 68 54 64 70 3 5 50 46 13 72 16 66 18 9 44 12 
-1 -551 38 28 48 44 23 21 11 42 1 75 31 17 56 66 15 72 64 70 14 25 3 5 68 54 50 46 9 19 
-1 -551 38 28 48 44 23 21 11 42 1 75 31 17 56 66 15 72 64 71 3 5 68 54 50 46 14 25 9 19 
-1 -551 38 28 48 44 23 21 11 42 1 75 6 31 56 54 68 66 15 72 64 17 71 50 46 14 3 25 9 19 
-1 -551 38 28 48 44 23 21 11 42 1 75 31 17 19 56 66 15 72 64 71 10 68 54 50 46 14 25 5 3 
-1 -551 38 28 48 44 23 21 11 42 1 75 31 17 19 56 54 68 66 64 70 14 25 3 5 50 46 72 16 9 
-1 -551 38 28 48 44 23 21 42 1 75 12 17 31 56 54 68 66 64 70 14 25 3 5 50 46 72 16 9 19 
-1 -551 38 28 48 44 23 21 11 42 1 75 31 17 56 66 15 72 64 70 25 3 5 68 54 46 14 51 9 19 
-1 -553 48 44 28 38 23 21 11 42 1 75 5 3 56 46 15 72 64 17 31 71 19 51 14 25 9 8 68 54 
-1 -551 38 28 48 44 23 21 11 42 1 75 31 17 19 56 54 68 66 64 70 25 3 5 46 72 16 14 51 9 
-1 -551 38 28 48 44 23 21 42 1 75 12 17 31 56 54 68 66 64 70 25 3 5 46 72 16 14 51 9 19 
-1 -551 48 44 28 23 21 11 42 1 75 31 17 19 56 66 15 72 64 3 5 68 54 46 51 14 25 39 71 9 
-1 -551 38 28 48 31 20 23 21 11 42 1 75 44 9 56 68 54 64 70 14 25 3 5 50 46 66 18 72 16 
-1 -551 38 28 48 31 20 23 21 42 1 75 12 44 56 68 54 64 70 14 25 3 5 50 46 66 18 72 16 9 
-1 -551 38 28 48 31 20 23 21 11 42 1 75 44 9 56 68 54 64 70 25 3 5 46 66 18 72 16 14 51 
-1 -551 38 28 48 44 23 21 11 42 1 75 25 66 15 72 17 31 68 56 64 70 3 5 55 50 46 13 9 19 
-1 -551 38 28 48 44 23 21 42 1 75 25 66 15 72 31 68 56 64 70 3 5 55 50 46 13 9 19 17 12 
-1 -551 38 28 48 44 23 21 42 1 75 25 55 56 68 66 31 64 70 3 5 50 46 13 72 16 9 19 17 12 
-1 -551 38 28 48 23 21 11 42 1 75 25 44 66 15 72 17 68 56 64 70 3 5 50 47 55 13 9 31 20 
-1 -551 38 28 48 23 21 42 1 75 25 66 15 72 12 17 68 56 64 70 3 5 50 47 55 13 9 31 20 44 
-1 -551 38 28 48 44 23 21 11 42 1 75 25 66 15 72 17 31 68 56 64 70 3 5 55 46 13 51 9 19 
-1 -551 38 28 48 44 23 21 42 1 75 25 66 15 72 31 68 56 64 70 3 5 55 46 13 51 9 19 17 12 
-2 -553 38 28 48 44 23 21 11 42 1 75 25 56 68 15 72 17 31 64 70 3 5 63 55 46 13 51 9 19 
-1 -551 38 28 48 44 23 21 42 1 75 25 55 56 68 66 31 64 70 3 5 46 72 16 13 51 9 19 17 12 
-1 -551 38 28 48 23 21 11 42 1 75 25 44 66 15 72 17 68 56 64 70 3 5 47 55 31 20 51 13 9 
-1 -551 38 28 48 44 23 21 11 42 1 75 31 17 66 15 72 68 56 64 70 14 25 3 5 55 50 46 9 19 
-1 -551 38 28 48 44 23 21 11 42 1 75 31 17 19 66 15 68 56 72 64 71 10 55 50 46 14 25 5 3 
-1 -551 38 28 48 44 23 21 42 1 75 12 17 31 66 15 72 68 56 64 70 14 25 3 5 10 55 50 46 19 
-1 -551 38 28 48 44 23 21 42 1 75 12 17 31 55 56 68 66 64 70 14 25 3 5 50 46 72 16 9 19 
-1 -551 38 28 48 23 21 11 42 1 75 44 20 31 66 15 72 17 68 56 64 70 14 25 3 5 50 47 55 9 
-1 -551 38 28 48 44 23 21 11 42 1 75 31 17 66 15 72 68 56 64 70 25 3 5 55 46 14 51 9 19 
-1 -551 38 28 48 44 23 21 42 1 75 12 17 31 55 56 68 66 64 70 25 3 5 46 72 16 14 51 9 19 
-1 -551 38 28 48 23 21 11 42 1 75 44 20 31 66 15 72 17 68 56 64 70 25 3 5 47 55 14 51 9 
-1 -551 44 26 38 48 27 13 23 21 11 42 1 75 56 66 15 72 17 31 64 70 3 5 68 54 50 46 9 19 
-1 -551 44 26 48 27 13 23 21 11 42 1 75 56 66 15 72 64 69 17 31 3 5 54 50 46 39 71 9 19 
-1 -551 44 26 48 27 13 51 23 21 11 42 1 75 56 66 15 72 64 17 31 68 54 46 39 71 9 19 5 3 
-1 -551 44 26 38 48 27 14 23 21 11 42 1 75 56 66 15 72 17 31 64 70 3 5 68 54 50 46 9 19 
-1 -551 44 26 48 27 14 23 21 11 42 1 75 31 56 66 15 72 64 69 17 3 5 54 50 46 39 71 9 19 
-1 -551 44 26 48 27 14 51 23 21 11 42 1 75 56 66 15 72 64 17 31 3 5 68 54 46 39 71 9 19 
-1 -551 44 26 38 48 27 13 23 21 11 42 1 75 66 15 72 17 31 68 56 64 70 3 5 55 50 46 9 19 
-1 -551 38 48 27 13 23 21 11 42 1 75 66 15 72 44 26 17 68 56 64 70 3 5 50 47 55 9 31 20 
-1 -551 44 26 38 48 27 13 51 23 21 11 42 1 75 66 15 72 17 31 68 56 64 70 3 5 55 46 9 19 
-1 -551 44 26 48 27 13 23 21 11 42 1 75 66 15 39 72 17 31 68 56 64 70 3 5 55 50 46 9 19 
-1 -551 44 26 48 27 13 23 21 11 42 1 75 56 66 15 72 64 69 17 31 3 5 55 50 46 39 71 9 19 
-1 -551 44 26 38 48 27 14 23 21 11 42 1 75 66 15 72 17 31 68 56 64 70 3 5 55 50 46 9 19 
-1 -551 44 26 38 48 27 14 51 23 21 11 42 1 75 66 15 72 17 31 68 56 64 70 3 5 55 46 9 19 
-1 -551 38 28 48 44 26 23 21 11 42 1 75 31 56 66 15 72 17 64 70 14 3 5 68 54 50 46 9 19 
-1 -551 38 28 48 44 26 23 21 11 42 1 75 31 56 66 15 72 17 64 70 3 5 68 54 46 14 51 9 19 
-1 -551 38 28 48 44 26 23 21 11 42 1 75 66 15 72 17 31 68 56 64 70 3 5 55 50 46 13 9 19 
-1 -551 38 28 48 44 26 23 21 11 42 1 75 66 15 72 17 31 68 56 64 70 3 5 55 46 13 51 9 19 
-1 -551 45 38 48 27 13 23 21 11 42 1 25 15 72 17 31 66 74 64 70 3 5 56 68 54 50 46 9 19 
-1 -551 45 38 48 27 13 23 21 11 42 1 25 15 72 69 17 31 74 66 64 70 3 5 56 54 50 46 9 19 
-1 -551 45 38 48 27 13 23 21 11 42 1 25 15 72 17 66 74 31 20 64 70 47 3 5 56 68 54 50 9 
-1 -551 45 38 48 27 13 51 23 21 11 42 1 25 15 72 17 31 66 74 64 70 3 5 56 68 54 46 9 19 
-1 -551 45 38 48 27 13 51 23 21 11 42 1 25 15 72 69 17 31 74 66 64 70 3 5 56 54 46 9 19 
-1 -551 45 38 48 27 13 51 23 21 11 42 1 25 15 72 17 66 74 31 20 64 70 47 3 5 56 68 54 9 
-1 -551 45 48 27 13 23 21 11 42 1 25 31 56 15 72 64 17 66 74 3 5 68 54 50 46 39 71 9 19 
-1 -551 45 48 27 13 23 21 42 1 25 56 15 72 64 31 12 17 66 74 3 5 68 54 50 46 39 71 9 19 
-1 -551 45 48 27 13 23 21 11 42 1 25 31 15 72 64 69 17 66 74 3 5 56 54 50 46 39 71 9 19 
-1 -551 45 48 27 13 51 23 21 11 42 1 25 56 15 72 64 17 31 66 74 3 5 68 54 46 39 71 9 19 
-1 -551 45 48 27 13 51 23 21 42 1 25 56 15 72 64 31 66 74 3 5 68 54 46 39 71 9 19 17 12 
-2 -553 45 48 27 13 51 23 21 11 42 1 25 56 63 15 72 64 17 31 74 3 5 68 54 46 39 71 9 19 
-1 -551 45 48 27 13 51 23 21 11 42 1 25 15 72 64 69 17 31 66 74 3 5 56 54 46 39 71 9 19 
-1 -551 45 38 48 27 14 23 21 11 42 1 31 17 15 72 66 74 64 70 25 3 5 56 68 54 50 46 9 19 
-1 -551 45 38 48 27 14 23 21 11 42 1 31 17 15 72 69 74 66 64 70 25 3 5 56 54 50 46 9 19 
-1 -551 45 38 48 27 14 23 21 11 42 1 20 31 15 72 17 66 74 64 70 47 25 3 5 56 68 54 50 9 
-1 -551 45 38 48 27 14 51 23 21 11 42 1 31 15 72 17 66 74 64 70 25 3 5 56 68 54 46 9 19 
-1 -551 45 38 48 27 14 51 23 21 11 42 1 31 15 72 69 17 74 66 64 70 25 3 5 56 54 46 9 19 
-1 -551 45 48 27 14 23 21 11 42 1 31 17 19 56 15 72 64 66 74 3 5 68 54 50 46 25 39 71 9 
-1 -551 45 48 27 14 23 21 42 1 12 17 31 56 15 72 64 66 74 3 5 68 54 50 46 39 71 25 9 19 
-1 -551 45 48 27 14 23 21 42 1 12 17 31 19 56 15 72 64 66 74 10 68 54 50 46 39 71 25 5 3 
-1 -551 45 48 27 14 51 23 21 11 42 1 31 17 56 15 72 64 66 74 3 5 68 54 46 25 39 71 9 19 
-1 -551 45 38 48 27 13 23 21 11 42 1 25 15 72 17 31 74 66 68 56 64 70 3 5 55 50 46 9 19 
-1 -551 45 38 48 27 13 23 21 11 42 1 25 15 72 69 17 31 74 66 64 70 3 5 56 55 50 46 9 19 
-1 -551 45 38 48 27 13 23 21 11 42 1 25 15 72 17 31 20 74 66 68 56 64 70 3 5 50 47 55 9 
-1 -551 45 38 48 27 13 23 21 11 42 1 25 15 72 69 17 31 20 74 66 64 70 3 5 56 50 47 55 9 
-1 -551 45 38 48 27 13 51 23 21 11 42 1 25 15 72 17 31 74 66 68 56 64 70 3 5 55 46 9 19 
-1 -551 45 38 48 27 13 51 23 21 11 42 1 25 15 72 69 17 31 74 66 64 70 3 5 56 55 46 9 19 
-1 -551 45 38 48 27 13 51 23 21 11 42 1 25 15 72 17 31 20 74 66 68 56 64 70 3 5 47 55 9 
-1 -551 45 38 48 27 13 51 23 21 11 42 1 25 15 72 69 17 31 20 74 66 64 70 3 5 56 47 55 9 
-1 -551 45 48 27 13 23 21 11 42 1 25 31 15 72 64 17 66 74 68 56 3 5 55 50 46 39 71 9 19 
-1 -551 45 48 27 13 23 21 42 1 25 15 72 64 31 12 17 66 74 68 56 3 5 55 50 46 39 71 9 19 
-1 -551 45 48 27 13 23 21 11 42 1 25 31 15 72 64 69 17 66 74 3 5 56 55 50 46 39 71 9 19 
-1 -551 45 48 27 13 23 21 42 1 25 15 72 64 69 31 12 17 66 74 3 5 56 55 50 46 39 71 9 19 
-1 -551 45 48 27 13 23 21 11 42 1 25 15 39 72 69 17 20 31 74 66 64 70 3 5 56 50 47 55 9 
-1 -551 45 48 27 13 51 23 21 11 42 1 25 15 72 64 17 31 66 74 68 56 3 5 55 46 39 71 9 19 
-1 -551 45 48 27 13 51 23 21 42 1 25 15 72 64 31 66 74 68 56 3 5 55 46 39 71 9 19 17 12 
-1 -551 45 48 27 13 51 23 21 11 42 1 25 15 72 64 69 17 31 66 74 3 5 56 55 46 39 71 9 19 
-1 -551 45 48 27 13 51 23 21 42 1 25 15 72 64 69 31 66 74 3 5 56 55 46 39 71 9 19 17 12 
-1 -551 45 38 48 27 14 23 21 11 42 1 31 17 15 72 74 66 68 56 64 70 25 3 5 55 50 46 9 19 
-1 -551 45 38 48 27 14 23 21 11 42 1 31 17 15 72 69 74 66 64 70 25 3 5 56 55 50 46 9 19 
-1 -551 45 38 48 27 14 23 21 11 42 1 20 31 15 72 17 74 66 68 56 64 70 25 3 5 50 47 55 9 
-1 -551 45 38 48 27 14 23 21 11 42 1 20 31 15 72 69 17 74 66 64 70 25 3 5 56 50 47 55 9 
-1 -551 45 38 48 27 14 51 23 21 11 42 1 31 15 72 17 74 66 68 56 64 70 25 3 5 55 46 9 19 
-1 -551 45 38 48 27 14 51 23 21 11 42 1 31 15 72 69 17 74 66 64 70 25 3 5 56 55 46 9 19 
-1 -551 45 38 48 27 14 51 23 21 42 1 12 17 56 69 31 66 74 64 70 25 3 5 55 46 72 16 9 19 
-1 -551 45 48 27 14 23 21 11 42 1 31 17 19 15 72 64 66 74 68 56 3 5 55 50 46 25 39 71 9 
-1 -551 45 48 27 14 23 21 42 1 12 17 31 15 72 64 66 74 68 56 3 5 55 50 46 39 71 25 9 19 
-1 -551 45 39 71 48 27 14 23 21 42 1 12 17 56 68 64 31 55 66 74 50 46 72 16 5 3 25 9 19 
-1 -551 45 48 27 14 23 21 11 42 1 31 17 19 15 72 64 69 66 74 3 5 56 55 50 46 25 39 71 9 
-1 -551 45 48 27 14 23 21 42 1 12 17 31 15 72 64 69 66 74 3 5 56 55 50 46 39 71 25 9 19 
-1 -551 45 39 71 48 27 14 23 21 11 42 1 31 17 56 64 69 55 66 74 50 46 72 16 5 3 25 9 19 
-1 -551 45 48 27 14 23 21 11 42 1 20 31 17 15 39 72 69 74 66 64 70 25 3 5 56 50 47 55 9 
-1 -551 45 48 27 14 51 23 21 11 42 1 31 17 15 72 64 66 74 68 56 3 5 55 46 25 39 71 9 19 
-1 -551 45 48 27 14 51 23 21 11 42 1 31 17 15 72 64 69 66 74 3 5 56 55 46 25 39 71 9 19 
-1 -551 45 38 28 48 23 21 11 42 1 25 31 15 72 17 66 74 64 70 3 5 56 68 54 50 46 13 9 19 
-1 -551 45 38 28 48 23 21 11 42 1 25 31 15 72 69 17 74 66 64 70 3 5 56 54 50 46 13 9 19 
-1 -551 45 38 28 48 23 21 11 42 1 25 31 15 72 17 66 74 64 70 3 5 56 68 54 46 51 13 9 19 
-2 -553 45 38 28 48 23 21 11 42 1 25 31 63 15 72 17 74 64 70 3 5 56 68 54 46 51 13 9 19 
-1 -551 45 38 28 48 23 21 11 42 1 25 31 15 72 69 17 74 66 64 70 3 5 56 54 46 51 13 9 19 
-2 -553 45 38 28 48 23 21 11 42 1 25 31 63 15 72 69 17 74 64 70 3 5 56 54 46 51 13 9 19 
-1 -551 45 38 28 48 23 21 11 42 1 31 17 19 15 72 66 74 64 70 14 25 3 5 56 68 54 50 46 9 
-1 -551 45 38 28 48 23 21 11 42 1 31 17 19 15 72 69 74 66 64 70 14 25 3 5 56 54 50 46 9 
-1 -551 45 38 28 48 23 21 11 42 1 31 17 19 15 72 66 74 64 70 51 14 25 3 5 56 68 54 46 9 
-1 -551 45 38 28 48 23 21 11 42 1 31 17 19 15 72 69 74 66 64 70 51 14 25 3 5 56 54 46 9 
-1 -551 45 38 28 48 23 21 11 42 1 25 31 15 72 17 74 66 68 56 64 70 3 5 55 50 46 13 9 19 
-1 -551 45 38 28 48 23 21 11 42 1 25 31 15 72 69 17 74 66 64 70 3 5 56 55 50 46 13 9 19 
-1 -551 45 38 28 48 23 21 11 42 1 25 31 15 72 17 74 66 68 56 64 70 3 5 55 46 51 13 9 19 
-2 -553 45 38 28 48 23 21 11 42 1 25 31 15 72 17 74 68 56 64 70 3 5 63 55 46 51 13 9 19 
-1 -551 45 38 28 48 23 21 11 42 1 25 31 15 72 69 17 74 66 64 70 3 5 56 55 46 51 13 9 19 
-1 -551 45 38 28 48 23 21 11 42 1 31 17 19 15 72 74 66 68 56 64 70 14 25 3 5 55 50 46 9 
-1 -551 45 38 28 48 23 21 11 42 1 31 17 19 15 72 69 74 66 64 70 14 25 3 5 56 55 50 46 9 
-1 -551 45 38 28 48 23 21 11 42 1 31 17 19 15 72 74 66 68 56 64 70 51 14 25 3 5 55 46 9 
-1 -551 45 38 28 48 23 21 42 1 12 17 31 19 56 68 66 74 64 70 51 14 25 3 5 55 46 72 16 9 
-1 -551 45 38 28 48 23 21 11 42 1 31 17 19 15 72 69 74 66 64 70 51 14 25 3 5 56 55 46 9 
-1 -551 45 38 48 27 13 23 21 11 42 1 26 15 72 69 17 31 74 66 64 70 3 5 56 54 50 46 9 19 
-1 -551 45 38 48 27 13 23 21 11 42 1 15 72 26 17 20 31 66 74 64 70 47 3 5 56 68 54 50 9 
-1 -551 45 48 27 13 23 21 11 42 1 26 31 56 15 72 64 17 66 74 3 5 68 54 50 46 39 71 9 19 
-1 -551 45 38 48 27 14 23 21 11 42 1 26 31 15 72 69 17 74 66 64 70 3 5 56 54 50 46 9 19 
-1 -551 45 38 48 27 14 23 21 11 42 1 20 31 15 72 26 17 66 74 64 70 47 3 5 56 68 54 50 9 
-1 -551 45 48 27 14 23 21 11 42 1 26 31 17 56 15 72 64 66 74 3 5 68 54 50 46 39 71 9 19 
-1 -551 45 38 48 27 13 23 21 11 42 1 26 15 72 69 17 31 74 66 64 70 3 5 56 55 50 46 9 19 
-1 -551 45 48 27 13 23 21 11 42 1 26 31 15 72 64 17 66 74 68 56 3 5 55 50 46 39 71 9 19 
-1 -551 45 38 48 27 14 23 21 11 42 1 26 31 15 72 69 17 74 66 64 70 3 5 56 55 50 46 9 19 
-1 -551 45 48 27 14 23 21 11 42 1 26 31 17 15 72 64 66 74 68 56 3 5 55 50 46 39 71 9 19 
-1 -551 45 38 28 48 23 21 11 42 1 26 31 15 72 17 66 74 64 70 3 5 56 68 54 50 46 13 9 19 
-1 -551 45 38 28 48 23 21 11 42 1 26 31 15 72 69 17 74 66 64 70 3 5 56 54 50 46 13 9 19 
-1 -551 45 38 28 48 23 21 11 42 1 26 31 17 15 72 66 74 64 70 14 3 5 56 68 54 50 46 9 19 
-1 -551 45 38 28 48 23 21 11 42 1 26 31 17 15 72 69 74 66 64 70 14 3 5 56 54 50 46 9 19 
-1 -551 45 38 28 48 23 21 11 42 1 26 31 15 72 17 74 66 68 56 64 70 3 5 55 50 46 13 9 19 
-1 -551 45 38 28 48 23 21 11 42 1 26 31 15 72 69 17 74 66 64 70 3 5 56 55 50 46 13 9 19 
-1 -551 45 38 28 48 23 21 11 42 1 26 31 17 15 72 74 66 68 56 64 70 14 3 5 55 50 46 9 19 
-1 -551 45 38 28 48 23 21 11 42 1 26 31 17 15 72 69 74 66 64 70 14 3 5 56 55 50 46 9 19 
-1 -551 45 38 48 27 13 23 21 11 42 1 75 25 56 66 15 72 17 31 64 70 3 5 68 54 50 46 9 19 
-1 -551 45 38 48 27 13 23 21 11 42 1 75 25 66 15 72 69 17 64 70 47 3 5 56 54 50 9 31 20 
-1 -551 45 38 48 27 13 51 23 21 11 42 1 75 56 66 15 72 17 31 64 70 25 3 5 68 54 46 9 19 
-1 -551 45 38 48 27 13 51 23 21 11 42 1 75 66 15 72 69 17 64 70 47 25 3 5 56 54 9 31 20 
-1 -551 45 48 27 13 23 21 11 42 1 75 25 56 66 15 39 72 17 31 64 70 3 5 68 54 50 46 9 19 
-1 -551 45 48 27 13 23 21 11 42 1 75 25 56 66 15 72 64 17 31 3 5 68 54 50 46 39 71 9 19 
-1 -551 45 48 27 13 23 21 11 42 1 75 25 56 66 15 72 64 69 17 31 3 5 54 50 46 39 71 9 19 
-1 -551 45 48 27 13 23 21 42 1 75 25 56 66 15 72 64 69 31 3 5 54 50 46 39 71 9 19 17 12 
-1 -551 45 48 27 13 51 23 21 11 42 1 75 25 56 66 15 72 64 17 31 68 54 46 39 71 9 19 5 3 
-1 -551 45 48 27 13 51 23 21 11 42 1 75 25 56 66 15 72 64 69 17 31 54 46 39 71 9 19 5 3 
-1 -551 45 38 48 27 14 23 21 11 42 1 75 31 56 66 15 72 17 64 70 25 3 5 68 54 50 46 9 19 
-1 -551 45 38 48 27 14 23 21 11 42 1 75 66 15 72 69 17 20 31 64 70 47 25 3 5 56 54 50 9 
-1 -551 45 38 48 27 14 51 23 21 11 42 1 75 56 66 15 72 17 31 64 70 25 3 5 68 54 46 9 19 
-1 -551 45 38 48 27 14 51 23 21 11 42 1 75 66 15 72 69 17 64 70 47 25 3 5 56 54 9 31 20 
-1 -551 45 48 27 14 23 21 11 42 1 75 31 17 56 66 15 39 72 64 70 25 3 5 68 54 50 46 9 19 
-1 -551 45 48 27 14 23 21 11 42 1 75 31 17 56 66 15 72 64 69 3 5 54 50 46 25 39 71 9 19 
-1 -551 45 48 27 14 23 21 42 1 75 12 17 56 66 15 72 64 69 31 3 5 54 50 46 39 71 25 9 19 
-1 -551 45 48 27 14 51 23 21 11 42 1 75 31 56 66 15 72 64 69 17 3 5 54 46 25 39 71 9 19 
-1 -551 45 38 48 27 13 23 21 11 42 1 75 25 66 15 72 17 31 68 56 64 70 3 5 55 50 46 9 19 
-1 -551 45 38 48 27 13 23 21 11 42 1 75 25 66 15 72 69 17 31 64 70 3 5 56 55 50 46 9 19 
-1 -551 45 38 48 27 13 51 23 21 11 42 1 75 66 15 72 17 31 68 56 64 70 25 3 5 55 46 9 19 
-1 -551 45 38 48 27 13 51 23 21 11 42 1 75 66 15 72 69 17 31 64 70 25 3 5 56 55 46 9 19 
-1 -551 45 48 27 13 23 21 11 42 1 75 25 56 68 66 15 72 64 17 31 3 5 55 50 46 39 71 9 19 
-1 -551 45 48 27 13 23 21 42 1 75 25 56 68 66 15 72 64 31 3 5 55 50 46 39 71 9 19 17 12 
-1 -551 45 48 27 13 23 21 11 42 1 75 25 56 66 15 72 64 69 17 31 3 5 55 50 46 39 71 9 19 
-1 -551 45 48 27 13 51 23 21 11 42 1 75 25 56 68 66 15 72 64 17 31 55 46 39 71 9 19 5 3 
-1 -551 45 38 48 27 14 23 21 11 42 1 75 31 66 15 72 17 68 56 64 70 25 3 5 55 50 46 9 19 
-1 -551 45 38 48 27 14 23 21 11 42 1 75 31 66 15 72 69 17 64 70 25 3 5 56 55 50 46 9 19 
-1 -551 45 38 48 27 14 51 23 21 11 42 1 75 66 15 72 17 31 68 56 64 70 25 3 5 55 46 9 19 
-1 -551 45 38 48 27 14 51 23 21 11 42 1 75 66 15 72 69 17 31 64 70 25 3 5 56 55 46 9 19 
-1 -551 45 48 27 14 23 21 11 42 1 75 31 17 56 68 66 15 72 64 3 5 55 50 46 25 39 71 9 19 
-1 -551 45 48 27 14 23 21 11 42 1 75 31 17 56 66 15 72 64 69 3 5 55 50 46 25 39 71 9 19 
-1 -551 45 38 48 27 13 23 42 1 25 31 17 15 72 66 74 64 70 3 5 56 68 54 50 46 11 9 19 22 
-1 -551 45 38 48 27 13 23 42 1 25 15 72 31 12 17 66 74 64 70 3 5 56 68 54 50 46 9 19 22 
-1 -551 45 38 48 27 13 51 23 42 1 25 15 72 31 66 74 64 70 3 5 56 68 54 46 9 19 22 17 12 
-1 -551 45 38 48 27 13 24 42 1 25 32 17 15 72 69 74 66 64 70 3 5 56 54 50 46 11 9 19 22 
-1 -551 45 38 48 27 13 51 24 42 1 25 15 72 69 32 17 74 66 64 70 3 5 56 54 46 11 9 19 22 
-1 -551 45 38 48 27 13 24 42 1 25 32 17 15 69 66 74 64 70 3 5 56 54 50 73 46 11 9 19 22 
-1 -551 45 48 27 13 23 42 1 25 31 17 22 15 39 72 66 74 64 70 3 5 56 68 54 50 46 11 9 19 
-1 -551 45 48 27 13 23 42 1 25 12 17 15 39 72 31 66 74 64 70 3 5 56 68 54 50 46 9 19 22 
-1 -551 45 48 27 13 24 1 43 25 31 17 22 15 39 72 66 74 64 70 3 5 56 68 54 50 46 11 9 19 
-1 -551 45 48 27 13 1 43 25 24 12 17 15 39 72 31 66 74 64 70 3 5 56 68 54 50 46 9 19 22 
-1 -551 45 38 48 27 14 23 42 1 31 17 22 19 15 72 66 74 64 70 25 3 5 56 68 54 50 46 11 9 
-1 -551 45 38 48 27 14 23 42 1 12 17 31 22 15 72 66 74 64 70 25 3 5 10 56 68 54 50 46 19 
-1 -551 45 38 48 27 14 51 23 42 1 31 17 22 15 72 66 74 64 70 25 3 5 56 68 54 46 11 9 19 
-1 -551 45 38 48 27 14 24 42 1 31 17 22 19 9 56 69 66 74 64 70 25 3 5 54 50 46 72 16 11 
-1 -551 45 43 1 48 27 14 24 31 17 22 19 9 15 39 72 66 74 64 70 25 3 5 56 68 54 50 46 11 
-1 -551 45 43 1 48 27 14 51 24 31 17 22 19 15 39 72 66 74 64 70 25 3 5 56 68 54 46 11 9 
-1 -551 45 38 48 31 20 27 14 23 42 1 12 9 56 68 54 64 70 25 3 5 50 46 66 74 18 22 72 16 
-1 -551 45 48 27 13 23 42 1 25 31 17 15 39 72 74 66 68 56 64 70 3 5 50 46 11 9 19 22 55 
-1 -551 45 48 27 14 51 23 42 1 31 17 22 55 15 39 72 74 66 68 56 64 70 25 3 5 46 11 9 19 
-1 -551 45 38 28 48 23 42 1 25 31 17 22 15 72 66 74 64 70 3 5 56 68 54 50 46 13 11 9 19 
-1 -551 45 38 28 48 23 42 1 25 12 17 15 72 31 66 74 64 70 3 5 56 68 54 50 46 13 9 19 22 
-1 -551 45 38 28 48 23 42 1 25 12 17 15 72 31 66 74 64 70 3 5 56 68 54 46 51 13 9 19 22 
-1 -551 45 38 28 48 24 42 1 25 31 17 22 15 72 66 74 64 70 3 5 56 68 54 50 46 13 11 9 19 
-1 -551 45 38 28 48 42 1 25 24 12 17 15 72 31 66 74 64 70 3 5 56 68 54 50 46 13 9 19 22 
-1 -551 45 38 28 48 24 42 1 25 31 17 22 15 72 69 74 66 64 70 3 5 56 54 50 46 13 11 9 19 
-1 -551 45 38 28 48 42 1 25 24 12 17 15 72 31 66 74 64 70 3 5 56 68 54 46 51 13 9 19 22 
-1 -551 45 38 28 48 24 42 1 25 31 17 22 15 72 69 74 66 64 70 3 5 56 54 46 51 13 11 9 19 
-1 -551 45 38 28 23 42 49 1 25 31 17 22 15 72 66 74 64 70 3 5 56 68 54 50 46 13 11 9 19 
-1 -551 45 38 28 48 23 42 1 31 17 22 19 9 15 72 66 74 64 70 14 25 3 5 56 68 54 50 46 11 
-1 -551 45 38 28 48 23 42 1 12 17 31 22 15 72 66 74 64 70 14 25 3 5 56 68 54 50 46 9 19 
-1 -551 45 38 28 48 23 42 1 12 17 31 22 19 56 66 74 64 70 14 25 3 5 68 54 50 46 72 16 9 
-1 -551 45 38 28 48 23 42 1 31 17 22 19 9 15 72 66 74 64 70 51 14 25 3 5 56 68 54 46 11 
-1 -551 45 38 28 48 24 42 1 31 17 22 19 9 15 72 66 74 64 70 14 25 3 5 56 68 54 50 46 11 
-1 -551 45 38 28 48 42 1 24 12 17 31 22 15 72 66 74 64 70 14 25 3 5 56 68 54 50 46 9 19 
-1 -551 45 38 28 48 42 1 24 12 17 31 22 19 56 66 74 64 70 14 25 3 5 68 54 50 46 72 16 9 
-1 -551 45 38 28 48 24 42 1 31 17 22 19 9 15 72 69 74 66 64 70 14 25 3 5 56 54 50 46 11 
-1 -551 45 38 28 48 24 42 1 31 17 22 19 9 56 69 66 74 64 70 14 25 3 5 54 50 46 72 16 11 
-1 -551 45 38 28 48 24 42 1 31 17 22 19 9 15 72 66 74 64 70 51 14 25 3 5 56 68 54 46 11 
-1 -551 45 38 28 23 42 49 1 31 17 22 19 9 15 72 66 74 64 70 14 25 3 5 56 68 54 50 46 11 
-1 -551 45 38 28 48 23 42 1 25 31 17 15 72 74 66 68 56 64 70 3 5 50 46 13 11 9 19 22 55 
-1 -551 45 38 28 48 23 42 1 25 12 17 15 72 31 74 66 68 56 64 70 3 5 50 46 13 9 19 22 55 
-1 -551 45 38 28 48 23 42 1 25 12 17 15 72 31 74 66 68 56 64 70 3 5 46 51 13 9 19 22 55 
-1 -551 45 38 28 48 23 42 1 31 17 22 55 19 15 72 74 66 68 56 64 70 14 25 3 5 50 46 11 9 
-1 -551 45 38 28 48 23 42 1 12 17 31 15 72 74 66 68 56 64 70 14 25 3 5 50 46 9 19 22 55 
-1 -551 45 38 28 48 23 42 1 12 17 31 22 55 56 68 66 74 64 70 14 25 3 5 50 46 72 16 9 19 
-1 -551 45 38 28 48 23 42 1 31 17 22 55 19 15 72 74 66 68 56 64 70 51 14 25 3 5 46 11 9 
-1 -551 45 38 48 27 13 23 42 1 26 31 17 15 72 66 74 64 70 3 5 56 68 54 50 46 11 9 19 22 
-1 -551 45 48 27 13 23 42 1 26 31 17 22 15 39 72 66 74 64 70 3 5 56 68 54 50 46 11 9 19 
-1 -551 45 38 28 48 23 42 1 26 31 17 22 15 72 66 74 64 70 3 5 56 68 54 50 46 13 11 9 19 
-1 -551 45 38 28 48 23 42 1 26 31 17 22 19 15 72 66 74 64 70 14 3 5 56 68 54 50 46 11 9 
-1 -551 45 38 48 27 13 23 42 1 75 25 31 56 66 15 72 17 64 70 3 5 68 54 50 46 11 9 19 22 
-1 -551 45 38 48 27 13 51 23 42 1 75 25 56 66 15 72 17 31 64 70 3 5 68 54 46 11 9 19 22 
-1 -551 45 48 27 13 23 42 1 75 25 31 17 56 66 15 39 72 64 70 3 5 68 54 50 46 11 9 19 22 
-1 -551 45 48 27 13 51 23 42 1 75 25 31 56 66 15 39 72 17 64 70 3 5 68 54 46 11 9 19 22 
-1 -551 45 38 48 27 14 23 42 1 75 31 17 22 56 66 15 72 64 70 25 3 5 68 54 50 46 11 9 19 
-1 -551 45 38 48 27 14 51 23 42 1 75 31 17 56 66 15 72 64 70 25 3 5 68 54 46 11 9 19 22 
-1 -551 45 48 27 14 23 42 1 75 31 17 22 19 56 66 15 39 72 64 70 25 3 5 68 54 50 46 11 9 
-1 -551 45 38 48 27 13 23 42 1 75 25 31 66 15 72 17 68 56 64 70 3 5 50 46 11 9 19 22 55 
-1 -551 45 38 48 27 13 23 42 1 75 25 66 15 72 31 68 56 64 70 3 5 50 46 9 19 22 55 17 12 
-1 -551 45 38 48 27 13 23 42 1 75 25 56 68 66 31 64 70 3 5 50 46 72 16 9 19 22 55 17 12 
-1 -551 45 38 48 27 13 23 42 1 75 25 31 66 15 72 69 17 64 70 3 5 56 50 46 11 9 19 22 55 
-1 -551 45 38 48 27 13 51 23 42 1 75 25 66 15 72 17 31 68 56 64 70 3 5 46 11 9 19 22 55 
-1 -551 45 38 48 27 13 51 23 42 1 75 25 66 15 72 31 68 56 64 70 3 5 46 9 19 22 55 17 12 
-1 -551 45 38 48 27 13 51 23 42 1 75 25 66 15 72 69 17 31 64 70 3 5 56 46 11 9 19 22 55 
-1 -551 45 48 27 13 23 42 1 75 25 31 17 66 15 39 72 68 56 64 70 3 5 50 46 11 9 19 22 55 
-1 -551 45 48 27 13 23 42 1 75 25 31 17 56 68 66 15 72 64 3 5 50 46 39 71 11 9 19 22 55 
-1 -551 45 38 48 27 14 23 42 1 75 31 17 66 15 72 68 56 64 70 25 3 5 50 46 11 9 19 22 55 
-1 -551 45 38 48 27 14 23 42 1 75 31 17 66 15 72 69 64 70 25 3 5 56 50 46 11 9 19 22 55 
-1 -551 45 38 48 27 14 23 42 1 75 31 17 22 55 56 66 69 64 70 25 3 5 50 46 72 16 11 9 19 
-1 -551 45 38 48 27 14 51 23 42 1 75 31 17 66 15 72 68 56 64 70 25 3 5 46 11 9 19 22 55 
-1 -551 45 38 48 27 14 51 23 42 1 75 31 17 66 15 72 69 64 70 25 3 5 56 46 11 9 19 22 55 
-1 -551 45 48 27 14 23 42 1 75 31 17 22 55 66 15 39 72 68 56 64 70 25 3 5 50 46 11 9 19 
-1 -551 45 38 28 48 23 42 1 75 25 31 17 66 15 72 68 56 64 70 3 5 50 46 13 11 9 19 22 55 
-1 -551 45 38 28 48 23 42 1 75 25 31 17 66 15 72 69 64 70 3 5 56 50 46 13 11 9 19 22 55 
-1 -551 45 38 28 48 23 42 1 75 31 17 22 55 66 15 72 68 56 64 70 14 25 3 5 50 46 11 9 19 
-1 -551 45 38 48 27 13 23 42 1 75 26 31 56 66 15 72 17 64 70 3 5 68 54 50 46 11 9 19 22 
-1 -551 45 38 48 27 14 23 42 1 75 26 31 17 56 66 15 72 64 70 3 5 68 54 50 46 11 9 19 22 
-1 -551 44 42 38 48 27 13 23 21 11 2 15 72 69 17 31 74 66 64 70 25 3 5 56 54 50 46 9 19 
-1 -551 44 42 38 48 27 13 23 21 2 25 56 69 31 66 74 64 70 3 5 54 50 46 72 16 9 19 17 12 
-1 -551 44 42 38 48 27 13 51 23 21 11 2 15 72 69 17 31 74 66 64 70 25 3 5 56 54 46 9 19 
-1 -551 44 42 38 48 27 13 23 21 11 2 15 56 17 31 67 74 64 70 5 3 25 68 54 50 73 46 9 19 
-1 -551 44 42 38 48 27 13 23 21 11 2 15 56 67 74 70 5 3 25 68 54 65 50 73 46 9 19 17 31 
-1 -551 42 38 48 27 13 23 21 11 2 15 25 17 67 73 74 31 20 44 64 70 47 5 3 56 68 54 50 9 
-1 -551 42 38 48 27 13 23 21 2 15 25 67 3 5 73 74 31 20 44 64 70 47 56 68 54 50 9 17 12 
-1 -551 44 42 38 48 27 13 51 23 21 11 2 15 56 17 31 67 74 64 70 5 3 25 68 54 73 46 9 19 
-1 -551 44 42 38 48 27 13 51 23 21 2 15 56 31 67 74 64 70 5 3 25 68 54 73 46 9 19 17 12 
-1 -551 44 42 38 48 27 13 51 23 21 11 2 15 56 67 74 70 5 3 25 68 54 65 73 46 9 19 17 31 
-1 -551 42 38 48 27 13 51 23 21 11 2 15 17 67 73 74 31 20 44 64 70 47 5 3 25 56 68 54 9 
-1 -551 44 24 42 38 48 27 13 21 2 15 25 56 31 66 74 64 70 3 5 68 54 50 73 46 9 19 17 12 
-1 -551 44 24 42 38 48 27 13 21 2 15 25 56 31 66 74 64 70 3 5 10 68 54 50 73 46 19 17 12 
-1 -551 44 24 42 38 48 27 13 21 11 2 15 56 66 74 70 25 3 5 68 54 65 50 73 46 9 19 17 31 
-1 -551 44 24 38 48 27 13 21 11 2 15 25 56 66 74 70 3 5 68 54 65 50 73 46 43 9 19 17 31 
-1 -551 44 24 42 38 48 27 13 21 11 2 25 56 17 31 66 74 64 70 3 5 68 54 50 73 46 16 9 19 
-1 -551 44 24 42 38 48 27 13 21 2 25 56 31 66 74 64 70 3 5 68 54 50 73 46 16 9 19 17 12 
-1 -551 44 24 38 48 27 13 21 11 2 15 25 69 17 31 66 74 64 70 3 5 56 54 50 73 46 43 9 19 
-1 -551 44 24 38 48 27 13 21 11 2 15 25 69 17 31 66 74 64 70 3 5 54 57 50 73 46 43 9 19 
-1 -551 44 24 42 38 48 27 13 21 11 2 15 56 66 74 69 17 31 70 25 3 5 54 65 50 73 46 9 19 
-1 -551 44 24 38 48 27 13 21 11 2 15 25 56 66 74 69 17 31 70 3 5 54 65 50 73 46 43 9 19 
-1 -551 44 24 42 38 48 27 13 21 11 2 25 56 69 17 31 66 74 64 70 3 5 54 50 73 46 16 9 19 
-1 -551 44 24 42 38 48 27 13 21 2 25 56 69 31 66 74 64 70 3 5 54 50 73 46 16 9 19 17 12 
-1 -551 44 24 38 48 27 13 21 11 2 25 54 56 66 74 69 17 31 70 3 5 65 50 73 46 43 16 9 19 
-1 -551 42 38 48 27 13 24 44 21 11 2 15 17 66 74 31 20 73 64 70 47 25 3 5 56 68 54 50 9 
-1 -551 38 48 27 13 24 44 21 11 2 15 25 17 66 74 31 20 73 64 70 47 3 5 56 68 54 50 43 9 
-1 -551 42 38 48 27 13 21 2 15 25 66 74 31 20 24 44 73 64 70 47 3 5 56 68 54 50 9 17 12 
-1 -551 38 48 27 13 21 2 15 25 24 44 66 74 31 20 73 64 70 47 3 5 56 68 54 50 43 9 17 12 
-1 -551 42 38 48 27 13 24 44 21 11 2 15 56 66 74 73 70 47 25 3 5 68 54 65 50 9 17 20 31 
-1 -551 42 38 48 27 13 24 44 21 11 2 15 69 17 66 74 31 20 73 70 47 25 3 5 56 54 65 50 9 
-1 -551 44 24 42 38 48 27 13 51 21 11 2 15 56 66 74 70 25 3 5 68 54 65 73 46 9 19 17 31 
-1 -551 44 24 42 38 48 27 13 51 21 11 2 15 56 66 74 69 17 31 70 25 3 5 54 65 73 46 9 19 
-1 -551 44 24 38 48 27 13 51 21 11 2 15 56 66 74 69 17 31 70 25 3 5 54 65 73 46 43 9 19 
-1 -551 42 38 48 27 13 51 24 44 21 11 2 15 17 66 74 31 20 73 64 70 47 25 3 5 56 68 54 9 
-1 -551 38 48 27 13 51 24 44 21 11 2 15 17 66 74 31 20 73 64 70 47 25 3 5 56 68 54 43 9 
-1 -551 42 38 48 27 13 51 21 2 15 25 66 74 31 20 73 64 70 47 3 5 56 68 54 9 17 12 44 24 
-1 -551 42 38 48 27 13 51 24 44 21 11 2 15 56 66 74 73 70 47 25 3 5 68 54 65 9 17 20 31 
-1 -551 44 24 42 38 33 48 27 13 21 2 15 72 66 74 64 70 25 3 5 56 68 54 50 46 9 19 17 12 
-1 -551 44 24 42 38 33 48 27 13 21 11 2 15 56 72 66 74 70 25 3 5 68 54 65 50 46 9 19 17 
-1 -551 44 24 42 38 33 48 27 13 21 11 2 56 17 66 74 64 70 25 3 5 68 54 50 46 72 16 9 19 
-1 -551 44 24 42 38 33 48 27 13 51 21 2 15 72 66 74 64 70 25 3 5 56 68 54 46 9 19 17 12 
-1 -551 44 24 42 38 33 48 27 13 51 21 2 56 66 74 64 70 25 3 5 68 54 46 72 16 9 19 17 12 
-1 -551 44 42 38 33 48 27 13 23 21 11 2 15 56 17 67 74 64 70 5 3 25 68 54 50 73 46 9 19 
-1 -551 44 24 42 38 33 48 27 13 21 2 15 56 66 74 64 70 25 3 5 68 54 50 73 46 9 19 17 12 
-1 -551 44 24 42 38 33 48 27 13 21 2 15 56 66 74 64 70 25 3 5 10 68 54 50 73 46 19 17 12 
-1 -551 44 24 38 33 48 27 13 21 2 15 25 56 66 74 64 70 3 5 68 54 50 73 46 43 9 19 17 12 
-1 -551 44 24 42 38 33 48 27 13 21 11 2 15 56 66 74 70 25 3 5 68 54 65 50 73 46 9 19 17 
-1 -551 42 38 33 48 27 13 21 2 15 25 66 74 20 73 64 70 47 3 5 56 68 54 50 9 17 12 44 24 
-1 -551 44 42 39 2 71 48 27 13 23 21 25 54 56 64 69 31 66 74 50 46 72 16 9 19 17 12 5 3 
-1 -551 44 24 42 48 27 13 21 11 2 39 71 15 56 64 17 31 66 74 68 54 50 73 46 9 19 5 3 25 
-1 -551 44 24 48 27 13 21 11 2 39 71 15 56 64 17 31 66 74 68 54 50 73 46 43 9 19 5 3 25 
-1 -551 44 24 48 27 13 21 2 39 71 15 25 56 64 31 66 74 68 54 50 73 46 43 9 19 17 12 5 3 
-1 -551 44 24 42 39 2 71 48 27 13 21 11 56 54 68 64 17 31 66 74 50 73 46 16 9 19 5 3 25 
-1 -551 44 24 39 2 71 48 27 13 21 11 25 56 54 68 64 17 31 66 74 50 73 46 43 16 9 19 5 3 
-1 -551 44 24 42 39 2 71 48 27 13 21 25 56 54 68 64 31 66 74 50 73 46 16 9 19 17 12 5 3 
-1 -551 44 24 39 2 71 48 27 13 21 25 56 54 68 64 31 66 74 3 5 50 73 46 43 16 9 19 17 12 
-1 -551 44 24 48 27 13 21 11 2 39 15 25 69 17 31 66 74 64 70 3 5 56 54 50 73 46 43 9 19 
-1 -551 44 24 48 27 13 21 11 2 39 15 25 56 66 74 69 17 31 70 3 5 54 65 50 73 46 43 9 19 
-1 -551 44 24 39 2 71 48 27 13 21 11 25 54 56 64 69 17 31 66 74 50 73 46 43 16 9 19 5 3 
-1 -551 44 24 42 39 2 71 48 27 13 21 25 54 56 64 69 31 66 74 50 73 46 16 9 19 17 12 5 3 
-1 -551 44 24 42 39 2 71 48 27 13 21 11 54 56 66 74 69 17 31 65 50 73 46 16 9 19 5 3 25 
-1 -551 44 24 42 48 27 13 51 21 11 2 39 71 56 15 64 17 31 66 74 68 54 73 46 9 19 5 3 25 
-1 -551 44 24 48 27 13 51 21 11 2 39 71 15 56 64 17 31 66 74 68 54 73 46 43 9 19 5 3 25 
-1 -551 44 24 42 48 27 13 51 21 2 39 71 15 56 54 68 66 74 65 73 46 9 19 31 17 12 5 3 25 
-1 -551 44 24 42 39 2 71 48 27 13 51 21 56 54 68 64 31 66 74 73 46 16 9 19 17 12 5 3 25 
-1 -551 44 24 42 39 2 71 48 27 13 51 21 54 56 64 69 31 66 74 73 46 16 9 19 17 12 5 3 25 
-6 -553 -578 44 24 42 38 27 13 37 65 21 11 2 15 56 74 69 17 31 70 25 3 5 54 50 73 46 9 19 
-1 -551 42 38 48 31 20 27 13 23 21 2 25 54 56 69 64 70 3 5 50 46 72 16 44 66 74 18 9 12 
-1 -551 42 38 48 31 20 27 13 24 44 21 11 2 56 68 54 64 70 25 3 5 50 73 46 16 66 74 18 9 
-1 -551 42 38 48 31 20 27 13 21 2 25 56 68 54 64 70 3 5 50 73 46 16 66 74 18 9 12 44 24 
-1 -551 42 38 48 31 20 27 13 24 44 21 11 2 56 68 54 73 64 70 47 25 3 5 50 16 66 74 18 9 
-1 -551 42 38 48 31 20 27 13 24 44 21 11 2 54 56 69 64 70 25 3 5 50 73 46 16 66 74 18 9 
-1 -551 42 38 48 31 20 27 13 21 2 25 54 56 69 64 70 3 5 50 73 46 16 66 74 18 9 12 44 24 
-1 -551 42 38 48 31 20 27 13 24 44 21 11 2 54 56 69 73 64 70 47 25 3 5 50 16 66 74 18 9 
-1 -551 42 38 33 48 27 13 21 2 25 56 68 54 64 70 3 5 50 46 72 16 20 24 44 66 74 18 9 12 
-1 -551 42 38 33 48 27 13 51 21 2 25 56 68 54 64 70 3 5 46 72 16 20 66 74 18 9 12 44 24 
-1 -551 42 39 2 71 48 31 20 27 13 23 21 50 54 56 64 69 46 72 16 44 66 74 18 9 12 5 3 25 
-1 -551 42 39 2 71 48 31 20 27 13 24 44 21 11 50 56 68 54 64 73 46 16 66 74 18 9 5 3 25 
-1 -551 42 39 2 71 48 31 20 27 13 24 44 21 11 50 54 56 64 69 73 46 16 66 74 18 9 5 3 25 
-1 -551 44 24 42 49 38 27 13 21 11 2 15 56 72 66 74 70 25 3 5 68 54 65 50 46 9 19 17 31 
-1 -551 44 24 42 49 38 27 13 21 11 2 15 69 17 31 66 74 64 70 25 3 5 56 54 50 73 46 9 19 
-1 -551 44 24 42 49 38 33 27 13 25 21 11 2 15 72 17 4 66 74 64 70 5 56 68 54 50 46 9 19 
-1 -551 44 42 38 48 27 14 23 21 11 2 15 72 69 17 31 74 66 64 70 25 3 5 56 54 50 46 9 19 
-1 -551 44 42 38 48 27 14 23 21 2 12 17 31 56 69 66 74 64 70 25 3 5 54 50 46 72 16 9 19 
-1 -551 44 42 38 48 27 14 51 23 21 11 2 15 72 69 17 31 74 66 64 70 25 3 5 56 54 46 9 19 
-1 -553 44 42 38 48 27 14 51 23 21 2 71 19 56 46 64 69 31 12 17 74 72 16 5 3 25 9 54 8 
-1 -551 44 24 42 38 48 27 14 21 11 2 15 56 66 74 69 17 31 70 25 3 5 54 65 50 73 46 9 19 
-1 -551 44 24 43 38 48 27 14 21 11 2 15 56 66 74 69 17 31 70 25 3 5 54 65 50 73 46 9 19 
-1 -551 44 24 42 38 48 27 14 21 11 2 31 17 56 69 66 74 64 70 25 3 5 54 50 73 46 16 9 19 
-1 -551 44 24 42 38 48 27 14 21 2 12 17 31 56 69 66 74 64 70 25 3 5 54 50 73 46 16 9 19 
-1 -551 44 24 43 38 48 27 14 21 11 2 31 17 54 56 66 74 69 70 25 3 5 65 50 73 46 16 9 19 
-1 -551 42 38 48 27 14 24 44 21 11 2 20 31 69 17 66 74 73 64 70 47 25 3 5 56 54 50 16 9 
-1 -551 44 24 42 38 48 27 14 51 21 11 2 15 56 66 74 69 17 31 70 25 3 5 54 65 73 46 9 19 
-1 -551 44 24 43 38 48 27 14 51 21 11 2 15 56 66 74 69 17 31 70 25 3 5 54 65 73 46 9 19 
-1 -551 44 24 42 38 48 27 14 21 11 2 15 31 56 66 74 69 17 4 70 25 5 54 65 50 73 46 9 19 
-1 -551 44 24 42 38 48 27 14 21 11 2 31 4 56 69 17 66 74 64 70 25 5 54 50 73 46 16 9 19 
-1 -551 44 42 48 27 14 23 21 11 2 39 71 15 72 64 69 17 31 66 74 10 56 54 50 46 25 5 3 19 
-1 -553 44 42 48 27 14 51 23 21 11 2 39 71 56 15 72 64 69 17 31 74 46 19 25 9 54 8 3 5 
-1 -551 44 42 48 27 14 51 23 21 11 2 39 71 15 72 64 69 17 31 66 74 10 56 54 46 25 5 3 19 
-1 -551 44 42 39 2 71 48 27 14 51 23 21 11 54 56 64 69 17 31 66 74 46 72 16 5 3 25 9 19 
-1 -551 44 42 39 2 71 48 27 14 51 23 21 54 56 64 69 31 12 17 66 74 46 72 16 5 3 25 9 19 
-1 -551 44 24 42 39 2 71 48 27 14 21 12 17 54 56 64 69 31 66 74 50 73 46 16 5 3 25 9 19 
-1 -551 44 24 42 39 2 71 48 27 14 51 21 11 54 56 64 69 17 31 66 74 73 46 16 5 3 25 9 19 
-1 -551 44 24 42 39 2 71 48 27 14 51 21 54 56 64 69 31 12 17 66 74 73 46 16 5 3 25 9 19 
-1 -551 42 38 48 31 20 27 14 23 21 2 12 44 54 56 69 64 70 25 3 5 50 46 66 74 18 72 16 9 
-1 -551 42 39 2 71 48 31 20 27 14 51 23 21 11 54 56 46 64 69 44 66 74 18 72 16 5 3 25 9 
-1 -551 44 42 38 48 27 13 23 21 11 2 15 72 69 17 31 74 66 64 70 25 3 5 56 55 50 46 9 19 
-1 -551 44 42 38 48 27 13 23 21 2 15 25 72 69 31 74 66 64 70 3 5 56 55 50 46 9 19 17 12 
-1 -551 44 42 38 48 27 13 23 21 2 25 56 69 31 66 74 64 70 3 5 55 50 46 72 16 9 19 17 12 
-1 -551 42 38 48 27 13 23 21 11 2 15 25 72 69 17 31 20 44 74 66 64 70 3 5 56 50 47 55 9 
-1 -551 44 42 38 48 27 13 51 23 21 11 2 15 72 69 17 31 74 66 64 70 25 3 5 56 55 46 9 19 
-1 -551 44 42 38 48 27 13 51 23 21 2 15 72 69 31 74 66 64 70 25 3 5 56 55 46 9 19 17 12 
-2 -553 44 42 38 48 27 13 51 23 21 11 2 15 72 69 17 31 74 64 70 25 3 5 56 63 55 46 9 19 
-1 -551 42 38 48 27 13 51 23 21 11 2 15 72 69 17 31 20 44 74 66 64 70 25 3 5 56 47 55 9 
-1 -551 44 42 39 2 71 48 27 13 23 21 25 56 64 69 31 55 66 74 50 46 72 16 9 19 17 12 5 3 
-1 -560 42 48 44 35 27 13 51 23 21 11 2 39 71 15 72 64 69 17 31 74 56 55 46 9 19 5 3 25 
-1 -551 44 42 39 2 71 48 27 13 51 23 21 56 64 69 31 55 66 74 46 72 16 9 19 17 12 5 3 25 
-1 -551 42 38 48 31 20 27 13 23 21 2 25 55 56 69 64 70 3 5 50 46 72 16 44 66 74 18 9 12 
-1 -551 44 42 49 38 27 13 23 21 11 2 15 72 17 31 74 66 68 56 64 70 25 3 5 55 50 46 9 19 
-1 -551 44 42 49 38 27 13 23 21 11 2 15 72 69 17 31 74 66 64 70 25 3 5 56 55 50 46 9 19 
-1 -551 44 42 49 38 27 13 51 23 21 11 2 15 72 17 31 74 66 68 56 64 70 25 3 5 55 46 9 19 
-6 -553 -588 44 42 49 38 37 27 13 23 21 11 2 15 72 69 17 31 74 64 70 25 3 56 55 50 46 9 19 
-1 -551 44 42 38 48 27 14 23 21 11 2 15 72 69 17 31 74 66 64 70 25 3 5 56 55 50 46 9 19 
-1 -551 44 42 38 48 27 14 23 21 2 15 12 17 72 69 31 74 66 64 70 25 3 5 10 56 55 50 46 19 
-1 -560 42 38 48 44 35 27 14 23 21 11 2 71 15 72 64 69 17 31 74 56 55 50 46 25 5 3 9 19 
-1 -551 44 42 38 48 27 14 23 21 11 2 71 31 56 64 69 17 55 66 74 50 46 72 16 5 3 25 9 19 
-1 -551 44 42 38 48 27 14 23 21 2 12 17 31 56 69 66 74 64 70 25 3 5 55 50 46 72 16 9 19 
-1 -551 44 42 38 48 27 14 23 21 2 71 12 17 56 64 69 31 55 66 74 50 46 72 16 5 3 25 9 19 
-1 -560 42 38 48 44 35 27 14 23 21 11 2 71 31 56 64 69 17 55 74 50 46 72 16 5 3 25 9 19 
-1 -560 42 38 48 44 35 27 14 23 21 2 71 12 17 56 64 69 31 55 74 50 46 72 16 5 3 25 9 19 
-1 -551 42 38 48 27 14 23 21 11 2 15 44 72 69 17 31 20 74 66 64 70 25 3 5 56 50 47 55 9 
-1 -551 42 38 48 27 14 23 21 2 12 17 44 56 69 20 31 66 74 64 70 25 3 5 50 47 55 72 16 9 
-1 -551 44 42 38 48 27 14 51 23 21 11 2 15 72 69 17 31 74 66 64 70 25 3 5 56 55 46 9 19 
-1 -551 44 42 38 48 27 14 51 23 21 2 12 17 56 69 31 66 74 64 70 25 3 5 55 46 72 16 9 19 
-1 -551 42 38 48 27 14 51 23 21 11 2 15 72 69 17 31 20 44 74 66 64 70 25 3 5 56 47 55 9 
-1 -551 44 42 39 2 71 48 27 14 23 21 12 17 56 64 69 31 55 66 74 50 46 72 16 5 3 25 9 19 
-1 -560 42 48 44 35 27 14 51 23 21 11 2 39 71 15 72 64 69 17 31 74 56 55 46 25 5 3 9 19 
-1 -551 44 42 39 2 71 48 27 14 51 23 21 56 64 69 31 12 17 55 66 74 46 72 16 5 3 25 9 19 
-1 -551 42 38 48 31 20 27 14 23 21 11 2 71 50 55 56 64 69 46 44 66 74 18 72 16 5 3 25 9 
-1 -551 42 38 48 31 20 27 14 23 21 2 12 44 55 56 69 64 70 25 3 5 50 46 66 74 18 72 16 9 
-1 -551 42 38 48 31 20 27 14 23 21 2 71 12 50 55 56 64 69 46 44 66 74 18 72 16 5 3 25 9 
-1 -551 42 38 48 31 20 27 14 23 21 11 2 44 50 56 69 64 70 25 3 5 47 55 66 74 18 72 16 9 
-1 -551 42 38 48 31 20 27 14 51 23 21 2 12 55 56 69 64 70 25 3 5 46 44 66 74 18 72 16 9 
-1 -551 42 38 28 48 44 23 21 11 2 15 25 72 69 17 31 74 66 64 70 3 5 56 54 50 46 13 9 19 
-1 -551 42 38 28 48 44 23 21 2 15 25 72 69 31 74 66 64 70 3 5 56 54 50 46 13 9 19 17 12 
-1 -551 42 38 28 48 44 23 21 2 25 56 69 31 12 17 66 74 64 70 3 5 54 50 46 13 72 16 9 19 
-1 -551 42 38 28 48 23 21 11 2 15 25 72 69 17 31 20 44 74 66 64 70 47 3 5 56 54 50 13 9 
-1 -551 42 38 28 48 44 23 21 11 2 15 25 72 69 17 31 74 66 64 70 3 5 56 54 46 51 13 9 19 
-1 -551 42 38 28 48 44 23 21 2 15 25 72 69 31 74 66 64 70 3 5 56 54 46 51 13 9 19 17 12 
-1 -560 42 38 28 48 44 35 23 21 11 2 15 25 72 69 17 31 74 64 70 3 5 56 54 46 51 13 9 19 
-2 -553 42 38 28 48 44 23 21 11 2 15 25 63 72 69 17 31 74 64 70 3 5 56 54 46 51 13 9 19 
-1 -551 42 38 28 48 44 23 21 2 25 56 69 31 12 17 66 74 64 70 3 5 54 46 51 13 72 16 9 19 
-1 -551 42 38 28 48 23 21 11 2 15 25 72 69 17 31 20 44 74 66 64 70 47 3 5 56 54 51 13 9 
-1 -551 42 38 28 48 44 23 21 11 2 15 25 56 17 31 67 74 64 70 5 3 68 54 50 73 46 13 9 19 
-1 -551 42 38 28 48 44 23 21 11 2 15 25 56 67 74 70 5 3 68 54 65 50 73 46 13 9 19 17 31 
-1 -551 42 38 28 48 44 23 21 11 2 25 56 17 31 67 3 5 74 64 70 68 54 50 73 46 13 16 9 19 
-1 -551 42 38 28 48 44 23 21 11 2 15 25 56 17 31 67 74 64 70 5 3 68 54 73 46 51 13 9 19 
-1 -551 42 38 28 48 44 23 21 11 2 25 56 17 31 67 3 5 74 64 70 68 54 73 46 51 13 16 9 19 
-1 -551 42 38 28 48 44 24 21 11 2 15 25 56 17 31 66 74 64 70 3 5 68 54 50 73 46 13 9 19 
-1 -551 42 38 28 48 44 24 21 2 15 25 56 31 66 74 64 70 3 5 68 54 50 73 46 13 9 19 17 12 
-1 -551 42 38 28 48 44 24 21 2 15 25 56 31 66 74 64 70 3 5 10 68 54 50 73 46 13 19 17 12 
-1 -551 42 38 28 48 44 24 21 11 2 25 56 17 31 66 74 64 70 3 5 68 54 50 73 46 13 16 9 19 
-1 -551 42 38 28 48 44 24 21 2 25 56 31 12 17 66 74 64 70 3 5 68 54 50 73 46 13 16 9 19 
-1 -551 42 38 28 48 24 44 21 11 2 15 25 17 66 74 31 20 73 64 70 47 3 5 56 68 54 50 13 9 
-1 -551 42 38 28 48 21 2 15 25 24 44 66 74 31 20 73 64 70 47 3 5 56 68 54 50 13 9 17 12 
-1 -551 42 38 28 48 44 24 21 11 2 15 25 56 17 31 66 74 64 70 3 5 68 54 73 46 51 13 9 19 
-1 -551 42 38 28 48 44 24 21 2 15 25 56 31 66 74 64 70 3 5 68 54 73 46 51 13 9 19 17 12 
-2 -553 42 38 28 48 44 24 21 11 2 15 25 56 63 17 31 74 64 70 3 5 68 54 73 46 51 13 9 19 
-1 -551 42 38 28 48 44 24 21 2 25 56 31 12 17 66 74 64 70 3 5 68 54 73 46 51 13 16 9 19 
-1 -551 42 38 28 48 24 44 21 11 2 15 25 17 66 74 31 20 73 64 70 47 3 5 56 68 54 51 13 9 
-1 -551 42 38 28 48 21 2 15 25 24 44 66 74 31 20 73 64 70 47 3 5 56 68 54 51 13 9 17 12 
-1 -551 42 38 28 33 48 44 24 21 11 2 15 72 17 66 74 64 70 25 3 5 56 68 54 50 46 13 9 19 
-1 -551 42 38 28 33 48 44 24 21 2 15 25 72 66 74 64 70 3 5 56 68 54 50 46 13 9 19 17 12 
-1 -551 42 38 28 33 48 44 24 21 11 2 25 56 17 66 74 64 70 3 5 68 54 50 46 13 72 16 9 19 
-1 -551 42 38 28 33 48 44 24 21 2 15 25 72 66 74 64 70 3 5 56 68 54 46 51 13 9 19 17 12 
-1 -551 42 38 28 33 48 44 24 21 2 25 56 66 74 64 70 3 5 68 54 46 51 13 72 16 9 19 17 12 
-1 -551 42 38 28 33 48 44 23 21 11 2 15 56 17 67 74 64 70 5 3 25 68 54 50 73 46 13 9 19 
-1 -551 42 38 28 33 48 44 24 21 11 2 15 56 17 66 74 64 70 25 3 5 68 54 50 73 46 13 9 19 
-1 -551 42 38 28 33 48 44 24 21 2 15 25 56 66 74 64 70 3 5 68 54 50 73 46 13 9 19 17 12 
-1 -551 42 38 28 33 48 44 24 21 2 15 25 56 66 74 64 70 3 5 68 54 73 46 51 13 9 19 17 12 
-1 -551 42 38 28 48 44 25 23 21 11 2 15 56 17 4 31 67 5 74 64 70 68 54 50 73 46 13 9 19 
-1 -551 42 38 28 48 31 20 23 21 2 25 54 56 69 64 70 3 5 50 46 13 72 16 44 66 74 18 9 12 
-1 -551 42 38 28 48 31 20 23 21 2 25 54 56 69 64 70 3 5 46 72 16 13 51 44 66 74 18 9 12 
-1 -551 42 38 28 48 31 20 24 44 21 11 2 56 68 54 64 70 25 3 5 50 73 46 13 16 66 74 18 9 
-1 -551 42 38 28 48 31 20 21 2 25 56 68 54 64 70 3 5 50 73 46 13 16 24 44 66 74 18 9 12 
-1 -551 42 49 38 28 44 23 21 11 2 15 25 72 17 31 66 74 64 70 3 5 56 68 54 50 46 13 9 19 
-1 -551 42 49 38 28 44 23 21 11 2 15 25 72 69 17 31 74 66 64 70 3 5 56 54 50 46 13 9 19 
-1 -551 42 49 38 28 23 21 11 2 15 25 72 17 66 74 31 20 44 64 70 47 3 5 56 68 54 50 13 9 
-1 -551 42 49 38 28 23 21 11 2 15 25 72 69 17 31 20 44 74 66 64 70 47 3 5 56 54 50 13 9 
-1 -551 42 49 38 28 44 23 21 11 2 15 25 72 17 31 66 74 64 70 3 5 56 68 54 46 51 13 9 19 
-1 -551 42 49 38 28 23 21 11 2 15 25 72 17 66 74 31 20 44 64 70 47 3 5 56 68 54 51 13 9 
-1 -551 42 49 38 28 44 24 21 11 2 15 25 72 17 31 66 74 64 70 3 5 56 68 54 50 46 13 9 19 
-1 -551 42 49 38 28 24 44 21 11 2 15 25 72 17 66 74 31 20 64 70 47 3 5 56 68 54 50 13 9 
-1 -551 42 49 38 28 33 44 24 21 11 2 15 72 17 66 74 64 70 25 3 5 56 68 54 50 46 13 9 19 
-1 -551 42 38 28 48 44 23 21 11 2 15 31 72 69 17 74 66 64 70 14 25 3 5 56 54 50 46 9 19 
-1 -551 42 38 28 48 44 23 21 11 2 71 15 31 72 64 69 17 66 74 10 56 54 50 46 14 25 5 3 19 
-1 -551 42 38 28 48 44 23 21 2 15 12 17 31 72 69 74 66 64 70 14 25 3 5 10 56 54 50 46 19 
-1 -551 42 38 28 48 44 23 21 2 12 17 31 19 56 69 66 74 64 70 14 25 3 5 54 50 46 72 16 9 
-1 -551 42 38 28 48 23 21 11 2 15 44 72 69 17 20 31 74 66 64 70 47 14 25 3 5 56 54 50 9 
-1 -551 42 38 28 48 23 21 2 12 17 44 20 31 56 69 66 74 64 70 47 14 25 3 5 54 50 72 16 9 
-1 -551 42 38 28 48 44 23 21 11 2 15 31 72 69 17 74 66 64 70 51 14 25 3 5 56 54 46 9 19 
-1 -553 42 28 38 48 44 23 21 11 2 71 15 56 72 64 69 17 31 74 46 19 51 14 25 5 3 9 54 8 
-1 -551 42 38 28 48 44 23 21 11 2 71 15 31 72 64 69 17 66 74 10 56 54 46 51 14 25 5 3 19 
-1 -551 42 38 28 48 44 23 21 11 2 31 17 19 56 69 66 74 64 70 51 14 25 3 5 54 46 72 16 9 
-1 -551 42 38 28 48 44 23 21 2 12 17 31 19 56 69 66 74 64 70 51 14 25 3 5 54 46 72 16 9 
-1 -551 42 38 28 48 23 21 11 2 15 44 72 69 17 20 31 74 66 64 70 47 51 14 25 3 5 56 54 9 
-1 -551 42 38 28 48 31 20 23 21 2 12 44 9 54 56 69 64 70 14 25 3 5 50 46 66 74 18 72 16 
-1 -551 42 38 28 48 31 20 23 21 2 71 12 44 50 54 56 64 69 46 66 74 18 72 16 14 5 3 25 9 
-1 -551 42 38 28 48 31 20 23 21 11 2 44 9 54 56 69 64 70 25 3 5 46 14 51 66 74 18 72 16 
-1 -551 42 38 28 48 31 20 23 21 2 12 44 9 54 56 69 64 70 25 3 5 46 14 51 66 74 18 72 16 
-1 -551 42 49 38 28 44 23 21 11 2 15 31 72 69 17 74 66 64 70 14 25 3 5 56 54 50 46 9 19 
-1 -551 42 49 38 28 23 21 11 2 15 44 72 69 17 20 31 74 66 64 70 47 14 25 3 5 56 54 50 9 
-1 -551 42 38 28 48 44 23 21 11 2 15 25 72 69 17 31 74 66 64 70 3 5 56 55 50 46 13 9 19 
-1 -551 42 38 28 48 44 23 21 2 15 25 72 69 31 74 66 64 70 3 5 56 55 50 46 13 9 19 17 12 
-1 -551 42 38 28 48 44 23 21 2 25 56 69 31 12 17 66 74 64 70 3 5 55 50 46 13 72 16 9 19 
-1 -551 42 38 28 48 23 21 11 2 15 25 72 69 17 31 20 44 74 66 64 70 3 5 56 50 47 55 13 9 
-1 -551 42 38 28 48 44 23 21 11 2 15 25 72 69 17 31 74 66 64 70 3 5 56 55 46 51 13 9 19 
-1 -551 42 38 28 48 44 23 21 2 15 25 72 69 31 74 66 64 70 3 5 56 55 46 51 13 9 19 17 12 
-1 -560 42 38 28 48 44 35 23 21 11 2 15 25 72 69 17 31 74 64 70 3 5 56 55 46 51 13 9 19 
-2 -553 42 38 28 48 44 23 21 11 2 15 25 72 69 17 31 74 64 70 3 5 56 63 55 46 51 13 9 19 
-1 -551 42 38 28 48 44 23 21 2 25 56 69 31 12 17 66 74 64 70 3 5 55 46 51 13 72 16 9 19 
-1 -551 42 38 28 48 23 21 11 2 15 25 72 69 17 31 20 44 74 66 64 70 3 5 56 47 55 51 13 9 
-6 -553 -578 42 38 28 37 44 23 21 11 2 15 25 72 69 17 31 74 64 70 3 5 56 55 50 46 13 9 19 
-6 -553 -578 42 38 28 37 44 23 21 11 2 15 25 72 69 17 31 74 64 70 3 5 56 55 46 51 13 9 19 
-1 -551 42 38 28 48 31 20 23 21 2 25 55 56 69 64 70 3 5 50 46 13 72 16 44 66 74 18 9 12 
-1 -551 42 49 38 28 44 23 21 11 2 15 25 72 17 31 74 66 68 56 64 70 3 5 55 50 46 13 9 19 
-1 -551 42 49 38 28 44 23 21 11 2 15 25 72 69 17 31 74 66 64 70 3 5 56 55 50 46 13 9 19 
-1 -551 42 49 38 28 23 21 11 2 15 25 72 17 31 20 44 74 66 68 56 64 70 3 5 50 47 55 13 9 
-1 -551 42 49 38 28 44 23 21 11 2 15 25 72 17 31 74 66 68 56 64 70 3 5 55 46 51 13 9 19 
-1 -551 42 38 28 48 44 23 21 11 2 15 31 72 69 17 74 66 64 70 14 25 3 5 56 55 50 46 9 19 
-1 -551 42 38 28 48 44 23 21 11 2 71 15 31 72 64 69 17 66 74 10 56 55 50 46 14 25 5 3 19 
-1 -551 42 38 28 48 44 23 21 2 15 12 17 31 72 69 74 66 64 70 14 25 3 5 10 56 55 50 46 19 
-1 -551 42 38 28 48 44 23 21 2 12 17 31 19 56 69 66 74 64 70 14 25 3 5 55 50 46 72 16 9 
-1 -551 42 38 28 48 23 21 11 2 15 44 72 69 17 20 31 74 66 64 70 14 25 3 5 56 50 47 55 9 
-1 -551 42 38 28 48 23 21 2 12 17 44 20 31 56 69 66 74 64 70 14 25 3 5 50 47 55 72 16 9 
-1 -551 42 38 28 48 44 23 21 11 2 15 31 72 69 17 74 66 64 70 51 14 25 3 5 56 55 46 9 19 
-1 -553 42 28 38 48 44 23 21 11 2 71 15 56 72 64 69 17 31 55 74 46 19 51 14 25 5 3 9 8 
-1 -551 42 38 28 48 44 23 21 11 2 71 15 31 72 64 69 17 66 74 10 56 55 46 51 14 25 5 3 19 
-1 -560 42 38 28 48 44 35 23 21 11 2 15 31 72 69 17 74 64 70 51 14 25 3 5 56 55 46 9 19 
-1 -551 42 38 28 48 44 23 21 2 12 17 31 19 56 69 66 74 64 70 51 14 25 3 5 55 46 72 16 9 
-1 -551 42 38 28 48 23 21 11 2 15 44 72 69 17 20 31 74 66 64 70 51 14 25 3 5 56 47 55 9 
-1 -551 42 38 28 48 31 20 23 21 2 12 44 9 55 56 69 64 70 14 25 3 5 50 46 66 74 18 72 16 
-1 -551 42 49 38 28 44 23 21 11 2 15 31 72 69 17 74 66 64 70 14 25 3 5 56 55 50 46 9 19 
-1 -551 44 26 42 38 48 27 13 23 21 11 2 15 72 69 17 31 74 66 64 70 3 5 56 54 50 46 9 19 
-1 -551 44 26 42 38 48 27 14 23 21 11 2 15 72 69 17 31 74 66 64 70 3 5 56 54 50 46 9 19 
-1 -551 44 26 42 38 48 27 13 23 21 11 2 15 72 69 17 31 74 66 64 70 3 5 56 55 50 46 9 19 
-1 -551 42 38 48 27 13 23 21 11 2 15 72 69 17 31 20 26 44 74 66 64 70 3 5 56 50 47 55 9 
-1 -551 44 26 42 38 48 27 13 51 23 21 11 2 15 72 69 17 31 74 66 64 70 3 5 56 55 46 9 19 
-1 -551 44 26 42 38 48 27 14 23 21 11 2 15 72 69 17 31 74 66 64 70 3 5 56 55 50 46 9 19 
-1 -551 44 26 42 38 48 27 14 51 23 21 11 2 15 72 69 17 31 74 66 64 70 3 5 56 55 46 9 19 
-1 -551 42 38 28 48 44 26 23 21 11 2 15 72 69 17 31 74 66 64 70 3 5 56 54 50 46 13 9 19 
-1 -551 42 38 28 48 23 21 11 2 15 72 44 26 69 17 31 20 74 66 64 70 47 3 5 56 54 50 13 9 
-1 -551 42 38 28 48 44 26 23 21 11 2 15 72 69 17 31 74 66 64 70 3 5 56 54 46 51 13 9 19 
-1 -551 42 38 28 48 23 21 11 2 15 72 44 26 69 17 31 20 74 66 64 70 47 3 5 56 54 51 13 9 
-1 -551 42 38 28 48 44 26 23 21 11 2 15 72 69 17 31 74 66 64 70 14 3 5 56 54 50 46 9 19 
-1 -551 42 38 28 48 23 21 11 2 15 44 26 72 69 17 31 20 74 66 64 70 47 14 3 5 56 54 50 9 
-1 -551 42 38 28 48 44 26 23 21 11 2 15 72 69 17 31 74 66 64 70 51 14 3 5 56 54 46 9 19 
-1 -551 42 38 28 48 44 26 23 21 11 2 15 72 69 17 31 74 66 64 70 3 5 56 55 50 46 13 9 19 
-1 -551 42 38 28 48 44 26 23 21 11 2 15 72 69 17 31 74 66 64 70 3 5 56 55 46 51 13 9 19 
-1 -551 42 38 28 48 44 26 23 21 11 2 15 72 69 17 31 74 66 64 70 14 3 5 56 55 50 46 9 19 
-1 -551 42 38 28 48 44 26 23 21 11 2 15 72 69 17 31 74 66 64 70 51 14 3 5 56 55 46 9 19 
-1 -551 44 42 38 48 27 13 23 21 2 15 25 72 69 31 66 75 64 70 3 5 56 54 50 46 9 19 17 12 
-1 -551 42 38 48 27 13 23 21 11 2 15 25 72 69 17 66 75 64 70 47 3 5 56 54 50 9 31 20 44 
-1 -551 42 38 48 27 13 51 23 21 11 2 15 72 69 17 66 75 64 70 47 25 3 5 56 54 9 31 20 44 
-2 -553 44 42 48 27 13 23 21 11 2 39 71 15 63 72 64 69 17 31 75 56 54 50 46 9 19 5 3 25 
-1 -551 44 42 39 2 71 48 27 13 23 21 25 54 56 66 64 69 31 75 50 46 72 16 9 19 17 12 5 3 
-2 -553 44 42 48 27 13 51 23 21 11 2 39 71 63 15 72 64 69 17 31 75 56 54 46 9 19 5 3 25 
-1 -551 44 42 39 2 71 48 27 13 51 23 21 54 56 66 64 69 31 75 46 72 16 9 19 17 12 5 3 25 
-1 -551 44 42 38 48 27 14 23 21 2 15 12 17 72 69 31 66 75 64 70 25 3 5 10 56 54 50 46 19 
-1 -551 42 38 48 27 14 23 21 11 2 15 44 72 69 17 66 75 64 70 47 25 3 5 56 54 50 9 31 20 
-1 -551 42 38 48 27 14 23 21 2 12 17 44 56 66 69 20 31 75 64 70 47 25 3 5 54 50 72 16 9 
-1 -551 42 38 48 27 14 51 23 21 11 2 15 72 69 17 66 75 64 70 47 25 3 5 56 54 9 31 20 44 
-1 -551 44 42 39 2 71 48 27 14 23 21 11 31 54 56 66 64 69 17 75 50 46 72 16 5 3 25 9 19 
-1 -551 44 42 39 2 71 48 27 14 23 21 12 17 54 56 66 64 69 31 75 50 46 72 16 5 3 25 9 19 
-1 -551 42 38 48 31 20 27 14 23 21 11 2 44 54 56 69 75 64 70 47 25 3 5 50 66 18 72 16 9 
-1 -551 44 42 38 48 27 13 23 21 11 2 15 72 69 17 31 66 75 55 64 70 25 3 5 56 50 46 9 19 
-1 -551 44 42 38 48 27 13 23 21 11 2 15 72 69 17 31 66 75 55 64 70 25 3 5 57 50 46 9 19 
-1 -551 44 42 38 48 27 13 23 21 2 15 25 72 69 31 66 75 55 64 70 3 5 57 50 46 9 19 17 12 
-1 -551 44 42 38 48 27 13 23 21 2 25 56 66 69 31 75 55 64 70 3 5 50 46 72 16 9 19 17 12 
-1 -551 42 38 48 27 13 23 21 11 2 15 25 72 69 17 66 75 64 70 55 47 3 5 56 50 9 31 20 44 
-1 -551 42 38 48 27 13 23 21 2 15 25 72 69 66 75 64 70 55 47 3 5 56 50 9 31 20 44 17 12 
-1 -551 44 42 38 48 27 13 51 23 21 11 2 15 72 69 17 31 66 75 55 64 70 25 3 5 56 46 9 19 
-1 -551 44 42 38 48 27 13 51 23 21 11 2 15 72 69 17 31 66 75 55 64 70 25 3 5 57 46 9 19 
-1 -551 42 38 48 27 13 51 23 21 11 2 15 72 69 17 66 75 64 70 55 47 25 3 5 56 9 31 20 44 
-1 -551 42 38 48 27 13 51 23 21 2 15 25 72 69 66 75 64 70 55 47 3 5 56 9 31 20 44 17 12 
-1 -551 44 42 39 2 71 48 27 13 23 21 25 55 75 56 66 64 69 31 50 46 72 16 9 19 17 12 5 3 
-1 -551 42 48 27 13 23 21 11 2 39 15 25 72 69 17 66 75 64 70 55 47 3 5 56 50 9 31 20 44 
-1 -551 42 38 48 31 20 27 13 23 21 2 25 55 75 56 69 64 70 3 5 50 46 72 16 66 18 9 44 12 
-1 -551 44 42 49 38 27 13 23 21 11 2 15 72 17 31 66 68 56 75 55 64 70 25 3 5 50 46 9 19 
-1 -551 44 42 49 38 27 13 23 21 11 2 15 72 69 17 31 66 75 55 64 70 25 3 5 56 50 46 9 19 
-1 -551 44 42 38 48 27 14 23 21 11 2 15 72 69 17 31 66 75 55 64 70 25 3 5 56 50 46 9 19 
-1 -560 42 38 48 44 35 27 14 23 21 11 2 71 15 72 64 69 17 31 75 55 56 50 46 25 5 3 9 19 
-1 -551 44 42 38 48 27 14 23 21 2 12 17 31 56 66 69 75 55 64 70 25 3 5 50 46 72 16 9 19 
-1 -551 42 38 48 27 14 23 21 11 2 15 44 72 69 17 66 75 64 70 55 47 25 3 5 56 50 9 31 20 
-1 -551 44 42 38 48 27 14 51 23 21 11 2 15 72 69 17 31 66 75 55 64 70 25 3 5 56 46 9 19 
-1 -551 42 38 48 27 14 51 23 21 11 2 15 72 69 17 66 75 64 70 55 47 25 3 5 56 9 31 20 44 
-1 -551 44 42 39 2 71 48 27 14 23 21 12 17 55 75 56 66 64 69 31 50 46 72 16 5 3 25 9 19 
-1 -551 42 38 28 48 44 23 21 11 2 15 25 72 69 17 31 66 75 64 70 3 5 56 54 50 46 13 9 19 
-1 -551 42 38 28 48 44 23 21 11 2 15 25 72 69 17 31 66 75 64 70 3 5 54 57 50 46 13 9 19 
-1 -551 42 38 28 48 44 23 21 2 15 25 72 69 31 66 75 64 70 3 5 54 57 50 46 13 9 19 17 12 
-1 -551 42 38 28 48 44 23 21 2 25 56 66 69 31 12 17 75 64 70 3 5 54 50 46 13 72 16 9 19 
-1 -551 42 38 28 48 23 21 11 2 15 25 72 69 17 66 75 64 70 47 3 5 56 54 50 13 9 31 20 44 
-1 -551 42 38 28 48 44 23 21 11 2 15 25 72 69 17 31 66 75 64 70 3 5 56 54 46 13 51 9 19 
-1 -551 42 38 28 48 44 23 21 11 2 15 25 72 69 17 31 66 75 64 70 3 5 54 57 46 13 51 9 19 
-1 -551 42 38 28 48 44 23 21 2 25 56 66 69 31 12 17 75 64 70 3 5 54 46 72 16 13 51 9 19 
-1 -551 42 38 28 48 23 21 11 2 15 25 72 69 17 66 75 64 70 47 3 5 56 54 31 20 44 51 13 9 
-1 -551 42 38 28 48 44 23 21 11 2 15 31 72 69 17 66 75 64 70 14 25 3 5 56 54 50 46 9 19 
-1 -551 42 38 28 48 44 23 21 11 2 31 17 19 56 66 69 75 64 70 14 25 3 5 54 50 46 72 16 9 
-1 -551 42 38 28 48 44 23 21 2 12 17 31 19 56 66 69 75 64 70 14 25 3 5 54 50 46 72 16 9 
-1 -551 42 38 28 48 23 21 11 2 15 44 72 69 17 20 31 66 75 64 70 47 14 25 3 5 56 54 50 9 
-1 -551 42 38 28 48 44 23 21 11 2 15 31 72 69 17 66 75 64 70 25 3 5 56 54 46 14 51 9 19 
-1 -551 42 38 28 48 23 21 11 2 15 44 72 69 17 20 31 66 75 64 70 47 25 3 5 56 54 14 51 9 
-1 -551 42 38 28 48 44 23 21 11 2 15 25 72 69 17 31 66 75 55 64 70 3 5 56 50 46 13 9 19 
-1 -551 42 38 28 48 44 23 21 11 2 15 25 72 69 17 31 66 75 55 64 70 3 5 57 50 46 13 9 19 
-1 -551 42 38 28 48 44 23 21 2 25 56 66 69 31 12 17 75 55 64 70 3 5 50 46 13 72 16 9 19 
-1 -551 42 38 28 48 23 21 11 2 15 25 72 69 17 66 75 64 70 55 47 3 5 56 50 13 9 31 20 44 
-1 -551 42 38 28 48 44 23 21 11 2 15 25 72 69 17 31 66 75 55 64 70 3 5 56 46 13 51 9 19 
-1 -551 42 49 38 28 44 23 21 11 2 15 25 72 17 31 66 68 56 75 55 64 70 3 5 50 46 13 9 19 
-1 -551 42 38 28 48 44 23 21 11 2 15 31 72 69 17 66 75 55 64 70 14 25 3 5 56 50 46 9 19 
-1 -551 42 38 28 48 44 23 21 2 15 12 17 72 69 31 66 75 55 64 70 14 25 3 5 56 50 46 9 19 
-1 -551 42 38 28 48 44 23 21 2 12 17 31 19 56 66 69 75 55 64 70 14 25 3 5 50 46 72 16 9 
-1 -551 42 38 28 48 23 21 11 2 15 44 72 69 17 20 31 66 75 64 70 55 47 14 25 3 5 56 50 9 
-1 -551 42 38 28 48 44 23 21 11 2 15 31 72 69 17 66 75 55 64 70 25 3 5 56 46 14 51 9 19 
-1 -551 42 38 28 48 44 23 21 2 12 17 31 19 56 66 69 75 55 64 70 25 3 5 46 72 16 14 51 9 
-1 -551 42 38 48 27 13 23 21 11 2 15 72 69 17 66 75 64 70 47 3 5 56 54 50 9 31 20 26 44 
-1 -551 42 38 48 27 14 23 21 11 2 15 72 44 26 69 17 66 75 64 70 47 3 5 56 54 50 9 31 20 
-1 -551 44 26 42 38 48 27 13 51 23 21 11 2 15 72 69 17 31 66 75 55 64 70 3 5 56 46 9 19 
-1 -551 44 26 42 38 48 27 14 51 23 21 11 2 15 72 69 17 31 66 75 55 64 70 3 5 56 46 9 19 
-1 -551 42 38 28 48 44 26 23 21 11 2 15 66 72 17 31 75 64 70 3 5 56 68 54 50 46 13 9 19 
-1 -551 42 38 28 48 44 26 23 21 11 2 15 72 69 17 31 66 75 64 70 3 5 56 54 50 46 13 9 19 
-1 -551 42 38 28 48 44 26 23 21 11 2 15 72 69 17 31 66 75 64 70 14 3 5 56 54 50 46 9 19 
-1 -551 42 38 28 48 44 26 23 21 11 2 15 72 69 17 31 66 75 55 64 70 3 5 56 50 46 13 9 19 
-1 -551 44 42 38 48 27 13 23 2 11 15 25 72 17 31 66 74 64 70 3 5 56 68 54 50 46 9 19 22 
-1 -551 44 42 38 48 27 13 23 2 71 11 15 56 72 64 17 31 66 74 68 54 50 46 9 19 22 5 3 25 
-1 -551 44 42 38 48 27 13 23 2 25 56 31 12 17 66 74 64 70 3 5 68 54 50 46 72 16 9 19 22 
-1 -551 44 42 38 48 27 13 23 2 11 15 25 72 69 17 31 74 66 64 70 3 5 56 54 50 46 9 19 22 
-1 -551 44 42 38 48 27 13 23 2 25 56 69 31 12 17 66 74 64 70 3 5 54 50 46 72 16 9 19 22 
-1 -551 44 42 38 48 27 13 51 23 2 11 15 72 17 31 66 74 64 70 25 3 5 56 68 54 46 9 19 22 
-1 -551 44 42 38 48 27 13 51 23 2 71 11 15 56 72 64 17 31 66 74 68 54 46 9 19 22 5 3 25 
-1 -551 44 42 38 48 27 13 51 23 2 11 15 72 69 17 31 74 66 64 70 25 3 5 56 54 46 9 19 22 
-1 -551 44 24 42 38 48 27 13 2 11 15 25 72 17 31 66 74 64 70 3 5 56 68 54 50 46 9 19 22 
-1 -560 42 38 48 44 24 35 27 13 2 11 15 25 56 72 17 31 64 70 3 74 68 54 50 46 9 19 22 6 
-1 -551 44 24 42 38 48 27 13 2 11 25 56 17 31 66 74 64 70 3 5 68 54 50 46 72 16 9 19 22 
-1 -551 44 24 42 38 48 27 13 2 11 15 25 72 69 17 31 74 66 64 70 3 5 56 54 50 46 9 19 22 
-1 -551 44 24 42 38 48 27 13 2 11 15 25 72 66 74 69 17 31 70 3 5 56 54 65 50 46 9 19 22 
-1 -551 44 24 42 38 48 27 13 2 11 25 56 69 17 31 66 74 64 70 3 5 54 50 46 72 16 9 19 22 
-1 -551 44 24 42 38 48 27 13 2 25 56 69 31 12 17 66 74 64 70 3 5 54 50 46 72 16 9 19 22 
-1 -551 44 24 42 38 48 27 13 51 2 11 15 72 17 31 66 74 64 70 25 3 5 56 68 54 46 9 19 22 
-1 -551 44 24 42 38 48 27 13 51 2 11 15 72 69 17 31 74 66 64 70 25 3 5 56 54 46 9 19 22 
-1 -551 44 24 42 38 48 27 13 51 2 11 15 72 66 74 69 17 31 70 25 3 5 56 54 65 46 9 19 22 
-1 -551 44 38 48 27 13 23 2 11 15 25 56 17 31 67 3 5 74 64 70 68 54 50 73 46 43 9 19 22 
-1 -551 44 42 38 48 27 13 23 2 11 15 25 17 31 69 67 74 64 70 5 3 56 54 50 73 46 9 19 22 
-1 -551 44 42 38 48 27 13 23 2 11 25 56 17 31 69 67 3 5 74 64 70 54 50 73 46 16 9 19 22 
-1 -551 44 42 38 48 27 13 51 23 2 11 15 17 31 69 67 74 64 70 5 3 25 56 54 73 46 9 19 22 
-1 -551 44 42 38 48 27 13 51 23 2 11 25 56 17 31 69 67 74 64 70 5 3 54 73 46 16 9 19 22 
-1 -551 44 24 42 38 48 27 13 2 11 15 25 69 17 31 66 74 64 70 3 5 56 54 50 73 46 9 19 22 
-1 -551 44 24 42 38 48 27 13 2 11 15 25 56 66 74 69 17 31 70 3 5 54 65 50 73 46 9 19 22 
-1 -551 44 24 42 38 48 27 13 2 11 25 56 69 17 31 66 74 64 70 3 5 54 50 73 46 16 9 19 22 
-1 -551 44 24 38 48 27 13 2 11 25 31 56 69 17 66 74 64 70 3 5 54 50 73 46 43 16 9 19 22 
-1 -551 44 24 42 38 48 27 13 2 25 56 69 31 12 17 66 74 64 70 3 5 54 50 73 46 16 9 19 22 
-1 -551 44 24 38 48 27 13 2 25 12 17 56 69 31 66 74 64 70 3 5 54 50 73 46 43 16 9 19 22 
-1 -551 44 24 42 38 48 27 13 51 2 11 15 69 17 31 66 74 64 70 25 3 5 56 54 73 46 9 19 22 
-11 -553 -575 44 24 42 38 48 27 13 51 2 11 15 69 17 31 74 64 70 25 3 5 54 53 73 46 9 19 22 
-1 -551 44 24 42 38 48 27 13 51 2 11 15 56 66 74 69 17 31 70 25 3 5 54 65 73 46 9 19 22 
-1 -551 44 24 42 38 48 27 13 2 11 15 25 72 17 32 66 74 64 70 3 5 56 68 54 50 46 9 19 22 
-1 -551 44 24 42 38 33 48 27 13 2 11 15 72 17 66 74 64 70 25 3 5 56 68 54 50 46 9 19 22 
-1 -551 44 24 38 33 48 27 13 2 11 25 56 17 66 74 64 70 3 5 68 54 50 46 43 72 16 9 19 22 
-1 -551 44 24 42 38 33 48 27 13 2 11 15 72 69 17 74 66 64 70 25 3 5 56 54 50 46 9 19 22 
-1 -551 44 24 42 38 33 48 27 13 2 11 15 72 66 74 69 17 70 25 3 5 56 54 65 50 46 9 19 22 
-1 -551 44 24 42 38 48 27 13 2 11 25 56 69 17 32 66 74 64 70 3 5 54 50 46 72 16 9 19 22 
-1 -551 44 24 42 38 33 48 27 13 2 11 25 56 69 17 66 74 64 70 3 5 54 50 46 72 16 9 19 22 
-1 -551 44 24 42 38 48 27 13 2 25 56 69 12 17 32 66 74 64 70 3 5 54 50 46 72 16 9 19 22 
-1 -551 44 24 42 38 48 27 13 51 2 11 15 72 17 32 66 74 64 70 25 3 5 56 68 54 46 9 19 22 
-1 -551 44 24 42 38 33 48 27 13 51 2 11 15 72 17 66 74 64 70 25 3 5 56 68 54 46 9 19 22 
-1 -551 44 24 42 38 33 48 27 13 51 2 11 15 72 69 17 74 66 64 70 25 3 5 56 54 46 9 19 22 
-1 -551 44 24 42 38 33 48 27 13 2 11 15 69 17 66 74 64 70 25 3 5 56 54 50 73 46 9 19 22 
-1 -551 44 24 42 38 48 27 13 2 11 25 56 69 17 32 66 74 64 70 3 5 54 50 73 46 16 9 19 22 
-1 -551 44 24 42 38 48 27 13 2 25 56 69 12 17 32 66 74 64 70 3 5 54 50 73 46 16 9 19 22 
-1 -551 44 24 42 38 33 48 27 13 51 2 11 15 69 17 66 74 64 70 25 3 5 56 54 73 46 9 19 22 
-1 -551 44 42 48 27 13 23 2 39 71 11 15 56 54 68 72 64 17 31 66 74 50 46 9 19 22 6 3 25 
-1 -551 44 42 48 27 13 23 2 39 11 15 25 56 72 69 17 31 64 70 3 66 74 54 50 46 9 19 22 6 
-1 -551 44 42 48 27 13 23 2 39 71 11 15 54 56 72 64 69 17 31 66 74 50 46 9 19 22 6 3 25 
-1 -551 44 42 48 27 13 51 23 2 39 71 11 15 54 56 72 64 69 17 31 66 74 46 9 19 22 6 3 25 
-1 -551 44 24 42 48 27 13 2 39 11 15 25 56 72 17 31 64 70 3 66 74 68 54 50 46 9 19 22 6 
-1 -551 44 24 42 48 27 13 2 39 71 11 15 56 54 68 72 64 17 31 66 74 50 46 9 19 22 6 3 25 
-1 -551 44 24 42 48 27 13 51 2 39 11 15 56 72 17 31 64 70 3 25 66 74 68 54 46 9 19 22 6 
-1 -551 44 24 42 48 27 13 51 2 39 71 11 15 56 54 68 72 64 17 31 66 74 46 9 19 22 6 3 25 
-6 -553 -578 44 24 42 38 33 27 13 37 2 11 15 72 69 17 74 64 70 25 3 5 56 54 50 46 9 19 22 
-1 -551 42 38 48 31 20 27 13 23 2 71 11 50 56 68 54 64 46 72 16 44 66 74 18 22 9 5 3 25 
-1 -551 42 38 48 31 20 27 13 23 2 25 56 68 54 64 70 3 5 50 46 72 16 44 66 74 18 22 9 12 
-1 -551 42 38 48 31 20 27 13 23 2 71 25 50 56 68 54 64 46 72 16 44 66 74 18 22 9 12 5 3 
-1 -551 42 38 48 31 20 27 13 23 2 71 11 50 56 68 54 64 72 16 44 66 74 18 22 47 5 3 25 9 
-1 -551 42 38 48 31 20 27 13 23 2 71 11 50 54 56 64 69 46 72 16 44 66 74 18 22 9 5 3 25 
-1 -551 42 38 48 31 20 27 13 23 2 25 54 56 69 64 70 3 5 50 46 72 16 44 66 74 18 22 9 12 
-1 -551 42 38 48 31 20 27 13 23 2 71 25 50 54 56 64 69 46 72 16 44 66 74 18 22 9 12 5 3 
-1 -551 42 38 48 31 20 27 13 24 44 2 11 54 56 69 64 70 25 3 5 50 46 72 16 66 74 18 22 9 
-1 -551 42 38 48 31 20 27 13 2 25 54 56 69 64 70 3 5 50 46 72 16 24 44 66 74 18 22 9 12 
-1 -551 42 38 48 31 20 27 13 24 44 2 11 54 56 69 64 70 25 3 5 50 73 46 16 66 74 18 22 9 
-1 -551 42 38 48 32 27 13 24 44 2 11 25 54 56 69 64 70 3 5 50 46 72 16 20 66 74 18 22 9 
-1 -551 42 39 2 71 48 31 20 27 13 23 25 50 56 68 54 64 46 72 16 44 66 74 18 22 9 12 5 3 
-1 -551 42 39 2 48 31 20 27 13 24 44 11 54 56 69 64 70 25 3 5 50 46 72 16 66 74 18 22 9 
-6 -553 -588 44 42 49 38 37 27 13 23 2 11 15 72 17 31 74 64 70 25 3 56 68 54 50 46 9 19 22 
-6 -553 -588 44 42 49 38 37 27 13 23 2 11 15 72 69 17 31 74 64 70 25 3 56 54 50 46 9 19 22 
-6 -553 -588 44 42 49 38 37 27 13 51 23 2 11 15 72 17 31 74 64 70 25 3 56 68 54 46 9 19 22 
-1 -551 44 42 38 48 27 14 23 2 11 15 31 72 17 66 74 64 70 25 3 5 56 68 54 50 46 9 19 22 
-1 -551 44 42 38 48 27 14 23 2 71 11 15 56 72 64 17 31 66 74 3 5 68 54 50 46 25 9 19 22 
-1 -551 44 42 38 48 27 14 23 2 11 31 17 22 56 66 74 64 70 25 3 5 68 54 50 46 72 16 9 19 
-1 -551 44 42 38 48 27 14 23 2 12 17 31 22 56 66 74 64 70 25 3 5 68 54 50 46 72 16 9 19 
-1 -551 44 42 38 48 27 14 23 2 11 15 31 72 69 17 74 66 64 70 25 3 5 56 54 50 46 9 19 22 
-1 -551 44 42 38 48 27 14 23 2 11 31 17 22 56 69 66 74 64 70 25 3 5 54 50 46 72 16 9 19 
-1 -551 44 42 38 48 27 14 23 2 12 17 31 22 56 69 66 74 64 70 25 3 5 54 50 46 72 16 9 19 
-1 -551 44 42 38 48 27 14 51 23 2 11 15 72 17 31 66 74 64 70 25 3 5 56 68 54 46 9 19 22 
-1 -551 44 42 38 48 27 14 51 23 2 11 15 31 72 17 66 74 64 70 25 3 5 10 56 68 54 46 19 22 
-1 -553 44 42 38 48 27 14 51 23 2 11 19 22 56 8 54 68 46 17 31 64 70 25 74 72 16 3 5 9 
-1 -551 44 42 38 48 27 14 51 23 2 12 17 31 56 66 74 64 70 25 3 5 68 54 46 72 16 9 19 22 
-1 -553 44 42 38 48 27 14 51 23 2 12 17 19 22 56 46 31 64 70 25 74 72 16 3 5 9 8 68 54 
-1 -551 44 42 38 48 27 14 51 23 2 11 15 72 69 17 31 74 66 64 70 25 3 5 56 54 46 9 19 22 
-1 -551 44 24 42 38 48 27 14 2 11 15 31 72 17 66 74 64 70 25 3 5 56 68 54 50 46 9 19 22 
-1 -551 44 24 42 38 48 27 14 2 11 15 31 72 66 74 69 17 70 25 3 5 56 54 65 50 46 9 19 22 
-1 -551 44 24 42 38 48 27 14 2 11 31 17 22 56 69 66 74 64 70 25 3 5 54 50 46 72 16 9 19 
-1 -551 44 24 42 38 48 27 14 2 12 17 31 22 56 69 66 74 64 70 25 3 5 54 50 46 72 16 9 19 
-1 -551 44 24 42 38 48 27 14 51 2 11 15 72 17 31 66 74 64 70 25 3 5 56 68 54 46 9 19 22 
-1 -553 44 24 42 38 48 27 14 51 2 11 19 22 56 8 54 68 46 17 31 64 70 25 74 72 16 3 5 9 
-1 -551 44 24 42 38 48 27 14 51 2 11 15 72 66 74 69 17 31 70 25 3 5 56 54 65 46 9 19 22 
-1 -551 44 24 42 38 48 27 14 51 2 11 31 17 56 69 66 74 64 70 25 3 5 54 46 72 16 9 19 22 
-1 -551 44 24 42 38 48 27 14 51 2 12 17 31 56 69 66 74 64 70 25 3 5 54 46 72 16 9 19 22 
-1 -551 44 24 42 38 48 27 14 2 11 15 31 56 66 74 69 17 70 25 3 5 54 65 50 73 46 9 19 22 
-1 -551 44 24 42 38 48 27 14 2 11 31 17 22 56 69 66 74 64 70 25 3 5 54 50 73 46 16 9 19 
-1 -551 44 24 43 38 48 27 14 2 11 31 17 22 56 69 66 74 64 70 25 3 5 54 50 73 46 16 9 19 
-1 -551 44 24 42 38 48 27 14 2 12 17 31 22 56 69 66 74 64 70 25 3 5 54 50 73 46 16 9 19 
-1 -551 44 24 42 38 48 27 14 51 2 11 15 56 66 74 69 17 31 70 25 3 5 54 65 73 46 9 19 22 
-1 -551 44 24 42 38 48 27 14 2 11 15 72 32 17 66 74 64 70 25 3 5 56 68 54 50 46 9 19 22 
-1 -551 44 24 42 38 33 48 27 14 2 11 15 72 17 66 74 64 70 25 3 5 56 68 54 50 46 9 19 22 
-1 -551 44 24 43 38 48 27 14 2 11 32 17 22 56 66 74 64 70 25 3 5 68 54 50 46 72 16 9 19 
-1 -551 44 24 42 38 48 27 14 2 11 32 17 22 56 69 66 74 64 70 25 3 5 54 50 46 72 16 9 19 
-1 -551 44 24 42 38 48 27 14 2 12 32 17 22 56 69 66 74 64 70 25 3 5 54 50 46 72 16 9 19 
-1 -551 44 24 42 38 48 27 14 51 2 11 15 72 17 32 66 74 64 70 25 3 5 56 68 54 46 9 19 22 
-1 -551 44 24 42 38 33 48 27 14 51 2 11 15 72 17 66 74 64 70 25 3 5 56 68 54 46 9 19 22 
-1 -551 44 24 43 38 48 27 14 51 2 11 32 17 56 66 74 64 70 25 3 5 68 54 46 72 16 9 19 22 
-1 -551 44 24 42 38 48 27 14 2 11 32 17 22 56 69 66 74 64 70 25 3 5 54 50 73 46 16 9 19 
-1 -551 44 24 42 38 48 27 14 2 12 32 17 22 56 69 66 74 64 70 25 3 5 54 50 73 46 16 9 19 
-1 -551 44 42 48 27 14 23 2 39 71 11 15 6 56 54 68 72 64 17 31 66 74 50 46 3 25 9 19 22 
-1 -551 44 42 48 27 14 23 2 39 11 15 6 56 72 69 17 31 64 70 3 25 66 74 54 50 46 9 19 22 
-1 -551 44 42 48 27 14 23 2 39 71 11 15 6 54 56 72 64 69 17 31 66 74 50 46 3 25 9 19 22 
-1 -551 44 42 48 27 14 51 23 2 39 71 11 15 56 54 68 72 64 17 31 66 74 46 3 25 9 19 22 6 
-1 -551 44 24 42 48 27 14 2 39 11 15 6 56 72 17 31 64 70 3 25 66 74 68 54 50 46 9 19 22 
-1 -551 44 24 42 48 27 14 2 39 71 11 15 6 56 54 68 72 64 17 31 66 74 50 46 3 25 9 19 22 
-1 -551 44 24 42 48 27 14 51 2 39 11 15 6 56 72 17 31 64 70 3 25 66 74 68 54 46 9 19 22 
-1 -551 44 24 42 39 2 48 27 14 11 32 17 22 56 69 66 74 64 70 25 3 5 54 50 46 72 16 9 19 
-1 -551 42 38 48 31 20 27 14 23 2 11 15 56 72 64 70 25 3 5 68 54 50 46 44 66 74 18 22 9 
-1 -551 42 38 48 31 20 27 14 23 2 15 12 56 72 64 70 25 3 5 68 54 50 46 44 66 74 18 22 9 
-1 -551 42 38 48 31 20 27 14 23 2 11 44 9 56 68 54 64 70 25 3 5 50 46 66 74 18 22 72 16 
-1 -551 42 38 48 31 20 27 14 23 2 12 44 9 56 68 54 64 70 25 3 5 50 46 66 74 18 22 72 16 
-1 -551 42 38 48 31 20 27 14 23 2 11 15 56 72 69 64 70 25 3 5 54 50 46 44 66 74 18 22 9 
-1 -551 42 38 48 31 20 27 14 23 2 11 44 9 54 56 69 64 70 25 3 5 50 46 66 74 18 22 72 16 
-1 -551 42 38 48 31 20 27 14 23 2 12 44 9 54 56 69 64 70 25 3 5 50 46 66 74 18 22 72 16 
-1 -551 42 38 48 31 20 27 14 24 44 2 11 15 56 72 64 70 25 3 5 68 54 50 46 66 74 18 22 9 
-1 -551 43 38 48 31 20 27 14 24 44 2 11 15 56 72 64 70 25 3 5 68 54 50 46 66 74 18 22 9 
-1 -551 42 38 48 31 20 27 14 2 15 24 44 12 56 72 64 70 25 3 5 68 54 50 46 66 74 18 22 9 
-1 -551 42 38 48 31 20 27 14 24 44 2 11 15 56 72 69 64 70 25 3 5 54 50 46 66 74 18 22 9 
-1 -551 43 38 48 31 20 27 14 24 44 2 11 15 56 72 69 64 70 25 3 5 54 50 46 66 74 18 22 9 
-1 -551 42 38 48 31 20 27 14 24 44 2 11 9 54 56 69 64 70 25 3 5 50 46 66 74 18 22 72 16 
-1 -551 42 38 48 31 20 27 14 24 44 2 11 15 56 68 54 64 70 25 3 5 50 73 46 66 74 18 22 9 
-1 -551 42 38 48 31 20 27 14 24 44 2 11 15 54 56 69 64 70 25 3 5 50 73 46 66 74 18 22 9 
-1 -551 42 38 48 31 20 27 14 24 44 2 11 9 54 56 69 64 70 25 3 5 50 73 46 66 74 18 22 16 
-1 -551 42 38 48 32 27 14 24 44 2 11 15 56 72 64 70 25 3 5 68 54 50 46 20 66 74 18 22 9 
-1 -551 42 38 33 48 27 14 24 44 2 11 15 56 72 64 70 25 3 5 68 54 50 46 20 66 74 18 22 9 
-1 -551 42 38 33 48 27 14 2 15 24 44 12 56 72 64 70 25 3 5 68 54 50 46 20 66 74 18 22 9 
-1 -551 42 38 48 32 27 14 24 44 2 11 15 56 72 69 64 70 25 3 5 54 50 46 20 66 74 18 22 9 
-1 -551 42 38 33 48 27 14 24 44 2 11 15 56 72 69 64 70 25 3 5 54 50 46 20 66 74 18 22 9 
-1 -551 42 38 48 32 27 14 24 44 2 11 20 9 54 56 69 64 70 25 3 5 50 46 66 74 18 22 72 16 
-1 -551 42 38 48 32 27 14 24 44 2 11 15 56 68 54 64 70 25 3 5 50 73 46 20 66 74 18 22 9 
-1 -551 42 48 31 20 27 14 23 2 39 11 15 56 72 64 70 25 3 5 68 54 50 46 44 66 74 18 22 9 
-1 -551 42 48 31 20 27 14 23 2 39 71 11 15 56 68 54 72 64 50 46 44 66 74 18 22 25 5 3 9 
-1 -551 42 48 31 20 27 14 23 2 39 15 12 56 72 64 70 25 3 5 68 54 50 46 44 66 74 18 22 9 
-1 -551 42 48 31 20 27 14 23 2 39 71 15 12 56 68 54 72 64 50 46 44 66 74 18 22 25 5 3 9 
-1 -551 42 48 31 20 27 14 2 39 71 15 24 44 56 68 54 72 64 50 46 66 74 18 22 25 5 3 9 12 
-1 -551 44 42 38 48 27 13 23 2 11 15 25 72 17 31 74 66 68 56 64 70 3 5 50 46 9 19 22 55 
-1 -551 44 42 38 48 27 13 23 2 71 11 15 72 64 17 31 66 74 68 56 50 46 9 19 22 55 5 3 25 
-1 -551 44 42 38 48 27 13 51 23 2 11 15 72 17 31 74 66 68 56 64 70 25 3 5 46 9 19 22 55 
-1 -551 44 42 38 48 27 13 51 23 2 71 11 15 72 64 17 31 66 74 68 56 46 9 19 22 55 5 3 25 
-1 -551 44 42 48 27 13 23 2 39 11 15 25 56 72 69 17 31 64 70 3 66 74 50 46 9 19 22 55 6 
-1 -551 44 42 48 27 13 23 2 39 71 11 15 56 72 64 69 17 31 66 74 50 46 9 19 22 55 6 3 25 
-1 -551 42 38 48 31 20 27 13 23 2 71 25 50 56 68 46 64 72 16 44 66 74 18 22 55 9 12 5 3 
-1 -551 42 38 48 31 20 27 13 23 2 71 11 50 56 46 64 69 72 16 44 66 74 18 22 55 9 5 3 25 
-1 -551 44 42 38 48 27 14 23 2 11 15 31 72 17 74 66 68 56 64 70 25 3 5 50 46 9 19 22 55 
-1 -551 44 42 38 48 27 14 23 2 71 11 15 72 64 17 31 66 74 68 56 3 5 50 46 25 9 19 22 55 
-1 -551 44 42 38 48 27 14 51 23 2 11 15 72 17 31 74 66 68 56 64 70 25 3 5 46 9 19 22 55 
-1 -551 44 42 38 48 27 14 51 23 2 71 11 15 72 64 17 31 66 74 68 56 46 25 5 3 9 19 22 55 
-1 -553 44 42 38 48 27 14 51 23 2 11 8 68 19 56 46 17 31 64 70 25 74 22 55 72 16 3 5 9 
-1 -551 44 42 48 27 14 51 23 2 39 11 15 6 56 72 69 17 31 64 70 3 25 66 74 46 9 19 22 55 
-1 -551 42 38 48 31 20 27 14 23 2 11 15 56 68 72 64 70 25 3 5 50 46 44 66 74 18 22 55 9 
-1 -551 42 38 48 31 20 27 14 23 2 15 12 56 68 72 64 70 25 3 5 50 46 44 66 74 18 22 55 9 
-1 -551 42 38 48 31 20 27 14 23 2 11 15 56 72 69 64 70 25 3 5 50 46 44 66 74 18 22 55 9 
-1 -551 42 38 48 31 20 27 14 23 2 15 12 56 72 69 64 70 25 3 5 50 46 44 66 74 18 22 55 9 
-1 -551 42 48 31 20 27 14 23 2 39 11 15 56 68 72 64 70 25 3 5 50 46 44 66 74 18 22 55 9 
-1 -551 42 48 31 20 27 14 23 2 39 71 11 15 56 68 72 64 50 46 44 66 74 18 22 55 25 5 3 9 
-1 -551 42 48 31 20 27 14 23 2 39 15 12 56 68 72 64 70 25 3 5 50 46 44 66 74 18 22 55 9 
-1 -551 42 48 31 20 27 14 23 2 39 71 11 15 56 72 64 69 50 46 44 66 74 18 22 55 25 5 3 9 
-1 -551 42 38 28 48 44 23 2 11 15 25 72 17 31 66 74 64 70 3 5 56 68 54 50 46 13 9 19 22 
-1 -551 42 38 28 48 44 23 2 25 12 17 56 31 66 74 64 70 3 5 68 54 50 46 13 72 16 9 19 22 
-1 -551 42 38 28 48 44 23 2 11 15 25 72 69 17 31 74 66 64 70 3 5 56 54 50 46 13 9 19 22 
-1 -551 42 38 28 48 44 23 2 25 12 17 56 69 31 66 74 64 70 3 5 54 50 46 13 72 16 9 19 22 
-1 -551 42 38 28 48 44 23 2 11 15 25 72 17 31 66 74 64 70 3 5 56 68 54 46 51 13 9 19 22 
-1 -551 42 38 28 48 44 23 2 11 15 25 72 69 17 31 74 66 64 70 3 5 56 54 46 51 13 9 19 22 
-1 -551 42 38 28 48 44 24 2 11 15 25 72 17 31 66 74 64 70 3 5 56 68 54 50 46 13 9 19 22 
-1 -551 42 38 28 48 44 24 2 15 25 72 31 12 17 66 74 64 70 3 5 10 56 68 54 50 46 13 19 22 
-1 -551 42 38 28 48 44 24 2 11 25 31 56 17 66 74 64 70 3 5 68 54 50 46 13 72 16 9 19 22 
-1 -551 42 38 28 48 44 24 2 25 12 17 56 31 66 74 64 70 3 5 68 54 50 46 13 72 16 9 19 22 
-1 -551 42 38 28 48 44 24 2 11 15 25 72 69 17 31 74 66 64 70 3 5 56 54 50 46 13 9 19 22 
-1 -551 42 38 28 48 44 24 2 11 25 31 56 69 17 66 74 64 70 3 5 54 50 46 13 72 16 9 19 22 
-1 -551 42 38 28 48 44 24 2 25 12 17 56 69 31 66 74 64 70 3 5 54 50 46 13 72 16 9 19 22 
-1 -551 42 38 28 48 44 24 2 11 15 25 72 17 31 66 74 64 70 3 5 56 68 54 46 51 13 9 19 22 
-1 -551 42 38 28 48 44 24 2 11 15 25 72 69 17 31 74 66 64 70 3 5 56 54 46 51 13 9 19 22 
-1 -551 42 38 28 48 44 23 2 11 15 25 17 31 69 67 3 5 74 64 70 56 54 50 73 46 13 9 19 22 
-1 -551 42 38 28 48 44 24 2 11 15 25 69 17 31 66 74 64 70 3 5 56 54 50 73 46 13 9 19 22 
-1 -551 42 38 28 48 44 24 2 11 25 31 56 69 17 66 74 64 70 3 5 54 50 73 46 13 16 9 19 22 
-1 -551 42 38 28 48 44 24 2 25 12 17 56 69 31 66 74 64 70 3 5 54 50 73 46 13 16 9 19 22 
-1 -551 42 38 28 48 44 24 2 11 15 25 69 17 31 66 74 64 70 3 5 56 54 73 46 51 13 9 19 22 
-1 -551 42 38 28 33 48 44 24 2 11 15 25 72 17 66 74 64 70 3 5 56 68 54 50 46 13 9 19 22 
-1 -551 42 38 28 33 48 44 24 2 25 56 12 17 66 74 64 70 3 5 68 54 50 46 13 72 16 9 19 22 
-1 -551 42 38 28 33 48 44 24 2 11 15 25 72 69 17 74 66 64 70 3 5 56 54 50 46 13 9 19 22 
-1 -551 42 38 28 33 48 44 24 2 11 25 56 69 17 66 74 64 70 3 5 54 50 46 13 72 16 9 19 22 
-1 -551 42 38 28 33 48 44 24 2 11 15 25 72 17 66 74 64 70 3 5 56 68 54 46 51 13 9 19 22 
-1 -551 42 38 28 33 48 44 24 2 11 15 25 72 69 17 74 66 64 70 3 5 56 54 46 51 13 9 19 22 
-1 -551 42 38 28 33 48 44 24 2 11 15 25 69 17 66 74 64 70 3 5 56 54 50 73 46 13 9 19 22 
-6 -553 -578 42 38 28 44 24 37 2 11 15 25 72 17 31 74 64 70 3 5 56 68 54 50 46 13 9 19 22 
-6 -553 -578 42 38 28 44 24 37 2 11 15 25 72 69 17 31 74 64 70 3 5 56 54 50 46 13 9 19 22 
-1 -551 42 38 28 48 31 20 23 2 71 11 25 50 56 68 54 64 46 13 72 16 44 66 74 18 22 9 5 3 
-1 -551 42 38 28 48 31 20 23 2 25 12 56 68 54 64 70 3 5 50 46 13 72 16 44 66 74 18 22 9 
-1 -551 42 38 28 48 31 20 23 2 71 25 50 56 68 54 64 3 5 46 13 72 16 44 66 74 18 22 9 12 
-1 -551 42 38 28 48 31 20 23 2 25 12 54 56 69 64 70 3 5 50 46 13 72 16 44 66 74 18 22 9 
-1 -551 42 38 28 48 31 20 2 25 24 44 56 68 54 64 70 3 5 50 46 13 72 16 66 74 18 22 9 12 
-1 -551 42 38 28 48 31 20 24 44 2 11 25 54 56 69 64 70 3 5 50 46 13 72 16 66 74 18 22 9 
-1 -551 42 38 28 48 31 20 2 25 24 44 54 56 69 64 70 3 5 50 46 13 72 16 66 74 18 22 9 12 
-1 -551 42 49 38 28 44 23 2 11 15 25 72 17 31 66 74 64 70 3 5 56 68 54 50 46 13 9 19 22 
-1 -551 42 49 38 28 44 24 2 11 15 25 72 17 31 66 74 64 70 3 5 56 68 54 50 46 13 9 19 22 
-1 -551 42 38 28 48 44 23 2 11 15 31 17 72 66 74 64 70 14 25 3 5 56 68 54 50 46 9 19 22 
-1 -551 42 38 28 48 44 23 2 11 31 17 22 19 56 66 74 64 70 14 25 3 5 68 54 50 46 72 16 9 
-1 -551 42 38 28 48 44 23 2 12 17 31 22 19 56 66 74 64 70 14 25 3 5 68 54 50 46 72 16 9 
-1 -551 42 38 28 48 44 23 2 11 15 31 17 72 69 74 66 64 70 14 25 3 5 56 54 50 46 9 19 22 
-1 -551 42 38 28 48 44 23 2 12 17 31 22 19 56 69 66 74 64 70 14 25 3 5 54 50 46 72 16 9 
-1 -551 42 38 28 48 44 23 2 11 15 31 17 72 66 74 64 70 51 14 25 3 5 56 68 54 46 9 19 22 
-1 -551 42 38 28 48 44 23 2 11 15 31 17 22 72 66 74 64 70 51 14 25 3 5 10 56 68 54 46 19 
-1 -551 42 38 28 48 44 23 2 12 17 31 22 19 56 66 74 64 70 51 14 25 3 5 68 54 46 72 16 9 
-1 -551 42 38 28 48 44 23 2 11 15 31 17 72 69 74 66 64 70 51 14 25 3 5 56 54 46 9 19 22 
-1 -551 42 38 28 48 44 24 2 11 15 31 17 72 66 74 64 70 14 25 3 5 56 68 54 50 46 9 19 22 
-1 -551 42 38 28 48 44 24 2 11 31 17 22 19 56 66 74 64 70 14 25 3 5 68 54 50 46 72 16 9 
-1 -551 42 38 28 48 44 24 2 12 17 31 22 19 56 66 74 64 70 14 25 3 5 68 54 50 46 72 16 9 
-1 -551 42 38 28 48 44 24 2 11 15 31 17 72 69 74 66 64 70 14 25 3 5 56 54 50 46 9 19 22 
-1 -551 42 38 28 48 44 24 2 11 31 17 22 19 56 69 66 74 64 70 14 25 3 5 54 50 46 72 16 9 
-1 -551 42 38 28 48 44 24 2 12 17 31 22 19 56 69 66 74 64 70 14 25 3 5 54 50 46 72 16 9 
-1 -551 42 38 28 48 44 24 2 11 15 31 17 72 66 74 64 70 51 14 25 3 5 56 68 54 46 9 19 22 
-1 -551 42 38 28 48 44 24 2 11 15 31 17 22 72 66 74 64 70 51 14 25 3 5 10 56 68 54 46 19 
-1 -551 42 38 28 48 44 24 2 11 31 17 22 19 56 66 74 64 70 51 14 25 3 5 68 54 46 72 16 9 
-1 -553 42 28 38 48 44 24 2 11 8 54 68 9 19 22 56 46 17 31 64 70 25 74 14 51 72 16 3 5 
-1 -551 42 38 28 48 44 24 2 12 17 31 22 19 56 66 74 64 70 51 14 25 3 5 68 54 46 72 16 9 
-1 -551 42 38 28 48 44 24 2 11 15 31 17 72 69 74 66 64 70 51 14 25 3 5 56 54 46 9 19 22 
-1 -551 42 38 28 48 44 24 2 11 15 31 17 22 72 69 74 66 64 70 51 14 25 3 5 10 56 54 46 19 
-1 -551 42 38 28 48 44 24 2 11 31 17 22 19 56 69 66 74 64 70 51 14 25 3 5 54 46 72 16 9 
-1 -551 42 38 28 48 44 24 2 12 17 31 22 19 56 69 66 74 64 70 51 14 25 3 5 54 46 72 16 9 
-1 -551 42 38 28 48 44 24 2 11 15 31 17 69 66 74 64 70 14 25 3 5 56 54 50 73 46 9 19 22 
-1 -551 42 38 28 48 44 24 2 11 31 17 22 19 56 69 66 74 64 70 14 25 3 5 54 50 73 46 16 9 
-1 -551 42 38 28 48 44 24 2 12 17 31 22 19 56 69 66 74 64 70 14 25 3 5 54 50 73 46 16 9 
-1 -551 42 38 28 48 44 24 2 11 15 31 17 69 66 74 64 70 51 14 25 3 5 56 54 73 46 9 19 22 
-1 -551 42 38 28 33 48 44 24 2 11 15 17 72 66 74 64 70 14 25 3 5 56 68 54 50 46 9 19 22 
-1 -551 42 38 28 33 48 44 24 2 11 15 17 72 66 74 64 70 51 14 25 3 5 56 68 54 46 9 19 22 
-1 -551 42 38 28 48 31 20 23 2 11 15 44 56 72 64 70 14 25 3 5 68 54 50 46 66 74 18 22 9 
-1 -551 42 38 28 48 31 20 23 2 15 12 44 56 72 64 70 14 25 3 5 68 54 50 46 66 74 18 22 9 
-1 -551 42 38 28 48 31 20 23 2 11 44 9 56 68 54 64 70 14 25 3 5 50 46 66 74 18 22 72 16 
-1 -551 42 38 28 48 31 20 23 2 12 44 9 56 68 54 64 70 14 25 3 5 50 46 66 74 18 22 72 16 
-1 -551 42 38 28 48 31 20 23 2 11 15 44 56 72 69 64 70 14 25 3 5 54 50 46 66 74 18 22 9 
-1 -551 42 38 28 48 31 20 23 2 15 12 44 56 72 69 64 70 14 25 3 5 54 50 46 66 74 18 22 9 
-1 -551 42 38 28 48 31 20 23 2 12 44 9 54 56 69 64 70 14 25 3 5 50 46 66 74 18 22 72 16 
-1 -551 42 38 28 48 31 20 24 44 2 11 15 56 72 64 70 14 25 3 5 68 54 50 46 66 74 18 22 9 
-1 -551 42 38 28 48 31 20 2 15 24 44 12 56 72 64 70 14 25 3 5 68 54 50 46 66 74 18 22 9 
-1 -551 42 38 28 48 31 20 2 24 44 12 9 56 68 54 64 70 14 25 3 5 50 46 66 74 18 22 72 16 
-1 -551 42 38 28 48 31 20 24 44 2 11 15 56 72 69 64 70 14 25 3 5 54 50 46 66 74 18 22 9 
-1 -551 42 38 28 48 31 20 24 44 2 11 9 54 56 69 64 70 14 25 3 5 50 46 66 74 18 22 72 16 
-1 -551 42 38 28 48 31 20 24 44 2 11 15 56 68 54 64 70 14 25 3 5 50 73 46 66 74 18 22 9 
-1 -551 42 38 28 48 31 20 24 44 2 11 15 54 56 69 64 70 14 25 3 5 50 73 46 66 74 18 22 9 
-1 -551 42 38 28 33 48 24 44 2 11 15 20 56 72 64 70 14 25 3 5 68 54 50 46 66 74 18 22 9 
-1 -551 42 49 38 28 44 23 2 11 15 31 17 72 66 74 64 70 14 25 3 5 56 68 54 50 46 9 19 22 
-1 -551 42 49 38 28 44 24 2 11 15 31 17 72 66 74 64 70 14 25 3 5 56 68 54 50 46 9 19 22 
-1 -551 42 38 28 48 44 23 2 11 15 25 72 17 31 74 66 68 56 64 70 3 5 50 46 13 9 19 22 55 
-1 -551 42 38 28 48 44 23 2 25 12 17 56 68 31 66 74 64 70 3 5 50 46 13 72 16 9 19 22 55 
-1 -551 42 38 28 48 44 23 2 11 15 25 72 69 17 31 74 66 64 70 3 5 56 50 46 13 9 19 22 55 
-1 -551 42 38 28 48 44 23 2 25 12 17 56 69 31 66 74 64 70 3 5 50 46 13 72 16 9 19 22 55 
-1 -551 42 38 28 48 44 23 2 11 15 25 72 17 31 74 66 68 56 64 70 3 5 46 51 13 9 19 22 55 
-1 -551 42 38 28 48 44 23 2 11 15 25 72 69 17 31 74 66 64 70 3 5 56 46 51 13 9 19 22 55 
-6 -553 -578 42 38 28 37 44 23 2 11 15 25 72 17 31 74 68 56 64 70 3 5 50 46 13 9 19 22 55 
-6 -553 -578 42 38 28 37 44 23 2 11 15 25 72 69 17 31 74 64 70 3 5 56 50 46 13 9 19 22 55 
-1 -551 42 38 28 48 31 20 23 2 25 12 50 56 68 64 70 3 5 46 13 72 16 44 66 74 18 22 55 9 
-1 -551 42 49 38 28 44 23 2 11 15 25 72 17 31 74 66 68 56 64 70 3 5 50 46 13 9 19 22 55 
-1 -551 42 38 28 48 44 23 2 11 15 31 17 72 74 66 68 56 64 70 14 25 3 5 50 46 9 19 22 55 
-1 -551 42 38 28 48 44 23 2 12 17 31 22 55 56 68 66 74 64 70 14 25 3 5 50 46 72 16 9 19 
-1 -551 42 38 28 48 44 23 2 11 15 31 17 72 69 74 66 64 70 14 25 3 5 56 50 46 9 19 22 55 
-1 -551 42 38 28 48 44 23 2 12 17 31 22 55 56 69 66 74 64 70 14 25 3 5 50 46 72 16 9 19 
-1 -551 42 38 28 48 44 23 2 11 15 31 17 72 74 66 68 56 64 70 51 14 25 3 5 46 9 19 22 55 
-1 -551 42 38 28 48 44 23 2 11 15 31 17 72 74 66 68 56 64 70 51 14 25 3 5 10 46 19 22 55 
-1 -551 42 38 28 48 44 23 2 12 17 31 22 55 56 68 66 74 64 70 51 14 25 3 5 46 72 16 9 19 
-1 -551 42 38 28 48 44 23 2 11 15 31 17 72 69 74 66 64 70 51 14 25 3 5 56 46 9 19 22 55 
-1 -551 42 38 28 48 44 23 2 11 15 31 17 72 69 74 66 64 70 51 14 25 3 5 10 56 46 19 22 55 
-1 -551 42 38 28 48 31 20 23 2 11 15 44 56 68 72 64 70 14 25 3 5 50 46 66 74 18 22 55 9 
-1 -551 42 38 28 48 31 20 23 2 15 12 44 56 68 72 64 70 14 25 3 5 50 46 66 74 18 22 55 9 
-1 -551 42 38 28 48 31 20 23 2 11 15 44 56 72 69 64 70 14 25 3 5 50 46 66 74 18 22 55 9 
-1 -551 42 49 38 28 44 23 2 11 15 31 17 72 74 66 68 56 64 70 14 25 3 5 50 46 9 19 22 55 
-1 -551 44 26 42 38 48 27 13 23 2 11 15 72 17 31 66 74 64 70 3 5 56 68 54 50 46 9 19 22 
-1 -551 44 26 42 38 48 27 13 23 2 71 11 15 56 72 64 17 31 66 74 68 54 50 46 9 19 22 5 3 
-1 -551 44 26 42 38 48 27 13 23 2 11 15 72 69 17 31 74 66 64 70 3 5 56 54 50 46 9 19 22 
-1 -551 44 26 42 38 48 27 13 51 23 2 11 15 72 69 17 31 74 66 64 70 3 5 56 54 46 9 19 22 
-1 -551 44 26 42 38 48 27 14 23 2 11 15 72 17 31 66 74 64 70 3 5 56 68 54 50 46 9 19 22 
-1 -551 44 26 42 38 48 27 14 23 2 11 15 72 69 17 31 74 66 64 70 3 5 56 54 50 46 9 19 22 
-1 -551 44 26 42 38 48 27 14 51 23 2 11 15 72 69 17 31 74 66 64 70 3 5 56 54 46 9 19 22 
-1 -551 44 26 42 38 48 27 13 23 2 11 15 72 17 31 74 66 68 56 64 70 3 5 50 46 9 19 22 55 
-1 -551 44 26 42 38 48 27 13 23 2 71 11 15 72 64 17 31 66 74 68 56 50 46 9 19 22 55 5 3 
-1 -551 44 26 42 38 48 27 13 51 23 2 11 15 72 17 31 74 66 68 56 64 70 3 5 46 9 19 22 55 
-1 -551 42 38 28 48 44 26 23 2 11 15 72 17 31 66 74 64 70 3 5 56 68 54 50 46 13 9 19 22 
-1 -551 42 38 28 48 44 26 23 2 11 15 72 69 17 31 74 66 64 70 3 5 56 54 50 46 13 9 19 22 
-1 -551 42 38 28 48 44 26 23 2 11 15 72 69 17 31 74 66 64 70 3 5 56 54 46 51 13 9 19 22 
-1 -551 42 38 28 48 44 26 23 2 11 15 31 72 17 66 74 64 70 14 3 5 56 68 54 50 46 9 19 22 
-1 -551 42 38 28 48 44 26 23 2 11 15 31 72 69 17 74 66 64 70 14 3 5 56 54 50 46 9 19 22 
-1 -551 42 38 28 48 44 26 23 2 11 15 31 72 69 17 74 66 64 70 51 14 3 5 56 54 46 9 19 22 
-1 -551 42 38 28 48 44 26 23 2 11 15 72 17 31 74 66 68 56 64 70 3 5 50 46 13 9 19 22 55 
-1 -551 42 38 28 48 44 26 23 2 11 15 72 69 17 31 74 66 64 70 3 5 56 50 46 13 9 19 22 55 
-1 -551 42 38 28 48 44 26 23 2 11 15 72 17 31 74 66 68 56 64 70 3 5 46 51 13 9 19 22 55 
-1 -551 42 38 28 48 44 26 23 2 11 15 31 72 17 74 66 68 56 64 70 14 3 5 50 46 9 19 22 55 
-1 -551 42 38 28 48 44 26 23 2 11 15 31 72 69 17 74 66 64 70 14 3 5 56 50 46 9 19 22 55 
-1 -551 42 38 28 48 44 26 23 2 11 15 31 72 17 74 66 68 56 64 70 51 14 3 5 46 9 19 22 55 
-1 -551 44 42 38 48 27 13 23 2 11 15 25 66 72 17 31 75 64 70 3 5 56 68 54 50 46 9 19 22 
-1 -551 44 42 38 48 27 13 23 2 71 11 15 56 66 72 64 17 31 75 68 54 50 46 9 19 22 5 3 25 
-1 -551 44 42 38 48 27 13 23 2 25 56 66 31 12 17 75 64 70 3 5 68 54 50 46 72 16 9 19 22 
-1 -551 44 42 38 48 27 13 51 23 2 11 15 66 72 17 31 75 64 70 25 3 5 56 68 54 46 9 19 22 
-1 -551 44 42 38 48 27 13 51 23 2 71 11 15 56 66 72 64 17 31 75 68 54 46 9 19 22 5 3 25 
-1 -551 42 38 48 31 20 27 13 23 2 71 11 56 54 68 64 75 50 46 72 16 66 18 22 9 44 5 3 25 
-1 -551 42 38 48 31 20 27 13 23 2 25 56 54 68 75 64 70 3 5 50 46 72 16 66 18 22 9 44 12 
-1 -551 42 38 48 31 20 27 13 23 2 71 25 56 54 68 64 75 50 46 72 16 66 18 22 9 44 12 5 3 
-1 -551 44 42 38 48 27 14 23 2 11 15 31 66 72 17 75 64 70 25 3 5 56 68 54 50 46 9 19 22 
-1 -551 44 42 38 48 27 14 23 2 71 11 15 56 66 72 64 17 31 75 3 5 68 54 50 46 25 9 19 22 
-1 -551 44 42 38 48 27 14 23 2 11 31 17 22 56 66 75 64 70 25 3 5 68 54 50 46 72 16 9 19 
-1 -551 44 42 38 48 27 14 23 2 12 17 31 22 56 66 75 64 70 25 3 5 68 54 50 46 72 16 9 19 
-1 -551 44 42 38 48 27 14 51 23 2 11 15 66 72 17 31 75 64 70 25 3 5 56 68 54 46 9 19 22 
-1 -551 44 42 38 48 27 14 51 23 2 71 11 15 56 66 72 64 17 31 75 68 54 46 25 5 3 9 19 22 
-1 -551 42 38 48 31 20 27 14 23 2 11 15 56 72 75 64 70 25 3 5 68 54 50 46 66 18 22 9 44 
-1 -551 42 38 48 31 20 27 14 23 2 11 44 9 56 54 68 75 64 70 25 3 5 50 46 66 18 22 72 16 
-1 -551 42 38 48 31 20 27 14 23 2 12 44 9 56 54 68 75 64 70 25 3 5 50 46 66 18 22 72 16 
-1 -551 44 42 38 48 27 13 23 2 11 15 25 72 17 31 66 68 56 75 64 70 3 5 50 46 9 19 55 22 
-1 -551 44 42 38 48 27 13 23 2 71 11 15 66 72 64 17 31 68 56 75 50 46 9 19 55 22 5 3 25 
-1 -551 44 42 38 48 27 13 23 2 25 56 68 66 31 12 17 75 64 70 3 5 50 46 72 16 9 19 55 22 
-1 -551 44 42 38 48 27 13 23 2 25 56 66 69 31 12 17 75 64 70 3 5 50 46 72 16 9 19 55 22 
-1 -551 44 42 38 48 27 13 51 23 2 11 15 72 17 31 66 68 56 75 64 70 25 3 5 46 9 19 55 22 
-1 -551 44 42 38 48 27 13 51 23 2 71 11 15 66 72 64 17 31 68 56 75 46 9 19 55 22 5 3 25 
-1 -551 44 42 48 27 13 23 2 39 11 15 25 72 17 31 66 68 56 75 64 70 3 5 50 46 9 19 55 22 
-1 -551 44 42 48 27 13 23 2 39 11 15 25 56 68 66 72 17 31 64 70 3 75 50 46 9 19 55 22 6 
-6 -553 -578 44 42 38 37 27 13 23 2 11 15 25 72 17 31 68 56 75 64 70 3 5 50 46 9 19 55 22 
-1 -551 44 42 38 48 27 14 23 2 11 15 31 72 17 66 68 56 75 64 70 25 3 5 50 46 9 19 55 22 
-1 -551 44 42 38 48 27 14 23 2 71 11 15 66 72 64 17 31 68 56 75 3 5 50 46 25 9 19 55 22 
-1 -551 44 42 38 48 27 14 23 2 12 17 31 56 68 66 75 22 55 64 70 25 3 5 50 46 72 16 9 19 
-1 -551 44 42 38 48 27 14 23 2 12 17 31 56 66 69 75 22 55 64 70 25 3 5 50 46 72 16 9 19 
-1 -551 44 42 38 48 27 14 51 23 2 11 15 72 17 31 66 68 56 75 64 70 25 3 5 46 9 19 55 22 
-1 -551 44 42 38 48 27 14 51 23 2 71 11 15 66 72 64 17 31 68 56 75 46 25 5 3 9 19 55 22 
-1 -551 44 42 38 48 27 14 51 23 2 11 15 31 72 17 66 68 56 75 64 70 25 3 5 10 46 19 55 22 
-1 -551 44 42 38 48 27 14 51 23 2 12 17 31 56 68 66 75 64 70 25 3 5 46 72 16 9 19 55 22 
-1 -551 44 42 48 27 14 51 23 2 39 11 15 72 17 31 66 68 56 75 64 70 25 3 5 46 9 19 55 22 
-1 -551 42 38 48 31 20 27 14 23 2 11 15 72 68 56 75 64 70 25 3 5 50 46 66 18 55 22 9 44 
-1 -551 42 38 48 31 20 27 14 23 2 15 12 72 68 56 75 64 70 25 3 5 50 46 66 18 55 22 9 44 
-1 -551 42 38 48 31 20 27 14 23 2 11 15 72 69 75 64 70 25 3 5 56 50 46 66 18 55 22 9 44 
-1 -551 42 38 28 48 44 23 2 11 15 25 66 72 17 31 75 64 70 3 5 56 68 54 50 46 13 9 19 22 
-1 -551 42 38 28 48 44 23 2 25 12 17 56 66 31 75 64 70 3 5 68 54 50 46 13 72 16 9 19 22 
-1 -551 42 38 28 48 44 23 2 11 15 25 66 72 17 31 75 64 70 3 5 56 68 54 46 13 51 9 19 22 
-1 -551 42 38 28 48 44 23 2 11 15 31 17 66 72 75 64 70 14 25 3 5 56 68 54 50 46 9 19 22 
-1 -551 42 38 28 48 44 23 2 11 31 17 22 19 56 66 75 64 70 14 25 3 5 68 54 50 46 72 16 9 
-1 -551 42 38 28 48 44 23 2 12 17 31 22 19 56 66 75 64 70 14 25 3 5 68 54 50 46 72 16 9 
-1 -551 42 38 28 48 44 23 2 11 15 31 17 66 72 75 64 70 25 3 5 56 68 54 46 14 51 9 19 22 
-1 -551 42 38 28 48 31 20 23 2 11 15 44 56 72 75 64 70 14 25 3 5 68 54 50 46 66 18 22 9 
-1 -551 42 38 28 48 31 20 23 2 11 44 9 56 54 68 75 64 70 14 25 3 5 50 46 66 18 22 72 16 
-1 -551 42 38 28 48 31 20 23 2 11 15 44 72 69 75 64 70 14 25 3 5 56 54 50 46 66 18 22 9 
-1 -551 42 38 28 48 44 23 2 11 15 25 72 17 31 66 68 56 75 64 70 3 5 50 46 13 9 19 55 22 
-1 -551 42 38 28 48 44 23 2 25 12 17 56 68 66 31 75 64 70 3 5 50 46 13 72 16 9 19 55 22 
-1 -551 42 38 28 48 44 23 2 25 12 17 56 66 69 31 75 64 70 3 5 50 46 13 72 16 9 19 55 22 
-1 -551 42 38 28 48 44 23 2 11 15 25 72 17 31 66 68 56 75 64 70 3 5 46 13 51 9 19 55 22 
-1 -551 42 49 38 28 44 23 2 11 15 25 72 17 31 66 68 56 75 64 70 3 5 50 46 13 9 19 55 22 
-1 -551 42 38 28 48 44 23 2 11 15 31 17 72 66 68 56 75 64 70 14 25 3 5 50 46 9 19 55 22 
-1 -551 42 38 28 48 44 23 2 12 17 31 22 55 56 68 66 75 64 70 14 25 3 5 50 46 72 16 9 19 
-1 -551 42 38 28 48 44 23 2 11 15 31 17 72 66 68 56 75 64 70 25 3 5 46 14 51 9 19 55 22 
-1 -551 42 38 28 48 31 20 23 2 11 15 44 72 68 56 75 64 70 14 25 3 5 50 46 66 18 55 22 9 
-1 -551 44 26 42 38 48 27 13 23 2 11 15 66 72 17 31 75 64 70 3 5 56 68 54 50 46 9 19 22 
-1 -551 44 26 42 38 48 27 13 23 2 71 11 15 56 66 72 64 17 31 75 68 54 50 46 9 19 22 5 3 
-1 -551 44 26 42 38 48 27 14 23 2 11 15 66 72 17 31 75 64 70 3 5 56 68 54 50 46 9 19 22 
-1 -551 44 26 42 38 48 27 13 23 2 11 15 72 17 31 66 68 56 75 64 70 3 5 50 46 9 19 55 22 
-1 -551 44 26 42 38 48 27 13 51 23 2 11 15 72 17 31 66 68 56 75 64 70 3 5 46 9 19 55 22 
-1 -551 44 26 42 48 27 13 23 2 39 11 15 72 17 31 66 68 56 75 64 70 3 5 50 46 9 19 55 22 
-1 -551 42 38 28 48 44 26 23 2 11 15 66 72 17 31 75 64 70 3 5 56 68 54 50 46 13 9 19 22 
-1 -551 42 38 28 48 44 26 23 2 11 15 31 66 72 17 75 64 70 14 3 5 56 68 54 50 46 9 19 22 
-1 -551 42 38 28 48 44 26 23 2 11 15 72 17 31 66 68 56 75 64 70 3 5 50 46 13 9 19 55 22 
-1 -551 42 38 28 48 44 26 23 2 11 15 31 72 17 66 68 56 75 64 70 14 3 5 50 46 9 19 55 22 
-1 -551 38 28 33 48 44 24 25 21 11 42 1 4 56 15 17 66 74 64 70 5 68 54 73 46 51 13 9 19 
-1 -551 38 33 28 48 25 21 42 1 24 44 15 4 12 17 66 74 20 73 64 70 47 5 56 68 54 51 13 9 
-1 -551 38 28 33 48 44 24 25 21 11 42 1 6 56 54 68 15 66 74 64 17 4 71 50 73 46 13 9 19 
-1 -551 38 28 33 48 44 24 25 21 42 1 56 15 66 74 64 4 12 17 71 5 10 68 54 50 73 46 13 19 
-1 -551 38 33 28 48 25 21 42 1 24 44 15 4 12 17 66 74 20 73 64 70 47 5 56 68 54 50 13 9 
-1 -551 38 33 28 48 25 21 42 1 24 44 15 64 4 12 17 71 66 74 20 73 5 56 68 54 50 47 13 9 
-2 -553 38 28 33 48 44 24 25 21 11 42 1 4 63 15 72 17 74 64 70 5 56 68 54 46 51 13 9 19 
-1 -551 38 28 48 44 24 25 21 11 42 1 6 56 54 68 15 66 74 64 17 4 31 71 50 73 46 13 9 19 
-1 -551 38 28 48 44 24 25 21 42 1 12 17 56 15 66 74 64 4 31 71 5 10 68 54 50 73 46 13 19 
-1 -551 38 28 48 25 21 42 1 24 44 12 17 15 4 66 74 31 20 73 64 70 47 5 56 68 54 50 13 9 
-1 -551 38 28 48 25 21 42 1 24 44 12 17 15 64 4 71 66 74 31 20 73 5 56 68 54 50 47 13 9 
-1 -551 48 44 24 28 33 25 21 11 42 1 6 56 54 68 15 64 17 4 66 74 73 46 51 13 39 71 9 19 
-1 -551 48 44 24 28 33 25 21 42 1 12 17 56 15 64 4 66 74 5 10 68 54 73 46 51 13 39 71 19 
-1 -551 48 33 28 25 21 42 1 24 44 12 17 56 15 64 4 66 74 20 73 5 68 54 47 39 71 51 13 9 
-1 -551 48 44 24 28 33 25 21 11 42 1 6 56 54 68 15 64 17 4 66 74 50 73 46 13 39 71 9 19 
-1 -551 38 28 48 31 20 23 21 42 1 25 56 68 54 64 70 47 3 5 72 16 44 66 74 18 51 13 9 12 
-1 -551 38 33 28 48 25 21 42 1 4 24 44 56 68 54 64 70 5 50 46 13 72 16 20 66 74 18 9 12 
-1 -551 38 28 48 25 24 44 21 11 42 1 31 20 56 68 54 4 64 70 5 46 72 16 13 51 66 74 18 9 
-6 -553 -588 38 28 44 24 37 21 11 42 49 1 25 15 72 17 31 74 64 70 3 56 68 54 46 51 13 9 19 
-6 -553 -588 38 28 37 24 44 21 11 42 49 1 25 15 72 17 74 31 20 64 70 47 3 56 68 54 50 13 9 
-1 -551 38 28 33 48 21 42 1 24 44 12 17 20 56 66 74 64 70 47 14 25 3 5 68 54 50 72 16 9 
-1 -553 48 44 24 28 38 33 21 11 42 1 5 56 8 54 68 15 74 72 64 17 4 71 46 19 51 14 25 9 
-1 -551 38 28 33 48 44 24 21 11 42 1 4 17 19 15 66 74 72 64 71 5 10 56 68 54 46 51 14 25 
-1 -551 38 28 33 48 44 24 21 11 42 1 4 17 19 56 66 74 64 70 51 14 25 5 68 54 46 72 16 9 
-1 -553 48 44 24 28 38 33 21 42 1 12 17 19 56 46 74 64 4 71 72 16 5 51 14 25 9 8 68 54 
-1 -551 38 28 33 48 21 42 1 24 44 12 17 20 15 72 4 66 74 64 70 47 51 14 25 5 56 68 54 9 
-1 -551 38 28 33 48 21 42 1 24 44 12 17 20 56 4 66 74 64 70 47 51 14 25 5 68 54 72 16 9 
-1 -551 38 28 33 48 44 24 21 11 42 1 4 17 19 15 66 74 72 64 71 5 10 56 68 54 50 46 14 25 
-1 -551 38 28 33 48 44 24 21 42 1 12 17 4 15 66 74 72 64 71 5 56 68 54 50 46 14 25 9 19 
-1 -551 38 28 33 48 21 42 1 24 44 12 17 20 15 72 4 66 74 64 70 47 14 25 5 56 68 54 50 9 
-1 -551 38 28 33 48 21 42 1 24 44 12 17 20 56 4 66 74 64 70 47 14 25 5 68 54 50 72 16 9 
-1 -551 38 28 48 21 42 1 24 44 12 17 20 31 56 4 66 74 73 64 70 47 14 25 5 68 54 50 16 9 
-1 -551 38 28 48 21 42 1 24 44 12 17 20 31 56 4 66 74 64 70 47 14 25 5 68 54 50 72 16 9 
-1 -551 48 44 24 28 33 21 42 1 12 17 4 19 56 15 72 64 66 74 5 68 54 46 39 71 51 14 25 9 
-1 -551 38 28 33 48 21 42 1 24 44 12 20 9 56 68 54 64 70 47 14 25 3 5 50 66 74 18 72 16 
-1 -551 38 28 48 31 20 24 44 21 11 42 1 9 56 68 54 73 64 70 47 14 25 3 5 50 66 74 18 16 
-1 -551 38 28 48 31 20 24 44 21 11 42 1 10 56 68 54 64 71 3 5 50 46 66 74 18 14 25 72 16 
-1 -551 38 28 48 31 20 24 44 21 11 42 1 10 56 68 54 64 70 47 14 25 3 5 50 66 74 18 72 16 
-1 -551 38 28 48 31 20 23 21 42 1 12 44 56 68 54 64 71 3 5 10 46 66 74 18 51 14 25 72 16 
-1 -551 38 28 33 48 24 44 21 11 42 1 4 20 10 56 68 54 64 71 5 46 66 74 18 51 14 25 72 16 
-1 -551 38 28 33 48 21 42 1 4 24 44 12 20 56 68 54 64 70 25 5 46 14 51 66 74 18 72 16 9 
-1 -551 38 28 33 48 21 42 1 4 24 44 12 20 56 68 54 64 70 14 25 5 50 46 66 74 18 72 16 9 
-1 -551 38 28 33 48 21 42 1 4 24 44 12 20 56 68 54 64 71 5 50 46 66 74 18 72 16 14 25 9 
-1 -551 38 28 48 21 42 1 31 20 4 24 44 12 56 68 54 64 70 14 25 5 50 73 46 66 74 18 16 9 
-1 -551 38 28 48 21 42 1 31 20 4 24 44 12 56 68 54 64 71 5 50 73 46 66 74 18 16 14 25 9 
-1 -551 38 28 48 21 42 1 31 20 4 24 44 12 56 68 54 64 70 14 25 5 50 46 66 74 18 72 16 9 
-1 -551 38 28 48 21 42 1 31 20 4 24 44 12 56 68 54 64 71 5 50 46 66 74 18 72 16 14 25 9 
-1 -551 39 71 48 31 20 24 44 21 11 42 28 1 56 68 54 46 64 3 5 10 66 74 18 51 14 25 72 16 
-1 -551 39 71 48 31 20 23 21 42 28 1 12 44 56 68 54 46 64 66 74 18 72 16 51 14 5 3 25 9 
-1 -551 39 71 48 21 42 28 33 1 4 24 44 12 56 68 54 46 64 5 20 66 74 18 72 16 51 14 25 9 
-6 -553 -588 38 28 33 44 24 37 21 11 42 49 1 17 15 72 74 64 70 14 25 3 56 68 54 50 46 9 19 
-6 -553 -588 38 28 37 24 44 21 11 42 49 1 20 31 15 72 17 74 64 70 47 14 25 3 56 68 54 50 9 
-1 -551 38 28 48 31 20 23 21 42 1 25 56 68 64 70 55 47 3 5 72 16 44 66 74 18 51 13 9 12 
-1 -551 38 28 48 31 20 23 21 42 1 25 50 56 68 64 70 3 5 47 55 72 16 44 66 74 18 13 9 12 
-6 -553 -588 38 28 37 44 23 21 11 42 49 1 25 15 72 17 31 74 68 56 64 70 3 55 46 51 13 9 19 
-6 -553 -588 38 28 37 44 23 21 11 42 49 1 25 15 72 17 31 74 68 56 64 70 3 55 50 46 13 9 19 
-6 -553 -588 38 28 37 23 21 11 42 49 1 25 44 15 72 17 31 20 74 68 56 64 70 3 50 47 55 13 9 
-1 -553 48 44 28 38 23 21 42 1 12 17 8 68 56 46 55 74 64 31 71 19 72 16 51 14 5 3 25 9 
-1 -551 38 28 48 23 21 42 1 12 17 44 20 31 15 72 74 66 68 56 64 70 14 25 3 5 10 50 47 55 
-1 -551 48 44 28 23 21 42 1 12 17 31 19 15 72 64 66 74 68 56 3 5 10 55 46 39 71 51 14 25 
-1 -551 38 28 48 31 20 23 21 42 1 12 44 55 56 68 64 71 3 5 10 46 66 74 18 51 14 25 72 16 
-1 -551 38 28 48 31 20 23 21 42 1 12 44 9 50 56 68 64 70 14 25 3 5 47 55 66 74 18 72 16 
-1 -551 39 71 48 31 20 23 21 42 28 1 12 44 55 56 68 46 64 66 74 18 72 16 51 14 5 3 25 9 
-1 -551 44 24 38 48 27 13 51 21 11 1 43 25 56 15 66 74 70 3 5 68 54 65 73 46 9 19 17 32 
-1 -551 44 24 38 48 27 13 21 11 1 43 25 56 15 66 74 70 3 5 68 54 65 50 73 46 9 19 17 32 
-1 -560 38 48 44 24 35 27 13 21 11 1 43 25 56 54 68 15 74 70 3 65 50 73 46 9 19 17 32 6 
-1 -551 38 48 27 13 51 24 44 21 11 1 43 25 56 15 72 66 74 20 70 47 3 5 68 54 65 9 17 32 
-1 -551 38 48 27 13 51 21 1 43 25 56 15 72 66 74 24 44 70 47 3 5 68 54 65 9 20 31 17 12 
-1 -551 44 24 38 48 27 13 21 1 43 25 56 54 68 66 74 70 3 5 65 50 46 72 16 9 19 17 32 12 
-1 -551 38 48 27 13 24 44 21 11 1 43 25 56 15 72 66 74 20 70 47 3 5 68 54 65 50 9 17 32 
-1 -551 38 48 27 13 21 1 43 25 24 44 56 15 72 66 74 70 47 3 5 68 54 65 50 9 20 31 17 12 
-2 -553 44 24 38 33 48 27 13 51 25 21 11 42 56 63 15 17 4 74 64 70 5 68 54 73 46 9 19 1 
-1 -551 38 33 48 27 13 51 25 21 42 1 15 4 66 74 20 24 44 73 64 70 47 5 56 68 54 9 17 12 
-2 -553 44 24 38 33 48 27 13 51 25 21 11 42 63 15 72 17 4 74 64 70 5 56 68 54 46 9 19 1 
-1 -551 44 24 38 48 27 13 51 25 21 11 42 1 56 15 66 74 70 5 68 54 65 73 46 9 19 4 17 32 
-11 -553 -575 44 24 38 48 27 13 51 25 21 11 42 1 15 65 74 70 5 68 54 53 73 46 9 19 17 4 31 
-1 -551 44 24 38 48 27 13 51 25 21 11 1 43 56 15 66 74 70 5 68 54 65 73 46 9 19 17 4 31 
-1 -551 44 24 38 48 27 13 51 25 21 11 1 43 15 54 68 66 74 70 5 57 65 73 46 9 19 17 4 31 
-2 -553 44 24 38 48 27 13 51 25 21 11 42 1 56 63 15 4 17 32 74 64 70 5 68 54 73 46 9 19 
-2 -553 44 24 38 48 27 13 51 25 21 11 1 43 56 63 15 17 4 31 74 64 70 5 68 54 73 46 9 19 
-2 -553 44 24 38 48 27 13 51 25 21 11 42 1 56 63 15 74 70 5 68 54 65 73 46 9 19 17 4 31 
-2 -553 44 24 38 48 27 13 51 25 21 11 42 1 56 63 15 74 70 5 68 54 65 73 46 9 19 4 17 32 
-2 -553 44 24 38 48 27 13 51 25 21 11 1 43 56 63 15 74 70 5 68 54 65 73 46 9 19 17 4 31 
-1 -551 44 24 38 48 27 13 25 21 11 42 1 56 15 66 74 70 5 68 54 65 50 73 46 9 19 4 32 17 
-1 -551 44 24 38 48 27 13 25 21 11 1 43 31 56 15 66 74 70 5 68 54 65 50 73 46 9 19 17 4 
-1 -551 44 24 38 48 27 13 25 21 11 1 43 31 15 54 68 66 74 70 5 57 65 50 73 46 9 19 17 4 
-11 -553 -609 44 24 38 27 13 25 21 11 1 43 31 15 57 65 74 70 5 68 54 53 50 73 46 9 19 17 4 
-2 -553 44 24 38 48 27 13 51 25 21 11 42 1 63 15 72 4 17 32 74 64 70 5 56 68 54 46 9 19 
-2 -553 44 24 38 48 27 13 51 25 21 11 42 1 56 63 15 72 74 70 5 68 54 65 46 9 19 17 4 31 
-2 -553 44 24 38 48 27 13 51 25 21 11 42 1 56 63 15 72 74 70 5 68 54 65 46 9 19 4 17 32 
-1 -551 44 24 48 27 13 51 21 11 42 1 25 56 54 68 15 66 74 3 5 65 73 46 39 71 9 19 17 32 
-1 -551 44 24 48 27 13 51 21 11 1 43 25 56 54 68 15 66 74 3 5 65 73 46 39 71 9 19 17 32 
-1 -560 48 44 24 35 27 13 51 21 11 1 43 25 56 54 68 15 39 74 70 3 65 73 46 9 19 17 32 6 
-9 -551 44 24 27 13 51 21 11 42 1 25 56 54 68 63 15 66 74 3 5 65 73 46 39 71 9 19 41 32 17 
-9 -551 44 24 27 13 51 21 11 1 43 25 56 54 68 63 15 66 74 3 5 65 73 46 39 71 9 19 41 32 17 
-9 -551 44 24 27 13 51 21 11 1 43 25 3 6 56 54 68 65 63 15 66 74 73 46 39 71 9 19 41 17 32 
-1 -551 44 24 39 71 48 27 13 51 21 42 1 56 54 68 64 66 74 73 46 16 9 19 17 32 12 5 3 25 
-1 -551 44 24 48 27 13 21 11 42 1 25 3 6 54 56 15 39 66 74 69 17 31 70 65 50 73 46 9 19 
-1 -551 44 24 48 27 13 21 11 42 1 25 3 6 54 56 65 15 66 74 69 17 31 50 73 46 39 71 9 19 
-1 -551 44 24 48 27 13 21 11 1 43 25 56 54 68 15 66 74 3 5 65 50 73 46 39 71 9 19 32 17 
-1 -551 44 24 48 27 13 21 11 1 43 25 3 6 56 54 68 15 39 66 74 70 65 50 73 46 9 19 17 32 
-1 -551 44 24 48 27 13 21 11 1 43 25 3 6 56 54 68 65 15 66 74 50 73 46 39 71 9 19 17 32 
-1 -551 44 24 39 71 48 27 13 21 1 43 25 56 54 68 64 66 74 50 73 46 16 9 19 17 32 12 5 3 
-1 -551 44 24 39 71 48 27 13 21 11 1 43 25 56 54 68 66 74 65 50 73 46 16 9 19 17 32 5 3 
-1 -551 44 48 27 13 23 21 11 42 1 25 3 6 56 68 54 15 39 67 70 74 65 50 73 46 9 19 17 31 
-1 -551 44 48 27 13 23 21 11 42 1 25 3 6 56 68 54 65 15 67 74 50 73 46 39 71 9 19 17 31 
-1 -551 44 24 48 27 13 51 21 11 1 43 25 56 15 39 72 66 74 70 3 5 68 54 65 46 9 19 17 32 
-9 -551 44 24 27 13 51 21 11 42 1 25 31 56 54 68 63 15 66 74 3 5 65 46 39 71 9 19 72 41 17 
-9 -551 44 24 27 13 51 21 11 42 1 25 56 54 68 63 15 66 74 3 5 65 46 39 71 9 19 72 41 32 17 
-9 -551 44 24 27 13 51 21 11 1 43 25 56 54 68 63 15 66 74 3 5 65 46 39 71 9 19 72 41 32 17 
-1 -551 48 27 13 51 24 44 21 11 1 43 25 56 15 39 72 66 74 20 70 47 3 5 68 54 65 9 17 32 
-1 -551 48 27 13 51 24 44 21 11 1 43 25 56 15 72 66 74 3 5 68 54 65 47 39 71 9 17 20 31 
-1 -551 39 71 48 27 13 51 24 44 21 11 1 43 56 54 68 64 17 66 74 31 20 47 5 3 25 72 16 9 
-1 -551 44 24 48 27 13 21 11 1 43 25 56 15 72 66 74 3 5 68 54 65 50 46 39 71 9 19 32 17 
-1 -551 44 24 39 71 48 27 13 21 1 43 25 56 54 68 66 74 65 50 46 72 16 9 19 17 32 12 5 3 
-1 -551 48 27 13 24 44 21 11 1 43 25 20 56 15 39 72 66 74 70 47 3 5 68 54 65 50 9 17 32 
-1 -551 48 27 13 24 44 21 11 1 43 25 56 15 72 66 74 3 5 68 54 65 50 47 39 71 9 17 20 31 
-1 -551 48 27 13 21 1 43 25 24 44 56 15 72 66 74 3 5 68 54 65 50 47 39 71 9 20 31 12 17 
-1 -551 48 27 13 21 1 43 25 24 44 56 15 72 66 74 3 5 10 68 54 65 50 47 39 71 20 31 12 17 
-1 -551 44 24 48 27 13 51 33 25 21 11 42 1 56 54 68 15 64 17 4 66 74 73 46 39 71 9 19 6 
-1 -551 44 24 48 27 13 51 33 25 21 42 1 56 15 64 4 66 74 5 10 68 54 73 46 39 71 19 17 12 
-2 -553 44 24 48 27 13 51 33 25 21 11 42 1 56 54 68 63 15 64 17 4 74 73 46 39 71 9 19 6 
-1 -551 48 27 13 51 33 25 21 42 1 24 44 56 15 64 4 66 74 20 73 5 68 54 47 39 71 9 17 12 
-2 -553 48 27 13 51 33 25 21 42 1 24 44 56 15 64 4 74 20 73 5 68 54 63 47 39 71 9 17 12 
-1 -551 44 24 48 27 13 33 25 21 11 42 1 6 56 54 68 15 64 17 4 66 74 50 73 46 39 71 9 19 
-1 -551 44 48 33 25 27 13 23 21 11 42 1 6 56 68 54 64 17 4 15 67 74 50 73 46 39 71 9 19 
-6 -553 -578 44 24 27 13 51 37 65 21 11 42 1 25 54 56 15 74 69 17 31 73 46 39 71 9 19 5 3 
-6 -553 -578 44 24 27 13 37 65 21 11 42 1 25 54 56 15 74 69 17 31 3 5 50 73 46 39 71 9 19 
-1 -551 38 48 32 27 13 24 44 21 11 1 43 25 56 68 54 64 70 3 5 50 73 46 16 20 66 74 18 9 
-1 -551 38 48 32 12 27 13 21 42 1 25 56 68 54 64 70 3 5 50 73 46 16 20 66 74 18 9 44 24 
-1 -551 38 48 32 27 13 24 44 21 11 42 1 25 56 68 54 73 64 70 47 3 5 50 16 20 66 74 18 9 
-1 -551 38 48 32 27 13 24 44 21 11 1 43 25 56 68 54 73 64 70 47 3 5 50 16 20 66 74 18 9 
-1 -551 38 48 32 27 13 51 24 44 21 11 42 1 56 68 54 64 70 47 25 3 5 72 16 20 66 74 18 9 
-1 -551 38 48 31 20 27 13 51 24 44 21 11 1 43 56 68 54 64 70 47 25 3 5 72 16 66 74 18 9 
-1 -551 38 33 48 27 13 25 21 42 1 4 56 68 54 64 70 5 50 46 72 16 20 24 44 66 74 18 9 12 
-1 -551 38 48 27 13 51 25 24 44 21 11 42 1 56 68 54 4 32 64 70 5 46 72 16 20 66 74 18 9 
-1 -551 38 48 27 13 51 25 24 44 21 11 1 43 56 68 54 4 64 70 5 46 72 16 31 20 66 74 18 9 
-1 -551 39 71 48 32 12 27 13 51 21 42 1 56 68 54 64 73 46 16 20 66 74 18 9 44 24 5 3 25 
-1 -551 39 48 32 27 13 24 44 21 11 42 1 25 56 68 54 64 70 3 5 50 73 46 16 20 66 74 18 9 
-1 -551 39 71 48 32 27 13 24 44 21 11 42 1 50 56 68 54 64 73 46 16 20 66 74 18 9 5 3 25 
-1 -551 39 71 48 32 27 13 24 44 21 11 1 43 50 56 68 54 64 73 46 16 20 66 74 18 9 5 3 25 
-1 -551 39 71 48 32 12 27 13 51 21 42 1 56 68 54 46 64 72 16 20 66 74 18 9 44 24 5 3 25 
-1 -551 39 71 48 32 27 13 24 44 21 11 1 43 50 56 68 54 64 46 72 16 20 66 74 18 9 5 3 25 
-6 -553 -588 44 24 38 27 13 51 37 65 21 11 42 49 1 56 15 72 74 70 25 3 68 54 46 9 19 17 31 
-6 -553 -588 44 24 38 27 13 37 65 21 11 42 49 1 56 15 72 74 70 25 3 68 54 50 46 9 19 17 31 
-6 -553 -588 38 27 13 37 65 24 44 21 11 42 49 1 56 15 72 74 70 47 25 3 68 54 50 9 17 20 31 
-6 -553 -588 44 24 38 33 27 13 25 37 21 11 42 49 15 1 72 17 4 74 64 70 56 68 54 50 46 9 19 
-6 -553 -588 44 24 27 13 37 65 21 11 42 49 1 25 56 15 72 74 68 54 50 46 39 71 9 19 17 31 3 
-1 -551 44 24 43 1 38 48 27 14 51 21 11 56 15 66 74 70 25 3 5 68 54 65 73 46 9 19 32 17 
-1 -551 43 1 38 48 27 14 51 24 44 21 11 56 15 66 74 73 70 47 25 3 5 68 54 65 9 17 20 31 
-1 -551 38 48 27 14 51 24 44 21 11 42 1 20 56 32 17 66 74 73 64 70 47 25 3 5 68 54 16 9 
-1 -551 44 24 43 1 38 48 27 14 21 11 32 17 56 15 66 74 70 25 3 5 68 54 65 50 73 46 9 19 
-1 -551 44 24 43 1 38 48 27 14 21 11 32 17 56 15 66 74 71 3 5 68 54 65 50 73 46 25 9 19 
-1 -551 44 24 43 1 38 48 27 14 21 11 6 56 54 68 15 66 74 71 65 50 73 46 3 25 9 19 32 17 
-1 -560 43 1 38 48 44 24 35 27 14 21 11 6 56 54 68 15 74 70 3 25 65 50 73 46 9 19 17 32 
-1 -551 44 24 43 1 38 48 27 14 21 12 32 17 56 66 74 64 71 68 54 50 73 46 16 5 3 25 9 19 
-1 -551 44 24 43 1 38 48 27 14 21 11 32 17 19 56 54 68 66 74 71 65 50 73 46 16 5 3 25 9 
-1 -551 43 1 38 48 27 14 24 44 21 11 20 31 56 15 66 74 73 70 47 25 3 5 68 54 65 50 9 17 
-1 -551 43 1 38 48 27 14 24 44 21 11 20 32 17 56 66 74 73 64 70 47 25 3 5 68 54 50 16 9 
-1 -551 43 1 38 48 27 14 24 44 21 11 20 31 17 56 66 74 73 70 47 25 3 5 68 54 65 50 16 9 
-1 -551 43 1 38 48 27 14 51 24 44 21 11 20 56 15 72 66 74 70 47 25 3 5 68 54 65 9 17 32 
-1 -551 43 1 38 48 27 14 51 21 24 44 12 17 56 54 68 66 74 70 47 25 3 5 65 72 16 9 20 31 
-1 -551 44 24 43 1 38 48 27 14 21 11 32 17 19 56 15 72 66 74 70 25 3 5 10 68 54 65 50 46 
-1 -551 44 24 43 1 38 48 27 14 21 11 32 17 19 56 15 66 74 72 71 10 68 54 65 50 46 25 5 3 
-1 -551 44 24 43 1 38 48 27 14 21 12 32 17 56 54 68 66 74 71 65 50 46 72 16 5 3 25 9 19 
-1 -551 43 1 38 48 27 14 24 44 21 11 20 56 15 72 66 74 70 47 25 3 5 68 54 65 50 9 32 17 
-1 -551 43 1 38 48 27 14 24 44 21 11 20 56 15 66 74 72 71 3 5 68 54 65 50 47 25 9 32 17 
-1 -551 43 1 38 48 27 14 24 44 21 11 20 31 17 56 15 72 66 74 70 47 25 3 5 10 68 54 65 50 
-1 -551 43 1 38 48 27 14 24 44 21 11 20 31 17 56 54 68 66 74 70 47 25 3 5 65 50 72 16 9 
-1 -551 43 1 38 48 27 14 24 44 21 11 20 32 17 56 54 68 66 74 71 65 50 47 5 3 25 72 16 9 
-1 -551 43 1 38 48 27 14 21 24 44 12 17 56 54 68 66 74 70 47 25 3 5 65 50 72 16 9 20 31 
-1 -553 44 24 48 27 14 51 21 11 42 38 33 1 6 56 15 74 72 64 17 4 71 46 19 25 9 68 54 8 
-1 -551 44 24 38 33 48 27 14 51 21 11 42 1 6 56 15 66 74 72 64 17 4 71 68 54 46 25 10 19 
-1 -553 44 24 43 1 48 27 14 51 21 11 38 33 19 56 46 74 64 17 4 71 72 16 5 25 9 8 68 54 
-1 -551 38 33 48 27 14 51 21 42 1 24 44 15 72 4 12 17 66 74 20 64 70 47 25 5 56 68 54 9 
-1 -551 38 33 48 27 14 51 21 42 1 24 44 56 4 12 17 66 74 20 64 70 47 25 5 68 54 72 16 9 
-1 -551 44 24 38 33 48 27 14 21 11 42 1 6 56 15 66 74 72 64 17 4 71 68 54 50 46 25 10 19 
-1 -551 38 33 48 27 14 21 42 1 24 44 12 17 15 72 4 66 74 20 64 70 47 25 5 56 68 54 50 9 
-1 -551 38 33 48 27 14 21 42 1 24 44 12 17 56 4 66 74 20 64 70 47 25 5 68 54 50 72 16 9 
-1 -551 44 24 38 48 27 14 51 21 11 42 1 32 17 56 15 66 74 70 25 5 68 54 65 73 46 9 19 4 
-1 -551 44 24 43 1 38 48 27 14 51 21 11 31 4 56 15 66 74 70 25 5 68 54 65 73 46 9 19 17 
-1 -551 44 24 38 48 27 14 51 21 11 42 1 32 17 56 4 66 74 64 70 25 5 68 54 73 46 16 9 19 
-1 -551 44 24 38 48 27 14 21 11 42 1 32 17 4 56 15 66 74 70 25 5 68 54 65 50 73 46 9 19 
-1 -551 38 48 27 14 21 42 1 24 44 12 17 56 15 66 74 73 70 47 25 5 68 54 65 50 9 4 20 31 
-1 -551 38 48 27 14 21 42 1 24 44 12 17 56 4 20 31 66 74 73 64 70 47 25 5 68 54 50 16 9 
-1 -551 38 48 27 14 21 42 1 24 44 12 32 17 56 4 66 74 20 73 64 70 47 25 5 68 54 50 16 9 
-1 -551 44 24 38 48 27 14 51 21 11 42 1 6 56 15 66 74 72 64 17 4 31 71 68 54 46 25 10 19 
-1 -551 44 24 38 48 27 14 21 11 42 1 6 31 56 15 66 74 72 64 17 4 71 68 54 50 46 25 10 19 
-1 -551 38 48 27 14 21 42 1 24 44 12 32 17 56 4 66 74 20 64 70 47 25 5 68 54 50 72 16 9 
-6 -553 -554 44 24 48 27 14 51 21 11 42 1 31 17 54 74 69 3 5 65 73 46 25 15 41 39 71 9 19 
-1 -551 44 24 48 27 14 51 21 11 42 1 32 17 56 54 68 15 66 74 3 5 65 73 46 25 39 71 9 19 
-6 -553 -554 44 24 48 27 14 51 21 11 42 1 31 17 54 68 74 3 5 65 73 46 25 15 41 39 71 9 19 
-6 -553 -554 44 24 48 27 14 51 21 11 42 1 32 17 54 68 74 3 5 65 73 46 25 15 41 39 71 9 19 
-1 -551 44 24 43 1 48 27 14 51 21 11 31 17 56 54 68 15 66 74 3 5 65 73 46 25 39 71 9 19 
-1 -551 44 24 43 1 48 27 14 51 21 11 32 17 56 54 68 15 66 74 3 5 65 73 46 25 39 71 9 19 
-1 -551 44 24 43 1 48 27 14 51 21 11 6 56 54 68 65 15 66 74 73 46 3 25 39 71 9 19 32 17 
-6 -553 -554 44 24 43 1 48 27 14 51 21 11 32 17 54 68 74 3 5 65 73 46 25 15 41 39 71 9 19 
-6 -553 -554 44 24 43 1 48 27 14 51 21 11 6 32 17 54 68 65 74 73 46 3 25 15 39 71 9 19 41 
-1 -551 44 24 39 71 48 27 14 51 21 42 1 56 54 68 64 12 17 32 66 74 73 46 16 5 3 25 9 19 
-1 -551 44 24 43 1 39 71 48 27 14 51 21 56 54 68 64 12 17 32 66 74 73 46 16 5 3 25 9 19 
-1 -551 44 24 43 1 39 71 48 27 14 51 21 11 31 56 54 68 66 74 65 73 46 16 5 3 25 9 19 17 
-1 -551 44 24 43 1 39 71 48 27 14 51 21 11 56 54 68 66 74 65 73 46 16 5 3 25 9 19 32 17 
-1 -551 44 24 48 27 14 21 11 42 1 6 31 17 54 56 15 39 66 74 69 70 3 25 65 50 73 46 9 19 
-1 -551 44 24 48 27 14 21 11 42 1 32 17 19 56 54 68 15 66 74 3 5 65 50 73 46 25 39 71 9 
-1 -551 44 24 43 1 48 27 14 21 11 31 17 19 56 54 68 15 66 74 3 5 65 50 73 46 25 39 71 9 
-1 -551 44 24 43 1 48 27 14 21 11 6 32 17 56 54 68 15 39 66 74 70 3 25 65 50 73 46 9 19 
-1 -551 44 24 43 1 39 71 48 27 14 21 12 17 56 54 68 64 31 66 74 50 73 46 16 5 3 25 9 19 
-1 -551 44 24 43 1 39 71 48 27 14 21 56 54 68 64 12 32 17 66 74 50 73 46 16 5 3 25 9 19 
-1 -551 44 24 43 1 39 71 48 27 14 21 11 32 17 56 54 68 66 74 65 50 73 46 16 5 3 25 9 19 
-6 -553 -554 44 24 48 27 14 51 21 11 42 1 31 17 54 68 74 3 5 65 46 25 15 41 72 39 71 9 19 
-6 -553 -554 44 24 48 27 14 51 21 11 42 1 32 17 54 68 74 3 5 65 46 25 15 41 72 39 71 9 19 
-6 -553 -554 44 24 48 27 14 51 21 11 42 1 31 17 54 68 74 41 72 10 65 46 25 5 3 15 39 71 19 
-1 -551 44 24 43 1 48 27 14 51 21 11 32 17 56 15 72 66 74 3 5 68 54 65 46 25 39 71 9 19 
-1 -551 44 24 43 1 48 27 14 51 21 11 32 17 19 56 15 72 66 74 10 68 54 65 46 25 5 3 39 71 
-6 -553 -554 44 24 43 1 48 27 14 51 21 11 32 17 54 68 74 3 5 65 46 25 15 41 72 39 71 9 19 
-6 -553 -554 44 24 43 1 48 27 14 51 21 11 32 17 54 68 74 41 72 10 65 46 25 5 3 15 39 71 19 
-1 -551 44 24 43 1 39 71 48 27 14 51 21 56 54 68 66 74 65 46 72 16 5 3 25 9 19 12 17 32 
-6 -553 -554 41 72 48 27 14 51 24 44 21 11 42 1 54 68 74 3 5 65 47 25 15 39 71 9 17 20 31 
-1 -551 43 1 48 27 14 51 24 44 21 11 20 56 15 72 66 74 3 5 68 54 65 47 25 39 71 9 32 17 
-6 -553 -554 43 1 41 72 48 27 14 51 24 44 21 11 54 68 74 20 3 5 65 47 25 15 39 71 9 17 32 
-1 -551 43 1 39 71 48 27 14 51 24 44 21 11 20 56 54 68 66 74 65 47 5 3 25 72 16 9 17 32 
-1 -551 39 71 48 27 14 51 21 42 1 24 44 56 54 68 66 74 65 47 5 3 25 72 16 9 20 31 12 17 
-1 -551 44 24 43 1 48 27 14 21 11 32 17 19 56 15 39 72 66 74 70 25 3 5 68 54 65 50 46 9 
-1 -551 44 24 43 1 48 27 14 21 11 32 17 19 56 15 39 72 66 74 70 25 3 5 10 68 54 65 50 46 
-1 -551 43 1 48 27 14 24 44 21 11 20 32 17 56 15 39 72 66 74 70 47 25 3 5 68 54 65 50 9 
-1 -551 43 1 48 27 14 24 44 21 11 20 31 17 56 15 72 66 74 3 5 68 54 65 50 47 25 39 71 9 
-1 -551 43 1 39 71 48 27 14 24 44 21 11 20 31 56 54 68 64 17 66 74 50 47 5 3 25 72 16 9 
-1 -551 43 1 39 71 48 27 14 24 44 21 11 20 31 56 54 68 66 74 65 50 47 5 3 25 72 16 9 17 
-1 -551 44 24 48 27 14 51 21 42 33 1 12 17 56 15 72 64 4 66 74 5 68 54 46 39 71 25 9 19 
-1 -551 44 24 48 27 14 21 42 1 12 17 31 4 56 54 68 15 66 74 5 65 50 73 46 39 71 25 9 19 
-1 -551 38 48 32 27 14 24 44 21 11 42 1 20 9 56 68 54 64 71 50 73 46 66 74 18 16 5 3 25 
-1 -551 43 1 38 48 32 27 14 24 44 21 11 20 9 56 68 54 64 71 50 73 46 66 74 18 16 5 3 25 
-1 -551 38 48 32 27 14 24 44 21 11 42 1 20 9 56 68 54 73 64 70 47 25 3 5 50 66 74 18 16 
-1 -551 43 1 38 48 31 20 27 14 24 44 21 11 9 56 68 54 73 64 70 47 25 3 5 50 66 74 18 16 
-1 -551 43 1 38 48 32 27 14 24 44 21 11 20 9 56 68 54 73 64 70 47 25 3 5 50 66 74 18 16 
-1 -551 43 1 38 48 32 27 14 24 44 21 11 20 9 56 68 54 73 70 47 25 3 5 65 50 66 74 18 16 
-1 -551 43 1 38 48 32 27 14 24 44 21 11 20 9 56 68 54 64 71 50 46 66 74 18 72 16 5 3 25 
-1 -551 43 1 38 48 32 27 14 24 44 21 11 20 56 68 54 65 71 3 5 10 50 46 66 74 18 25 72 16 
-1 -551 38 48 32 27 14 24 44 21 11 42 1 20 56 68 54 64 70 47 25 3 5 10 50 66 74 18 72 16 
-1 -551 43 1 38 48 32 27 14 24 44 21 11 20 9 56 68 54 64 70 47 25 3 5 50 66 74 18 72 16 
-1 -551 43 1 38 48 31 20 27 14 24 44 21 11 56 68 54 64 70 47 25 3 5 10 50 66 74 18 72 16 
-1 -551 38 48 31 20 27 14 51 23 21 42 1 12 56 68 54 64 71 10 46 44 66 74 18 25 5 3 72 16 
-1 -551 43 1 38 33 48 27 14 51 24 44 21 11 4 56 68 54 64 71 5 10 46 20 66 74 18 25 72 16 
-1 -551 38 33 48 27 14 51 21 42 1 4 24 44 56 68 54 64 70 25 5 46 20 66 74 18 72 16 9 12 
-1 -551 38 33 48 27 14 21 42 1 4 24 44 12 56 68 54 64 70 25 5 50 46 20 66 74 18 72 16 9 
-1 -551 38 33 48 27 14 21 42 1 4 24 44 12 56 68 54 64 71 5 50 46 20 66 74 18 72 16 25 9 
-1 -551 38 48 27 14 21 42 1 31 20 4 24 44 56 68 54 64 70 25 5 50 73 46 66 74 18 16 9 12 
-1 -551 38 48 27 14 21 42 1 32 12 4 24 44 56 68 54 64 70 25 5 50 73 46 20 66 74 18 16 9 
-1 -551 43 1 38 48 27 14 51 24 44 21 11 31 20 56 68 54 64 4 71 5 10 46 66 74 18 25 72 16 
-1 -551 38 48 27 14 21 42 1 32 12 4 24 44 56 68 54 64 70 25 5 50 46 20 66 74 18 72 16 9 
-1 -551 38 48 27 14 21 42 1 31 20 4 24 44 56 68 54 64 71 5 50 46 66 74 18 72 16 25 9 12 
-1 -551 39 48 32 27 14 51 24 44 21 11 42 1 20 56 68 54 64 70 25 3 5 73 46 66 74 18 16 9 
-1 -551 39 71 48 31 20 27 14 51 24 44 21 11 42 56 68 54 1 64 73 46 66 74 18 16 5 3 25 9 
-1 -551 39 71 48 32 27 14 51 24 44 21 11 42 1 56 68 54 64 73 46 20 66 74 18 16 5 3 25 9 
-1 -551 43 1 39 71 48 32 27 14 51 24 44 21 11 56 68 54 64 73 46 20 66 74 18 16 5 3 25 9 
-1 -551 39 71 48 32 27 14 51 24 44 21 11 42 1 56 68 54 46 64 20 66 74 18 72 16 5 3 25 9 
-1 -551 39 71 48 31 20 27 14 51 24 44 21 11 42 56 68 54 46 1 64 10 66 74 18 25 5 3 72 16 
-1 -551 43 1 39 71 48 32 27 14 51 24 44 21 11 56 68 54 46 64 20 66 74 18 72 16 5 3 25 9 
-1 -551 43 1 39 71 48 32 27 14 51 24 44 21 11 56 68 54 46 65 10 20 66 74 18 25 5 3 72 16 
-1 -551 39 71 48 31 20 27 14 51 23 21 42 1 56 68 54 46 64 10 44 66 74 18 25 5 3 72 16 12 
-1 -551 39 71 48 27 14 51 21 42 33 1 4 56 68 54 46 64 5 20 24 44 66 74 18 72 16 25 9 12 
-1 -551 39 71 48 27 14 21 42 1 31 20 4 50 56 68 54 64 5 73 46 24 44 66 74 18 16 25 9 12 
-1 -551 39 71 48 27 14 21 42 1 32 12 4 50 56 68 54 64 5 73 46 20 24 44 66 74 18 16 25 9 
-1 -551 39 71 48 27 14 21 42 1 31 20 4 50 56 68 54 64 5 46 24 44 66 74 18 72 16 25 9 12 
-1 -551 39 71 48 27 14 21 42 1 32 12 4 50 56 68 54 64 5 46 20 24 44 66 74 18 72 16 25 9 
-1 -551 44 24 38 33 27 14 51 21 11 42 49 1 4 15 72 17 66 74 64 70 25 5 56 68 54 46 9 19 
-6 -553 -588 44 24 38 33 27 14 51 37 21 11 42 49 1 15 72 17 4 74 64 70 25 56 68 54 46 9 19 
-6 -553 -588 44 24 38 27 14 37 65 21 11 42 49 1 31 56 15 72 74 70 25 68 54 50 46 9 19 17 4 
-1 -551 38 48 31 20 27 13 51 23 21 42 1 56 68 64 70 55 47 25 3 5 72 16 44 66 74 18 9 12 
-1 -551 39 71 48 31 20 27 13 51 23 21 42 1 55 56 68 46 64 72 16 44 66 74 18 9 12 5 3 25 
-1 -553 44 48 27 14 51 23 21 11 42 38 1 6 56 8 68 15 55 74 72 64 17 31 71 46 19 3 25 9 
-1 -551 44 38 48 27 14 51 23 21 11 42 1 6 56 68 15 66 74 72 64 17 31 71 55 46 3 25 10 19 
-1 -551 48 27 14 23 21 42 1 12 17 44 20 31 15 39 72 74 66 68 56 64 70 25 3 5 10 50 47 55 
-1 -551 38 48 31 20 27 14 51 23 21 11 42 1 44 55 56 68 64 71 10 46 66 74 18 25 5 3 72 16 
-1 -551 39 71 48 31 20 27 14 51 23 21 42 1 55 56 68 46 64 44 66 74 18 72 16 5 3 25 9 12 
-6 -553 -588 38 28 44 24 26 37 21 11 42 49 1 15 72 17 31 74 64 70 3 56 68 54 46 51 13 9 19 
-6 -553 -588 38 28 44 24 26 37 21 11 42 49 1 15 72 17 31 74 64 70 3 56 68 54 50 46 13 9 19 
-6 -553 -588 38 28 37 24 44 26 21 11 42 49 1 15 72 17 74 31 20 64 70 47 3 56 68 54 50 13 9 
-1 -551 38 28 44 24 26 21 11 42 49 1 31 17 19 56 66 74 64 70 51 14 3 5 68 54 73 46 16 9 
-1 -551 38 28 44 24 26 21 11 42 49 1 31 17 19 56 66 74 64 70 14 3 5 68 54 50 73 46 16 9 
-1 -551 38 28 24 44 26 21 11 42 49 1 20 31 17 56 66 74 73 64 70 47 14 3 5 68 54 50 16 9 
-1 -551 38 28 48 23 21 11 42 1 44 26 15 72 17 20 31 74 66 68 56 64 70 3 5 47 55 51 13 9 
-1 -551 38 48 27 13 24 44 26 21 11 42 1 15 17 32 66 74 20 73 64 70 47 3 5 56 68 54 50 9 
-1 -551 44 24 26 38 48 27 13 51 21 11 42 1 56 15 66 74 70 5 68 54 65 73 46 9 19 17 4 31 
-2 -553 44 24 26 38 48 27 13 51 21 11 1 43 56 63 15 74 70 5 68 54 65 73 46 9 19 17 4 31 
-1 -551 44 24 26 48 27 13 51 21 11 42 1 54 56 15 66 74 69 17 31 3 5 65 73 46 39 71 9 19 
-1 -551 44 24 26 48 27 13 51 21 11 42 1 56 15 39 17 32 66 74 64 70 3 5 68 54 73 46 9 19 
-6 -553 -578 44 24 26 38 27 13 51 37 21 11 42 1 15 72 17 32 74 64 70 3 5 56 68 54 46 9 19 
-1 -551 38 48 32 27 13 24 44 26 21 11 42 1 56 68 54 64 70 3 5 50 73 46 16 20 66 74 18 9 
-1 -551 38 48 32 27 13 24 44 26 21 11 42 1 56 68 54 73 64 70 47 3 5 50 16 20 66 74 18 9 
-1 -551 38 48 27 13 51 24 44 26 21 11 1 43 54 68 57 65 70 5 16 73 46 66 74 18 9 4 20 31 
-1 -551 39 48 32 27 13 24 44 26 21 11 42 1 56 68 54 64 70 3 5 50 73 46 16 20 66 74 18 9 
-1 -551 44 24 26 27 13 51 21 11 42 49 1 56 54 68 15 66 74 3 5 65 73 46 39 71 9 19 17 31 
-1 -551 44 24 26 27 13 21 11 42 49 1 31 56 54 68 15 66 74 3 5 65 50 73 46 39 71 9 19 17 
-6 -553 -588 44 24 26 38 27 13 51 37 65 21 11 42 49 56 15 72 1 74 70 3 68 54 46 9 19 17 31 
-6 -553 -588 44 24 26 38 27 13 51 37 65 21 11 1 43 56 49 15 72 74 70 3 68 54 46 9 19 17 31 
-6 -553 -588 38 27 13 51 37 65 24 44 26 21 11 1 43 56 49 15 72 74 70 47 3 68 54 9 17 20 31 
-6 -553 -588 44 24 26 38 27 13 37 65 21 11 42 49 1 56 15 72 74 70 3 68 54 50 46 9 19 17 31 
-6 -553 -588 44 24 26 38 27 13 37 65 21 11 1 43 56 49 15 72 74 70 3 68 54 50 46 9 19 17 31 
-6 -553 -588 38 27 13 37 65 24 44 26 21 11 42 49 1 56 15 72 74 70 47 3 68 54 50 9 17 20 31 
-6 -553 -588 38 27 13 37 65 24 44 26 21 11 1 43 56 49 15 72 74 70 47 3 68 54 50 9 17 20 31 
-6 -553 -588 44 24 26 27 13 37 65 21 11 42 49 1 56 15 72 74 68 54 50 46 39 71 9 19 17 31 3 
-6 -553 -588 27 13 37 65 24 44 26 21 11 1 43 56 49 15 72 74 3 68 54 50 47 39 71 9 17 20 31 
-1 -551 38 48 27 14 24 44 26 21 11 42 1 20 56 32 17 66 74 73 64 70 47 3 5 68 54 50 16 9 
-1 -551 44 24 26 43 1 38 48 27 14 51 21 11 31 56 17 4 66 74 64 70 5 68 54 73 46 16 9 19 
-1 -551 44 24 26 43 1 38 48 27 14 51 21 11 31 56 54 68 66 74 70 5 65 73 46 16 9 19 17 4 
-1 -551 44 24 26 39 48 27 14 51 21 11 42 1 56 32 17 66 74 64 70 3 5 68 54 73 46 16 9 19 
-1 -551 44 24 26 39 48 27 14 21 11 42 1 32 17 56 66 74 64 70 3 5 68 54 50 73 46 16 9 19 
-1 -551 39 48 27 14 24 44 26 21 11 42 1 20 56 32 17 66 74 64 70 47 3 5 68 54 50 72 16 9 
-6 -553 -578 44 24 26 38 27 14 51 37 21 11 42 1 56 32 17 74 64 70 3 5 68 54 46 72 16 9 19 
-6 -553 -578 38 27 14 51 37 24 44 26 21 11 42 1 20 56 17 32 74 64 70 47 3 5 68 54 72 16 9 
-6 -553 -578 44 24 26 38 27 14 37 21 11 42 1 32 17 56 74 64 70 3 5 68 54 50 46 72 16 9 19 
-6 -553 -578 38 27 14 37 24 44 26 21 11 42 1 20 56 32 17 74 64 70 47 3 5 68 54 50 72 16 9 
-1 -551 44 24 26 43 1 38 27 14 21 11 31 17 19 56 66 74 64 70 3 5 68 54 50 49 16 73 46 9 
-1 -551 43 1 38 27 14 24 44 26 21 11 20 31 17 56 66 74 73 64 70 47 3 5 68 54 50 49 16 9 
-1 -551 44 24 26 43 1 39 71 27 14 51 21 11 31 56 54 68 64 17 66 74 49 16 73 46 5 3 9 19 
-1 -551 44 24 26 43 1 39 71 27 14 21 11 31 17 56 54 68 64 66 74 50 49 16 73 46 5 3 9 19 
-1 -553 48 44 28 38 23 21 11 42 1 75 6 56 8 54 68 46 15 72 64 17 31 71 19 51 14 3 25 9 
-1 -553 48 44 28 38 23 21 42 1 75 12 17 31 64 19 56 46 71 72 16 51 14 5 3 25 9 8 68 54 
-1 -551 38 28 48 44 23 21 11 42 1 75 6 31 56 54 68 66 15 72 64 17 71 50 46 14 3 25 10 19 
-1 -551 48 44 28 23 21 11 42 1 75 6 31 17 56 54 68 66 15 72 64 46 51 14 3 25 39 71 9 19 
-1 -551 38 28 48 31 20 23 21 42 1 75 12 44 56 68 54 64 70 25 3 5 46 66 18 72 16 14 51 9 
-1 -551 38 28 48 31 20 23 21 42 1 75 12 44 56 68 54 64 71 10 46 66 18 51 14 25 5 3 72 16 
-1 -551 38 28 48 44 23 21 42 1 75 25 66 15 72 31 68 64 70 3 5 55 57 46 13 51 9 19 17 12 
-1 -551 38 28 48 23 21 42 1 75 25 66 15 72 12 17 68 56 64 70 3 5 47 55 31 20 44 51 13 9 
-1 -551 38 28 48 23 21 42 1 75 25 66 15 72 12 17 68 64 70 3 5 57 47 55 31 20 44 51 13 9 
-1 -551 38 28 48 23 21 11 42 1 75 25 44 56 68 66 17 64 70 3 5 47 55 72 16 31 20 51 13 9 
-1 -551 38 28 48 31 20 23 21 42 1 75 25 55 56 68 64 70 3 5 46 72 16 66 18 13 51 44 9 12 
-1 -551 38 28 48 31 20 23 21 42 1 75 25 56 68 64 70 55 47 3 5 72 16 66 18 44 51 13 9 12 
-1 -551 38 28 48 31 20 23 21 42 1 75 25 57 68 64 70 55 47 3 5 72 16 66 18 44 51 13 9 12 
-1 -551 38 28 48 31 20 23 21 42 1 75 25 55 56 68 64 70 3 5 50 46 13 72 16 66 18 9 44 12 
-1 -551 38 28 48 31 20 23 21 42 1 75 25 50 56 68 64 70 3 5 47 55 72 16 66 18 13 9 44 12 
-6 -553 -588 38 28 37 44 23 21 11 42 49 1 75 25 15 72 17 31 68 56 64 70 3 55 50 46 13 9 19 
-6 -553 -588 38 28 37 23 21 11 42 49 1 75 25 15 72 17 68 56 64 70 3 50 47 55 13 9 31 20 44 
-1 -553 48 44 28 38 23 21 11 42 1 75 5 3 55 56 8 68 15 72 64 17 31 71 46 19 51 14 25 9 
-1 -551 38 28 48 44 23 21 11 42 1 75 31 17 19 66 15 68 56 72 64 71 10 55 46 51 14 25 5 3 
-1 -553 48 44 28 38 23 21 42 1 75 12 17 19 55 56 8 68 46 64 31 71 72 16 51 14 5 3 25 9 
-1 -551 38 28 48 23 21 42 1 75 12 17 44 56 68 66 20 31 64 70 25 3 5 47 55 72 16 14 51 9 
-1 -551 38 28 48 44 23 21 42 1 75 12 17 31 66 15 68 56 72 64 71 10 55 50 46 14 25 5 3 19 
-1 -551 38 28 48 23 21 42 1 75 12 17 44 56 68 66 20 31 64 70 14 25 3 5 50 47 55 72 16 9 
-1 -551 48 44 28 23 21 42 1 75 12 17 31 19 56 68 66 15 72 64 10 55 46 39 71 51 14 25 5 3 
-1 -551 38 28 48 31 20 23 21 42 1 75 12 44 55 56 68 64 70 25 3 5 46 66 18 72 16 14 51 9 
-1 -551 38 28 48 31 20 23 21 42 1 75 12 44 55 56 68 64 71 10 46 66 18 51 14 25 5 3 72 16 
-1 -551 38 28 48 31 20 23 21 42 1 75 12 44 55 56 68 64 70 14 25 3 5 50 46 66 18 72 16 9 
-1 -551 38 28 48 31 20 23 21 42 1 75 12 44 55 56 68 64 71 10 50 46 66 18 14 25 5 3 72 16 
-1 -551 38 28 48 31 20 23 21 42 1 75 12 44 50 56 68 64 70 14 25 3 5 47 55 66 18 72 16 9 
-1 -551 39 71 48 31 20 23 21 42 28 1 75 12 55 56 68 46 64 10 66 18 44 51 14 25 5 3 72 16 
-1 -553 44 39 71 48 27 14 51 23 21 42 1 75 31 64 19 56 46 72 16 5 3 25 9 68 54 8 17 12 
-1 -551 39 71 48 31 20 27 14 51 23 21 42 56 68 54 46 64 66 18 72 16 5 3 25 9 44 12 1 75 
-1 -551 39 71 48 31 20 27 14 51 23 21 42 56 68 54 46 64 10 66 18 25 5 3 72 16 44 12 1 75 
-2 -553 44 48 27 13 51 23 21 11 42 1 75 25 15 56 68 72 64 17 31 63 55 46 39 71 9 19 5 3 
-1 -551 44 48 27 13 23 21 11 42 1 75 25 3 55 56 66 15 72 64 69 17 31 50 46 39 71 9 19 6 
-1 -551 39 71 48 31 20 27 13 23 21 42 1 75 50 55 56 68 64 46 72 16 66 18 9 44 12 5 3 25 
-6 -553 -588 44 38 37 27 13 23 21 11 42 49 1 75 15 72 17 31 68 56 64 70 25 3 55 50 46 9 19 
-1 -553 44 48 27 14 51 23 21 11 42 38 1 75 6 55 56 15 72 64 17 31 71 46 19 3 25 9 68 8 
-1 -551 44 38 48 27 14 51 23 21 11 42 1 75 6 55 56 68 66 15 72 64 17 31 71 46 3 25 10 19 
-1 -553 44 48 27 14 51 23 21 11 42 38 1 75 19 55 56 8 68 46 64 17 31 71 72 16 5 3 25 9 
-1 -553 44 48 27 14 51 23 21 42 38 1 75 19 55 56 46 64 31 12 17 71 72 16 5 3 25 9 68 8 
-1 -551 44 38 48 27 14 23 21 11 42 1 75 6 55 56 68 66 15 72 64 17 31 71 50 46 3 25 10 19 
-1 -551 38 48 27 14 23 21 42 1 75 12 17 44 56 68 66 64 71 50 55 47 5 3 25 72 16 9 31 20 
-1 -553 44 48 27 14 51 23 21 11 42 1 75 5 3 55 56 46 15 72 64 17 31 19 25 39 71 9 68 8 
-1 -551 44 48 27 14 51 23 21 11 42 1 75 31 17 56 68 66 15 72 64 10 55 46 25 5 3 39 71 19 
-1 -551 44 48 27 14 51 23 21 42 1 75 12 17 56 68 66 15 72 64 31 10 55 46 39 71 25 5 3 19 
-1 -553 44 39 71 48 27 14 51 23 21 42 1 75 31 64 19 55 56 46 72 16 5 3 25 9 68 8 17 12 
-1 -551 48 27 14 51 23 21 11 42 1 75 44 56 68 66 15 72 64 17 20 31 3 5 55 47 25 39 71 9 
-1 -551 39 71 48 27 14 51 23 21 11 42 1 75 44 56 68 66 64 17 55 47 5 3 25 72 16 9 31 20 
-1 -551 39 71 48 27 14 51 23 21 42 1 75 56 68 66 64 12 17 55 47 5 3 25 72 16 9 31 20 44 
-1 -551 38 48 31 20 27 14 51 23 21 11 42 1 75 55 56 68 64 71 10 46 66 18 25 5 3 72 16 44 
-1 -551 38 48 31 20 27 14 51 23 21 42 1 75 55 56 68 64 70 25 3 5 46 66 18 72 16 9 44 12 
-1 -551 38 48 31 20 27 14 51 23 21 42 1 75 55 56 68 64 71 10 46 66 18 25 5 3 72 16 44 12 
-1 -551 38 48 31 20 27 14 23 21 42 1 75 12 55 56 68 64 71 50 46 66 18 72 16 5 3 25 9 44 
-1 -551 38 48 31 20 27 14 23 21 42 1 75 12 55 56 68 64 71 10 50 46 66 18 25 5 3 72 16 44 
-1 -551 39 71 48 31 20 27 14 51 23 21 42 55 1 75 56 68 46 64 66 18 72 16 5 3 25 9 44 12 
-1 -551 39 71 48 31 20 27 14 51 23 21 42 55 1 75 56 68 46 64 10 66 18 25 5 3 72 16 44 12 
-1 -551 38 28 48 23 21 11 42 1 75 44 26 66 15 72 17 68 56 64 70 3 5 47 55 31 20 51 13 9 
-1 -551 38 28 48 23 21 11 42 1 75 44 26 66 15 72 17 68 56 64 70 3 5 50 47 55 13 9 31 20 
-2 -553 44 26 48 27 13 51 23 21 11 42 1 75 56 63 15 39 72 17 31 64 70 3 5 68 54 46 9 19 
-2 -553 44 26 48 27 13 51 23 21 11 42 1 75 56 63 15 72 64 17 31 68 54 46 39 71 9 19 5 3 
-1 -551 44 26 38 48 27 13 51 23 21 42 1 75 66 15 72 31 68 64 70 3 5 55 57 46 9 19 17 12 
-1 -551 38 48 27 13 51 23 21 11 42 1 75 66 15 72 17 68 56 64 70 3 5 47 55 9 31 20 26 44 
-1 -551 48 27 13 23 21 11 42 1 75 44 26 66 15 39 72 17 68 56 64 70 3 5 50 47 55 9 31 20 
-1 -551 38 48 27 14 51 23 21 11 42 1 75 66 15 72 44 26 17 68 56 64 70 3 5 47 55 9 31 20 
-1 -551 38 48 27 14 23 21 11 42 1 75 44 26 66 15 72 17 68 56 64 70 3 5 50 47 55 9 31 20 
-1 -551 45 38 28 48 42 1 25 24 12 17 15 72 31 66 74 64 70 3 5 10 56 68 54 50 46 13 19 22 
-6 -553 -578 45 38 28 37 24 42 1 25 31 17 22 15 72 69 74 64 70 3 5 56 54 50 46 13 11 9 19 
-1 -551 45 38 28 48 31 20 24 42 1 25 9 54 56 69 64 70 3 5 46 72 16 13 51 66 74 18 22 11 
-1 -551 45 38 28 48 31 20 42 1 25 24 56 68 54 64 70 3 5 46 72 16 13 51 66 74 18 22 9 12 
-1 -551 45 38 28 48 31 20 23 42 1 25 56 68 54 64 70 3 5 46 72 16 13 51 66 74 18 22 9 12 
-6 -553 -588 45 38 28 37 24 42 49 1 25 31 17 15 72 69 74 64 70 3 56 54 50 46 13 11 9 19 22 
-6 -553 -588 45 38 28 37 24 42 49 1 25 31 17 15 72 74 64 70 3 56 68 54 50 46 13 11 9 19 22 
-6 -553 -588 45 38 28 37 23 42 49 1 25 31 17 15 72 74 64 70 3 56 68 54 50 46 13 11 9 19 22 
-1 -551 45 38 28 48 24 42 1 31 17 22 19 10 15 72 69 74 66 64 70 14 25 3 5 56 54 50 46 11 
-1 -551 45 38 28 48 23 42 1 12 17 31 22 19 15 72 66 74 64 70 14 25 3 5 10 56 68 54 50 46 
-1 -551 45 38 28 48 31 20 24 42 1 10 54 56 69 16 72 64 70 14 25 3 5 50 46 66 74 18 22 11 
-1 -551 45 38 28 48 31 20 42 1 24 12 9 56 68 54 64 70 14 25 3 5 50 46 66 74 18 22 72 16 
-1 -551 45 38 28 48 31 20 23 42 1 12 9 56 68 54 64 70 14 25 3 5 50 46 66 74 18 22 72 16 
-6 -553 -588 45 38 28 37 23 42 49 1 31 17 22 19 15 72 74 64 70 14 25 3 56 68 54 50 46 11 9 
-1 -551 45 38 28 48 31 20 23 42 1 25 56 68 46 64 70 3 5 72 16 13 51 66 74 18 22 55 9 12 
-1 -551 45 38 28 48 23 42 1 12 17 31 22 55 15 72 74 66 68 56 64 70 14 25 3 5 10 50 46 19 
-1 -551 45 38 28 48 31 20 23 42 1 12 9 50 56 68 64 70 14 25 3 5 46 66 74 18 22 55 72 16 
-1 -551 45 38 48 27 13 51 24 42 1 25 15 69 32 17 66 74 64 70 3 5 56 54 73 46 11 9 19 22 
-1 -551 45 38 48 27 13 51 24 42 1 25 56 15 66 74 69 32 17 70 3 5 54 11 65 73 46 9 19 22 
-1 -551 45 38 48 27 13 51 24 1 43 25 56 15 66 74 69 32 17 70 3 5 54 11 65 73 46 9 19 22 
-1 -551 45 38 48 27 13 51 24 1 43 25 56 15 66 74 69 32 17 71 3 5 54 11 65 73 46 9 19 22 
-1 -551 45 38 48 27 13 24 42 1 25 32 17 56 15 66 74 69 70 3 5 54 11 65 50 73 46 9 19 22 
-1 -551 45 38 48 27 13 24 1 43 25 32 17 56 15 66 74 69 70 3 5 54 11 65 50 73 46 9 19 22 
-1 -551 45 38 48 27 13 24 1 43 25 32 17 56 15 66 74 69 71 3 5 54 11 65 50 73 46 9 19 22 
-1 -551 45 38 48 27 13 23 1 43 25 31 17 56 69 67 3 5 74 64 70 54 50 73 46 16 11 9 19 22 
-1 -551 45 38 48 27 13 51 24 42 1 25 15 72 66 74 69 32 17 70 3 5 56 54 11 65 46 9 19 22 
-1 -551 45 38 48 27 13 51 24 1 43 25 31 15 72 66 74 69 17 70 3 5 56 54 11 65 46 9 19 22 
-1 -551 45 38 48 27 13 51 24 1 43 25 15 72 66 74 69 32 17 70 3 5 56 54 11 65 46 9 19 22 
-1 -551 45 38 48 27 13 24 42 1 25 32 17 15 72 66 74 69 70 3 5 56 54 11 65 50 46 9 19 22 
-1 -551 45 38 48 27 13 24 1 43 25 31 17 15 72 66 74 69 70 3 5 56 54 11 65 50 46 9 19 22 
-1 -551 45 38 48 27 13 24 1 43 25 32 17 15 72 66 74 69 70 3 5 56 54 11 65 50 46 9 19 22 
-1 -551 45 38 48 27 13 1 43 25 24 54 56 66 74 69 12 17 32 70 3 5 65 50 46 72 16 9 19 22 
-1 -551 45 6 48 27 13 51 1 43 25 3 24 11 54 56 15 39 66 74 69 17 32 70 65 73 46 9 19 22 
-1 -551 45 6 48 27 13 1 43 25 3 24 11 54 56 15 39 66 74 69 32 17 70 65 50 73 46 9 19 22 
-1 -560 45 6 48 35 27 13 1 43 25 3 24 11 54 56 15 39 74 69 17 32 70 65 50 73 46 9 19 22 
-1 -551 45 48 27 13 51 23 1 43 25 32 17 56 64 15 69 67 3 5 74 54 73 46 39 71 11 9 19 22 
-1 -551 45 48 27 13 23 1 43 25 32 17 22 56 64 15 69 67 3 5 74 54 50 73 46 39 71 11 9 19 
-1 -551 45 48 27 13 23 1 43 25 32 17 22 56 64 15 69 67 3 5 10 74 54 50 73 46 39 71 11 19 
-1 -551 45 39 71 48 27 13 23 1 43 25 54 56 64 32 17 69 67 3 5 74 50 73 46 16 11 9 19 22 
-1 -551 45 48 27 13 51 24 1 43 25 32 17 56 15 72 66 74 69 3 5 54 11 65 46 39 71 9 19 22 
-1 -551 45 6 48 27 13 51 1 43 25 3 24 54 56 15 11 72 66 74 69 17 32 65 46 39 71 9 19 22 
-1 -551 45 48 27 13 24 42 1 25 32 17 22 15 72 64 69 66 74 3 5 56 54 50 46 39 71 11 9 19 
-1 -551 45 48 27 13 24 1 43 25 32 17 22 56 15 72 66 74 69 3 5 54 11 65 50 46 39 71 9 19 
-1 -551 45 6 48 27 13 1 43 25 3 24 54 56 15 11 72 66 74 69 32 17 65 50 46 39 71 9 19 22 
-1 -551 45 48 27 13 1 43 25 24 12 17 15 39 72 31 66 74 64 70 3 5 10 56 68 54 50 46 19 22 
-1 -551 45 38 48 31 20 27 13 51 24 42 1 25 54 56 69 64 70 3 5 46 72 16 66 74 18 22 11 9 
-1 -551 45 38 48 31 20 27 13 51 23 42 1 56 68 54 64 70 25 3 5 46 72 16 66 74 18 22 9 12 
-1 -551 45 39 71 48 32 27 13 51 23 42 1 25 54 56 64 69 67 73 46 16 20 74 18 22 11 9 5 3 
-1 -551 45 39 71 48 32 27 13 51 24 42 1 25 54 56 46 64 69 72 16 20 66 74 18 22 11 9 5 3 
-1 -553 45 39 71 48 27 13 51 25 24 1 43 5 16 72 11 46 57 65 69 4 31 20 74 18 22 9 54 8 
-1 -551 45 38 48 27 14 51 24 42 1 32 17 22 56 15 66 74 69 70 25 3 5 54 11 65 73 46 9 19 
-1 -551 45 43 1 38 48 27 14 51 24 32 17 22 56 15 66 74 69 70 25 3 5 54 11 65 73 46 9 19 
-1 -551 45 43 1 38 48 27 14 51 24 32 17 22 56 15 66 74 69 71 3 5 54 11 65 73 46 25 9 19 
-1 -551 45 38 48 27 14 51 24 42 1 32 17 22 19 56 69 66 74 64 70 25 3 5 54 73 46 16 11 9 
-1 -551 45 38 48 27 14 24 42 1 32 17 22 19 56 15 66 74 69 70 25 3 5 54 11 65 50 73 46 9 
-1 -551 45 43 1 38 48 27 14 24 32 17 22 19 56 15 66 74 69 70 25 3 5 54 11 65 50 73 46 9 
-1 -551 45 43 1 38 48 27 14 24 32 17 22 19 56 15 66 74 69 71 3 5 54 11 65 50 73 46 25 9 
-1 -551 45 38 48 27 14 51 24 42 1 32 17 22 15 72 66 74 69 70 25 3 5 56 54 11 65 46 9 19 
-1 -551 45 38 48 27 14 51 24 42 1 32 17 22 19 56 69 66 74 64 70 25 3 5 54 46 72 16 11 9 
-1 -551 45 38 48 27 14 51 42 1 24 12 32 17 56 69 66 74 64 70 25 3 5 54 46 72 16 9 19 22 
-1 -551 45 38 48 27 14 24 42 1 32 17 22 19 15 72 66 74 69 70 25 3 5 56 54 11 65 50 46 9 
-1 -551 45 43 1 38 48 27 14 24 31 17 22 19 15 72 66 74 69 70 25 3 5 56 54 11 65 50 46 9 
-1 -551 45 43 1 38 48 27 14 24 32 17 22 19 15 72 66 74 69 70 25 3 5 56 54 11 65 50 46 9 
-1 -551 45 43 1 38 48 27 14 24 31 17 22 19 15 72 66 74 69 70 25 3 5 10 56 54 11 65 50 46 
-1 -551 45 43 1 38 48 27 14 24 12 32 17 22 54 56 66 74 69 70 25 3 5 65 50 46 72 16 9 19 
-1 -551 45 6 43 1 48 27 14 24 32 17 22 19 11 54 56 15 39 66 74 69 70 3 25 65 50 73 46 9 
-1 -551 45 6 43 1 48 27 14 51 24 32 17 22 54 56 15 11 72 66 74 69 65 46 3 25 39 71 10 19 
-1 -551 45 43 1 48 27 14 24 32 17 22 19 9 56 15 72 66 74 69 3 5 54 11 65 50 46 25 39 71 
-1 -551 45 6 43 1 48 27 14 24 32 17 22 19 54 56 15 11 72 66 74 69 65 50 46 3 25 39 71 9 
-1 -551 45 43 1 48 27 14 24 32 17 22 19 10 56 15 72 66 74 69 3 5 54 11 65 50 46 25 39 71 
-1 -551 45 48 27 14 23 42 1 12 17 31 22 19 15 39 72 66 74 64 70 25 3 5 10 56 68 54 50 46 
-1 -551 45 43 1 38 48 31 20 27 14 24 10 54 56 69 64 70 25 3 5 50 46 66 74 18 22 11 16 72 
-1 -551 45 39 48 32 27 14 51 24 42 1 20 10 54 56 69 64 70 25 3 5 46 66 74 18 22 11 72 16 
-1 -551 45 43 1 39 71 48 32 27 14 24 20 10 50 11 54 56 65 69 3 5 46 66 74 18 22 25 72 16 
-6 -553 -588 45 38 28 37 24 26 42 49 1 31 17 15 72 69 74 64 70 3 56 54 50 46 13 11 9 19 22 
-6 -553 -588 45 38 28 37 24 26 42 49 1 31 17 15 72 74 64 70 3 56 68 54 50 46 13 11 9 19 22 
-1 -551 45 38 28 48 23 42 1 26 31 17 15 72 74 66 68 56 64 70 3 5 50 46 13 11 9 19 22 55 
-1 -551 45 38 28 48 23 42 1 26 31 17 22 55 15 72 74 66 68 56 64 70 14 3 5 50 46 11 9 19 
-1 -551 45 38 48 27 13 24 26 42 1 32 17 15 69 66 74 64 70 3 5 56 54 50 73 46 11 9 19 22 
-1 -587 45 48 26 27 13 51 23 38 1 43 3 5 17 31 64 70 69 67 74 73 46 19 22 16 11 9 54 8 
-1 -551 45 38 48 27 13 24 26 42 1 32 17 15 72 69 74 66 64 70 3 5 56 54 50 46 11 9 19 22 
-1 -551 45 39 71 48 32 27 13 23 42 1 20 54 56 64 69 67 3 5 10 26 50 73 46 74 18 22 11 16 
-6 -553 -588 45 38 27 13 37 24 26 42 49 1 31 15 72 69 17 74 64 70 3 56 54 50 46 11 9 19 22 
-1 -551 45 39 71 48 27 14 24 26 42 1 32 17 22 54 56 64 69 66 74 50 46 72 16 5 3 11 9 19 
-6 -553 -588 45 43 1 38 27 14 37 24 26 31 17 22 19 56 74 64 70 3 68 54 50 49 72 16 46 11 9 
-1 -551 45 48 27 13 23 42 1 26 31 17 15 39 72 74 66 68 56 64 70 3 5 50 46 11 9 19 22 55 
-1 -551 45 38 28 48 23 42 1 75 25 66 15 72 31 12 17 68 56 64 70 3 5 46 13 51 9 19 22 55 
-1 -551 45 38 28 48 23 42 1 75 25 66 15 72 31 12 17 68 64 70 3 5 57 46 13 51 9 19 22 55 
-1 -551 45 38 28 48 23 42 1 75 25 31 17 66 15 72 69 64 70 3 5 57 50 46 13 11 9 19 22 55 
-1 -551 45 38 28 48 23 42 1 75 25 66 15 72 69 31 12 17 64 70 3 5 57 50 46 13 9 19 22 55 
-1 -551 45 38 28 48 23 42 1 75 25 66 15 72 31 12 17 68 56 64 70 3 5 50 46 13 9 19 22 55 
-6 -553 -578 45 38 28 37 23 42 1 75 25 31 17 15 72 68 56 64 70 3 5 50 46 13 11 9 19 22 55 
-1 -551 45 38 28 48 31 20 23 42 1 75 25 56 68 46 64 70 3 5 72 16 66 18 22 55 13 51 9 12 
-1 -551 45 38 28 48 31 20 23 42 1 75 25 46 57 68 64 70 3 5 72 16 66 18 22 55 13 51 9 12 
-1 -551 45 38 28 48 23 42 1 75 31 17 22 55 66 15 72 69 64 70 25 3 5 56 46 14 51 11 9 19 
-1 -551 45 38 28 48 23 42 1 75 31 17 22 55 66 15 72 68 56 64 70 25 3 5 46 14 51 11 9 19 
-1 -551 45 38 28 48 23 42 1 75 31 17 22 55 66 15 72 69 64 70 14 25 3 5 56 50 46 11 9 19 
-1 -551 45 38 28 48 23 42 1 75 12 17 31 66 15 72 69 64 70 14 25 3 5 56 50 46 9 19 22 55 
-1 -551 45 38 28 48 23 42 1 75 12 17 31 66 15 72 69 64 70 14 25 3 5 57 50 46 9 19 22 55 
-1 -551 45 38 28 48 23 42 1 75 12 17 31 66 15 72 69 64 70 14 25 3 5 10 57 50 46 19 22 55 
-1 -551 45 38 28 48 23 42 1 75 12 17 31 56 66 69 64 70 14 25 3 5 50 46 72 16 9 19 22 55 
-1 -551 45 38 28 48 23 42 1 75 12 17 31 66 15 72 68 56 64 70 14 25 3 5 10 50 46 19 22 55 
-1 -551 45 38 28 48 23 42 1 75 12 17 31 56 68 66 64 70 14 25 3 5 50 46 72 16 9 19 22 55 
-1 -551 45 38 28 48 31 20 23 42 1 75 12 9 50 56 69 64 70 14 25 3 5 46 66 18 22 55 72 16 
-1 -551 45 38 28 48 31 20 23 42 1 75 12 9 50 57 69 64 70 14 25 3 5 72 16 46 66 18 22 55 
-1 -551 45 38 28 48 31 20 23 42 1 75 12 50 56 68 64 70 14 25 3 5 10 46 66 18 22 55 72 16 
-1 -551 45 6 48 27 13 51 23 42 1 75 25 3 56 46 66 15 72 64 69 17 31 39 71 11 9 19 22 55 
-1 -551 45 48 27 13 51 23 42 1 75 25 56 68 66 15 72 64 31 3 5 46 39 71 9 19 22 55 17 12 
-1 -551 45 48 27 13 23 42 1 75 25 31 17 56 66 15 72 64 69 3 5 50 46 39 71 11 9 19 22 55 
-1 -551 45 6 48 27 13 23 42 1 75 25 3 56 66 15 39 72 69 17 31 64 70 50 46 11 9 19 22 55 
-1 -551 45 6 48 27 13 23 42 1 75 25 3 50 56 66 15 72 64 69 17 31 46 39 71 11 9 19 22 55 
-1 -551 45 48 27 13 23 42 1 75 25 31 17 66 15 39 72 69 64 70 3 5 57 50 46 11 9 19 22 55 
-1 -551 45 48 27 13 23 42 1 75 25 66 15 39 72 69 31 12 17 64 70 3 5 57 50 46 9 19 22 55 
-2 -553 45 48 27 13 23 42 1 75 25 31 17 56 15 72 64 69 3 5 50 46 39 71 11 9 19 63 22 55 
-2 -553 45 48 27 13 23 42 1 75 25 56 15 72 64 69 31 12 17 3 5 50 46 39 71 9 19 63 22 55 
-1 -551 45 48 27 13 23 42 1 75 25 56 68 66 15 72 64 31 12 17 3 5 50 46 39 71 9 19 22 55 
-1 -551 45 38 48 31 20 27 13 51 23 42 1 75 56 68 46 64 70 25 3 5 72 16 66 18 22 55 9 12 
-1 -553 45 39 71 48 31 20 27 13 51 23 42 56 46 16 72 64 18 22 55 1 75 9 68 8 12 5 3 25 
-1 -551 45 38 48 27 14 23 42 1 75 12 17 31 66 15 72 68 56 64 70 25 3 5 10 50 46 19 22 55 
-1 -551 45 38 48 27 14 23 42 1 75 12 17 31 56 68 66 64 70 25 3 5 50 46 72 16 9 19 22 55 
-1 -551 45 48 27 14 51 23 42 1 75 31 17 66 15 39 72 69 64 70 25 3 5 56 46 11 9 19 22 55 
-1 -551 45 48 27 14 51 23 42 1 75 31 17 56 66 15 72 64 69 3 5 46 25 39 71 11 9 19 22 55 
-1 -551 45 6 48 27 14 51 23 42 1 75 31 17 56 66 15 39 72 69 64 70 3 25 46 11 9 19 22 55 
-1 -551 45 48 27 14 51 23 42 1 75 31 17 66 15 39 72 68 56 64 70 25 3 5 46 11 9 19 22 55 
-1 -551 45 48 27 14 51 23 42 1 75 31 17 56 68 66 15 72 64 3 5 46 25 39 71 11 9 19 22 55 
-1 -551 45 48 27 14 51 23 42 1 75 31 17 22 55 66 15 39 72 68 56 64 70 25 3 5 10 46 11 19 
-1 -551 45 48 27 14 23 42 1 75 31 17 22 55 66 15 39 72 69 64 70 25 3 5 56 50 46 11 9 19 
-1 -551 45 6 48 27 14 23 42 1 75 31 17 56 66 15 39 72 69 64 70 3 25 50 46 11 9 19 22 55 
-1 -551 45 6 48 27 14 23 42 1 75 31 17 50 56 66 15 72 64 69 46 3 25 39 71 11 9 19 22 55 
-1 -551 45 48 27 14 23 42 1 75 12 17 31 56 66 15 72 64 69 10 50 46 39 71 25 5 3 19 22 55 
-1 -551 45 48 27 14 23 42 1 75 12 17 31 66 15 39 72 69 64 70 25 3 5 10 57 50 46 19 22 55 
-1 -551 45 48 27 14 23 42 1 75 31 17 22 55 56 68 66 15 72 64 3 5 50 46 25 39 71 11 9 19 
-1 -551 45 48 27 14 23 42 1 75 12 17 31 56 68 66 15 72 64 10 50 46 39 71 25 5 3 19 22 55 
-1 -551 45 38 48 31 20 27 14 23 42 1 75 12 50 56 68 64 70 25 3 5 10 46 66 18 22 55 72 16 
-1 -551 45 39 71 48 31 20 27 14 23 42 1 75 50 56 68 46 64 10 66 18 22 55 25 5 3 72 16 12 
-1 -551 45 38 28 48 23 42 1 75 26 31 17 66 15 72 69 64 70 3 5 56 50 46 13 11 9 19 22 55 
-1 -551 45 38 28 48 23 42 1 75 26 31 17 66 15 72 69 64 70 3 5 57 50 46 13 11 9 19 22 55 
-1 -551 45 38 28 48 23 42 1 75 26 31 17 66 15 72 68 56 64 70 3 5 50 46 13 11 9 19 22 55 
-1 -551 45 38 28 48 23 42 1 75 26 31 17 66 15 72 69 64 70 14 3 5 56 50 46 11 9 19 22 55 
-1 -551 45 48 27 13 23 42 1 75 26 31 17 56 66 15 39 72 64 70 3 5 68 54 50 46 11 9 19 22 
-1 -551 45 38 48 27 13 51 23 42 1 75 26 66 15 72 69 17 31 64 70 3 5 56 46 11 9 19 22 55 
-1 -551 45 38 48 27 13 23 42 1 75 26 31 66 15 72 17 68 56 64 70 3 5 50 46 11 9 19 22 55 
-1 -551 45 6 48 27 13 51 23 42 1 75 3 26 56 66 15 39 72 69 17 31 64 70 46 11 9 19 22 55 
-1 -551 45 6 48 27 13 51 23 42 1 75 3 26 56 46 66 15 72 64 69 17 31 39 71 11 9 19 22 55 
-2 -553 45 48 27 13 51 23 42 1 75 56 15 72 26 64 69 31 12 17 3 5 46 39 71 9 19 63 22 55 
-1 -551 45 48 27 13 23 42 1 75 26 31 17 66 15 39 72 69 64 70 3 5 57 50 46 11 9 19 22 55 
-2 -553 45 48 27 13 23 42 1 75 26 31 17 56 15 72 64 69 3 5 50 46 39 71 11 9 19 63 22 55 
-1 -551 45 48 27 13 23 42 1 75 26 31 17 66 15 39 72 68 56 64 70 3 5 50 46 11 9 19 22 55 
-1 -551 45 48 27 13 23 42 1 75 26 31 17 56 68 66 15 72 64 3 5 50 46 39 71 11 9 19 22 55 
-1 -551 45 38 48 27 14 51 23 42 1 75 26 31 66 15 72 69 17 64 70 3 5 56 46 11 9 19 22 55 
-1 -551 45 38 48 27 14 23 42 1 75 26 31 17 66 15 72 68 56 64 70 3 5 50 46 11 9 19 22 55 
-2 -553 45 38 28 48 23 21 11 42 1 25 31 15 72 69 17 74 64 70 3 5 56 63 55 46 51 13 9 19 
-1 -551 45 38 48 27 13 51 24 21 11 42 1 25 15 69 17 66 74 31 20 73 70 47 3 5 56 54 65 9 
-1 -551 45 38 48 27 13 51 24 21 11 1 43 25 15 69 17 66 74 31 20 73 70 47 3 5 56 54 65 9 
-1 -551 45 38 48 27 13 51 21 42 1 25 15 69 66 74 31 20 73 70 47 3 5 56 54 65 9 17 12 24 
-1 -551 45 38 48 27 13 51 21 1 43 25 15 69 66 74 31 20 73 70 47 3 5 56 54 65 9 17 12 24 
-1 -551 45 38 48 27 13 51 24 21 11 42 1 25 56 15 66 74 20 73 70 47 3 5 68 54 65 9 17 32 
-1 -551 45 38 48 27 13 51 24 21 11 1 43 25 56 15 66 74 20 73 70 47 3 5 68 54 65 9 17 32 
-1 -551 45 38 48 27 13 51 21 42 1 25 56 15 66 74 20 73 70 47 3 5 68 54 65 9 17 32 12 24 
-1 -551 45 38 48 27 13 51 21 1 43 25 56 15 66 74 20 73 70 47 3 5 68 54 65 9 17 32 12 24 
-1 -551 45 38 48 27 13 24 21 11 42 1 25 15 69 17 66 74 31 20 73 70 47 3 5 56 54 65 50 9 
-1 -551 45 38 48 27 13 24 21 11 1 43 25 15 69 17 66 74 31 20 73 70 47 3 5 56 54 65 50 9 
-1 -551 45 38 48 27 13 21 42 1 25 24 15 69 66 74 31 20 73 70 47 3 5 56 54 65 50 9 17 12 
-1 -551 45 38 48 27 13 21 1 43 25 24 15 69 66 74 31 20 73 70 47 3 5 56 54 65 50 9 17 12 
-1 -551 45 38 48 27 13 24 21 11 42 1 25 56 15 66 74 20 73 70 47 3 5 68 54 65 50 9 17 32 
-1 -551 45 38 48 27 13 24 21 11 1 43 25 56 15 66 74 20 73 70 47 3 5 68 54 65 50 9 17 32 
-1 -551 45 38 48 27 13 21 42 1 25 24 56 15 66 74 20 73 70 47 3 5 68 54 65 50 9 17 32 12 
-1 -551 45 38 48 27 13 21 1 43 25 24 56 15 66 74 20 73 70 47 3 5 68 54 65 50 9 17 32 12 
-1 -551 45 38 48 27 13 51 24 21 11 42 1 25 56 15 72 66 74 20 70 47 3 5 68 54 65 9 17 32 
-1 -551 45 38 48 27 13 51 24 21 11 1 43 25 56 15 72 66 74 20 70 47 3 5 68 54 65 9 17 32 
-1 -551 45 38 48 27 13 51 21 42 1 25 56 15 72 66 74 20 70 47 3 5 68 54 65 9 17 32 12 24 
-1 -551 45 38 48 27 13 51 21 1 43 25 56 15 72 66 74 20 70 47 3 5 68 54 65 9 17 32 12 24 
-1 -551 45 38 48 27 13 24 21 11 42 1 25 56 15 72 66 74 20 70 47 3 5 68 54 65 50 9 17 32 
-1 -551 45 38 48 27 13 24 21 11 1 43 25 56 15 72 66 74 20 70 47 3 5 68 54 65 50 9 17 32 
-1 -551 45 38 48 27 13 21 42 1 25 24 56 15 72 66 74 20 70 47 3 5 68 54 65 50 9 17 32 12 
-1 -551 45 38 48 27 13 21 1 43 25 24 56 15 72 66 74 20 70 47 3 5 68 54 65 50 9 17 32 12 
-1 -551 45 48 27 13 51 24 21 11 42 1 25 54 56 15 66 74 69 17 31 3 5 65 73 46 39 71 9 19 
-1 -551 45 48 27 13 51 24 21 11 1 43 25 54 56 15 66 74 69 17 31 3 5 65 73 46 39 71 9 19 
-1 -551 45 48 27 13 51 21 42 1 25 24 54 56 15 66 74 69 31 3 5 65 73 46 39 71 9 19 17 12 
-1 -551 45 48 27 13 51 24 21 11 42 1 25 56 54 68 15 66 74 3 5 65 73 46 39 71 9 19 17 32 
-1 -551 45 48 27 13 51 24 21 11 1 43 25 56 54 68 15 66 74 3 5 65 73 46 39 71 9 19 17 32 
-1 -551 45 48 27 13 51 21 42 1 25 24 56 54 68 15 66 74 3 5 65 73 46 39 71 9 19 17 32 12 
-1 -551 45 48 27 13 51 24 21 11 1 43 25 15 39 69 17 66 74 31 20 73 70 47 3 5 56 54 65 9 
-1 -551 45 48 27 13 51 21 1 43 25 24 15 39 69 66 74 31 20 73 70 47 3 5 56 54 65 9 17 12 
-2 -553 45 6 48 27 13 51 21 1 43 25 3 15 54 57 65 69 74 31 20 73 63 47 39 71 9 17 12 24 
-2 45 6 48 27 13 51 21 11 1 43 25 3 15 54 57 65 69 17 66 74 35 31 20 73 63 47 39 71 9 24 
-2 45 6 48 27 13 51 21 1 43 25 3 24 15 54 57 65 69 66 74 35 31 20 73 63 47 39 71 9 17 12 
-1 -551 45 48 27 13 51 24 21 11 1 43 25 56 15 39 66 74 20 73 70 47 3 5 68 54 65 9 17 32 
-1 -551 45 48 27 13 51 21 1 43 25 24 56 15 39 66 74 20 73 70 47 3 5 68 54 65 9 17 32 12 
-1 -551 45 48 27 13 24 21 11 42 1 25 31 54 56 15 66 74 69 17 3 5 65 50 73 46 39 71 9 19 
-1 -551 45 48 27 13 24 21 11 1 43 25 31 54 56 15 66 74 69 17 3 5 65 50 73 46 39 71 9 19 
-1 -551 45 48 27 13 21 42 1 25 24 54 56 15 66 74 69 31 12 17 3 5 65 50 73 46 39 71 9 19 
-1 -551 45 48 27 13 21 42 1 25 24 54 56 15 66 74 69 31 12 17 3 5 10 65 50 73 46 39 71 19 
-1 -551 45 48 27 13 21 1 43 25 24 54 56 15 66 74 69 31 12 17 3 5 65 50 73 46 39 71 9 19 
-1 -551 45 48 27 13 21 1 43 25 24 54 56 15 66 74 69 31 12 17 3 5 10 65 50 73 46 39 71 19 
-1 -551 45 48 27 13 24 21 11 42 1 25 56 54 68 15 66 74 3 5 65 50 73 46 39 71 9 19 32 17 
-1 -551 45 48 27 13 24 21 11 1 43 25 56 54 68 15 66 74 3 5 65 50 73 46 39 71 9 19 32 17 
-1 -551 45 48 27 13 21 42 1 25 24 56 54 68 15 66 74 3 5 65 50 73 46 39 71 9 19 12 17 32 
-1 -551 45 48 27 13 21 42 1 25 24 56 54 68 15 66 74 3 5 10 65 50 73 46 39 71 19 12 17 32 
-1 -551 45 48 27 13 21 1 43 25 24 56 54 68 15 66 74 3 5 65 50 73 46 39 71 9 19 12 17 32 
-1 -551 45 48 27 13 21 1 43 25 24 56 54 68 15 66 74 3 5 10 65 50 73 46 39 71 19 12 17 32 
-1 -551 45 48 27 13 24 21 11 1 43 25 15 39 69 17 20 31 66 74 73 70 47 3 5 56 54 65 50 9 
-1 -551 45 48 27 13 21 1 43 25 24 15 39 69 12 17 66 74 31 20 73 70 47 3 5 56 54 65 50 9 
-2 -553 45 6 48 27 13 21 11 1 43 25 3 24 15 54 57 65 69 17 74 31 20 73 50 63 47 39 71 9 
-2 -553 45 6 48 27 13 21 1 43 25 3 24 54 56 65 15 69 74 31 20 73 50 63 47 39 71 9 17 12 
-2 45 6 48 27 13 21 11 1 43 25 3 24 15 54 57 65 69 17 66 74 35 31 20 73 50 63 47 39 71 9 
-2 45 6 48 27 13 21 1 43 25 3 24 54 56 65 15 69 12 17 66 74 35 31 20 73 50 63 47 39 71 9 
-1 -551 45 48 27 13 24 21 11 1 43 25 20 56 15 39 66 74 73 70 47 3 5 68 54 65 50 9 17 32 
-1 -551 45 48 27 13 21 1 43 25 24 56 15 39 66 74 20 73 70 47 3 5 68 54 65 50 9 12 17 32 
-1 -551 45 6 48 27 13 51 23 21 1 43 25 56 68 54 15 67 73 74 20 65 47 3 39 71 9 17 32 12 
-1 -574 45 6 48 27 13 51 23 21 11 1 43 25 68 54 15 67 73 74 20 35 65 47 3 39 71 9 17 32 
-1 -574 45 6 48 27 13 51 23 21 1 43 25 3 68 54 15 67 73 74 20 35 65 47 39 71 9 17 32 12 
-1 -551 45 6 48 27 13 23 21 11 1 43 25 3 56 68 54 15 67 73 74 20 65 50 47 39 71 9 17 32 
-1 -551 45 6 48 27 13 23 21 11 1 43 25 3 56 68 54 15 67 10 73 74 20 65 50 47 39 71 17 32 
-1 -551 45 6 48 27 13 23 21 1 43 25 3 56 68 54 15 67 73 74 20 65 50 47 39 71 9 17 32 12 
-1 -574 45 6 48 27 13 23 21 11 1 43 25 3 68 54 15 67 73 74 20 35 65 50 47 39 71 9 17 32 
-1 -574 45 6 48 27 13 23 21 11 1 43 25 3 68 54 15 67 10 73 74 20 35 65 50 47 39 71 17 32 
-1 -574 45 6 48 27 13 23 21 1 43 25 3 68 54 15 67 73 74 20 35 65 50 47 39 71 9 12 17 32 
-1 -551 45 48 27 13 51 24 21 11 42 1 25 56 15 72 66 74 3 5 68 54 65 46 39 71 9 19 17 32 
-1 -551 45 48 27 13 51 24 21 11 1 43 25 56 15 72 66 74 3 5 68 54 65 46 39 71 9 19 17 32 
-1 -551 45 48 27 13 51 21 42 1 25 24 56 15 72 66 74 3 5 68 54 65 46 39 71 9 19 17 32 12 
-1 -551 45 6 48 27 13 51 21 11 1 43 25 3 56 54 68 15 72 66 74 20 65 47 39 71 9 17 32 24 
-1 -551 45 6 48 27 13 51 21 1 43 25 3 56 54 68 15 72 66 74 20 65 47 39 71 9 17 32 12 24 
-1 -560 45 6 48 27 13 51 21 11 1 43 25 3 56 54 68 15 72 74 20 35 65 47 39 71 9 17 32 24 
-1 -551 45 48 27 13 24 21 11 42 1 25 56 15 72 66 74 3 5 68 54 65 50 46 39 71 9 19 32 17 
-1 -551 45 48 27 13 24 21 11 1 43 25 56 15 72 66 74 3 5 68 54 65 50 46 39 71 9 19 32 17 
-1 -551 45 48 27 13 21 42 1 25 24 56 15 72 66 74 3 5 68 54 65 50 46 39 71 9 19 12 17 32 
-1 -551 45 48 27 13 21 42 1 25 24 56 15 72 66 74 3 5 10 68 54 65 50 46 39 71 19 12 17 32 
-1 -551 45 48 27 13 21 1 43 25 24 56 15 72 66 74 3 5 68 54 65 50 46 39 71 9 19 12 17 32 
-1 -551 45 48 27 13 21 1 43 25 24 56 15 72 66 74 3 5 10 68 54 65 50 46 39 71 19 12 17 32 
-1 -551 45 6 48 27 13 21 11 1 43 25 3 24 56 54 68 15 72 66 74 20 65 50 47 39 71 9 17 32 
-1 -551 45 6 48 27 13 21 1 43 25 3 24 56 54 68 15 72 66 74 20 65 50 47 39 71 9 17 32 12 
-1 -551 45 6 48 27 13 21 1 43 25 3 24 56 54 68 15 72 66 74 20 65 50 47 39 71 10 17 32 12 
-1 -560 45 6 48 27 13 21 11 1 43 25 3 24 56 54 68 15 72 74 20 35 65 50 47 39 71 9 17 32 
-1 -551 45 43 1 38 48 27 14 51 24 21 11 15 69 17 20 31 66 74 73 70 47 25 3 5 56 54 65 9 
-1 -551 45 43 1 38 48 27 14 51 24 21 11 20 56 15 66 74 73 70 47 25 3 5 68 54 65 9 17 32 
-1 -551 45 38 48 27 14 24 21 11 42 1 20 31 15 69 17 66 74 73 70 47 25 3 5 56 54 65 50 9 
-1 -551 45 43 1 38 48 27 14 24 21 11 20 31 15 69 17 66 74 73 70 47 25 3 5 56 54 65 50 9 
-1 -551 45 38 48 27 14 24 21 11 42 1 20 56 15 66 74 73 70 47 25 3 5 68 54 65 50 9 32 17 
-1 -551 45 43 1 38 48 27 14 24 21 11 20 56 15 66 74 73 70 47 25 3 5 68 54 65 50 9 32 17 
-1 -551 45 38 48 27 14 51 24 21 11 42 1 20 56 15 72 66 74 70 47 25 3 5 68 54 65 9 17 32 
-1 -551 45 38 48 27 14 24 21 11 42 1 20 56 15 72 66 74 70 47 25 3 5 68 54 65 50 9 32 17 
-1 -551 45 43 1 38 48 27 14 24 21 11 20 56 15 72 66 74 70 47 25 3 5 68 54 65 50 9 32 17 
-1 -551 45 38 48 27 14 21 42 1 24 12 17 15 69 4 20 31 66 74 73 70 47 25 5 56 54 65 50 9 
-1 -551 45 38 48 27 14 21 42 1 24 12 32 17 56 15 66 74 20 73 70 47 25 5 68 54 65 50 9 4 
-1 -551 45 38 48 27 14 21 42 1 24 12 32 17 56 15 72 66 74 20 70 47 25 5 68 54 65 50 9 4 
-1 -551 45 48 27 14 51 24 21 11 42 1 31 17 54 56 15 66 74 69 3 5 65 73 46 25 39 71 9 19 
-1 -551 45 43 1 48 27 14 51 24 21 11 31 17 54 56 15 66 74 69 3 5 65 73 46 25 39 71 9 19 
-1 -551 45 48 27 14 51 24 21 11 42 1 32 17 56 54 68 15 66 74 3 5 65 73 46 25 39 71 9 19 
-1 -551 45 43 1 48 27 14 51 24 21 11 32 17 56 54 68 15 66 74 3 5 65 73 46 25 39 71 9 19 
-1 -551 45 48 27 14 24 21 11 42 1 31 17 19 54 56 15 66 74 69 3 5 65 50 73 46 25 39 71 9 
-1 -551 45 43 1 48 27 14 24 21 11 31 17 19 54 56 15 66 74 69 3 5 65 50 73 46 25 39 71 9 
-1 -551 45 43 1 39 71 48 27 14 24 21 11 31 17 54 56 66 74 69 65 50 73 46 16 5 3 25 9 19 
-1 -551 45 48 27 14 24 21 11 42 1 32 17 19 56 54 68 15 66 74 3 5 65 50 73 46 25 39 71 9 
-1 -551 45 43 1 48 27 14 24 21 11 32 17 19 56 54 68 15 66 74 3 5 65 50 73 46 25 39 71 9 
-1 -551 45 43 1 48 27 14 24 21 11 20 31 17 15 39 69 66 74 73 70 47 25 3 5 56 54 65 50 9 
-2 -553 45 6 43 1 48 27 14 21 11 24 31 20 54 56 65 15 69 17 74 73 50 63 47 3 25 39 71 9 
-2 -553 45 6 43 1 48 27 14 21 11 24 31 20 15 54 57 65 69 17 74 73 50 63 47 3 25 39 71 10 
-2 45 6 43 1 48 27 14 21 11 24 31 20 15 54 57 65 69 17 66 74 35 73 50 63 47 3 25 39 71 10 
-1 -551 45 43 1 48 27 14 24 21 11 20 32 17 56 15 39 66 74 73 70 47 25 3 5 68 54 65 50 9 
-1 -551 45 48 27 14 51 24 21 11 42 1 32 17 56 15 72 66 74 3 5 68 54 65 46 25 39 71 9 19 
-1 -551 45 48 27 14 24 21 11 42 1 32 17 19 56 15 72 66 74 3 5 68 54 65 50 46 25 39 71 9 
-1 -551 45 43 1 48 27 14 24 21 11 32 17 19 56 15 72 66 74 3 5 68 54 65 50 46 25 39 71 9 
-1 -551 45 43 1 39 71 48 27 14 21 24 56 54 68 66 74 65 50 46 72 16 5 3 25 9 19 12 32 17 
-1 -551 45 6 43 1 48 27 14 21 11 24 32 17 56 54 68 15 72 66 74 20 65 50 47 3 25 39 71 9 
-1 -551 45 6 43 1 48 27 14 21 11 24 32 17 56 54 68 15 72 66 74 20 65 50 47 3 25 39 71 10 
-1 -560 45 6 43 1 48 27 14 21 11 24 32 17 56 54 68 15 72 74 20 35 65 50 47 3 25 39 71 9 
-1 -560 45 6 43 1 48 27 14 21 11 24 32 17 56 54 68 15 72 74 20 35 65 50 47 3 25 39 71 10 
-1 -553 45 48 27 14 51 24 21 11 42 1 5 8 54 56 65 15 74 69 4 17 32 73 46 19 25 39 71 9 
-1 -551 45 48 27 14 51 24 21 11 42 1 32 17 4 54 56 15 66 74 69 5 10 65 73 46 25 39 71 19 
-1 -551 45 48 27 14 24 21 11 42 1 32 17 4 19 54 56 15 66 74 69 5 10 65 50 73 46 25 39 71 
-1 -551 45 48 27 14 21 42 1 24 12 17 31 4 54 56 15 66 74 69 5 65 50 73 46 39 71 25 9 19 
-1 -551 45 48 27 14 21 42 1 24 12 32 17 4 56 54 68 15 66 74 5 65 50 73 46 39 71 25 9 19 
-1 -553 45 48 27 14 51 24 21 11 42 1 5 8 54 15 57 65 72 74 69 4 17 32 46 19 25 39 71 9 
-1 -551 45 48 27 14 51 24 21 11 42 1 32 17 4 54 15 72 66 74 69 5 10 57 65 46 25 39 71 19 
-1 -551 45 48 27 14 24 21 11 42 1 32 17 4 19 54 15 72 66 74 69 5 10 57 65 50 46 25 39 71 
-1 -551 45 48 27 14 21 42 1 24 12 32 17 4 56 15 72 66 74 5 68 54 65 50 46 39 71 25 9 19 
-2 -553 45 48 27 13 51 23 21 11 42 1 25 56 15 72 64 69 17 31 74 3 5 63 55 46 39 71 9 19 
-2 -553 45 48 27 13 51 23 21 11 42 1 25 56 68 15 72 64 17 31 74 3 5 63 55 46 39 71 9 19 
-1 -551 45 48 27 13 51 23 21 11 42 1 25 15 39 72 69 17 31 20 74 66 64 70 3 5 56 47 55 9 
-1 -551 45 6 48 27 13 51 23 21 11 42 1 25 56 68 15 72 64 17 66 74 31 20 55 47 3 39 71 9 
-1 -551 45 6 48 27 13 23 21 11 42 1 25 3 56 68 15 72 64 17 66 74 31 20 50 55 47 39 71 9 
-1 -551 45 6 48 27 13 23 21 42 1 25 3 56 68 15 72 64 66 74 31 20 50 55 47 39 71 9 17 12 
-1 -551 45 6 48 27 14 51 23 21 11 42 1 31 56 15 72 64 69 17 55 66 74 46 3 25 39 71 9 19 
-1 -551 45 39 71 48 27 14 51 23 21 42 1 56 64 69 31 12 17 55 66 74 46 72 16 5 3 25 9 19 
-1 -551 45 48 27 14 23 21 42 1 12 17 31 19 15 72 64 69 66 74 10 56 55 50 46 39 71 25 5 3 
-1 -551 45 48 27 14 23 21 42 1 12 17 31 19 15 72 64 66 74 68 56 10 55 50 46 39 71 25 5 3 
-1 -551 45 6 48 27 14 23 21 11 42 1 31 20 56 68 15 72 64 17 66 74 50 55 47 3 25 39 71 9 
-1 -551 45 6 48 27 14 23 21 42 1 12 17 56 68 15 72 64 66 74 31 20 50 55 47 3 25 39 71 10 
-1 -560 45 6 48 27 14 23 21 11 42 1 31 20 56 68 15 72 64 17 74 35 50 55 47 3 25 39 71 9 
-1 -560 45 6 48 27 14 23 21 42 1 12 17 56 68 15 72 64 74 35 31 20 50 55 47 3 25 39 71 10 
-1 -551 45 38 28 48 23 21 11 42 1 26 31 15 72 69 17 74 66 64 70 3 5 56 55 46 51 13 9 19 
-1 -551 45 38 28 48 23 21 11 42 1 26 31 17 15 72 69 74 66 64 70 51 14 3 5 56 55 46 9 19 
-1 -551 45 38 48 27 13 51 23 21 11 42 1 15 72 26 69 17 31 20 74 66 64 70 3 5 56 47 55 9 
-1 -551 45 38 48 27 13 23 21 11 42 1 15 72 26 69 17 20 31 74 66 64 70 3 5 56 50 47 55 9 
-1 -551 45 38 48 27 13 23 21 11 42 1 15 72 26 17 20 31 74 66 68 56 64 70 3 5 50 47 55 9 
-1 -551 45 48 27 13 51 23 21 11 42 1 26 15 72 64 69 17 31 66 74 3 5 56 55 46 39 71 9 19 
-1 -551 45 48 27 13 23 21 11 42 1 26 31 15 72 64 69 17 66 74 3 5 56 55 50 46 39 71 9 19 
-1 -551 45 48 27 13 23 21 11 42 1 20 31 15 39 72 26 69 17 74 66 64 70 3 5 56 50 47 55 9 
-1 -551 45 6 48 27 13 23 21 11 42 1 3 26 56 68 15 72 64 17 66 74 31 20 50 55 47 39 71 9 
-1 -551 45 38 48 27 14 23 21 11 42 1 20 31 15 72 26 69 17 74 66 64 70 3 5 56 50 47 55 9 
-1 -551 45 38 48 27 14 23 21 11 42 1 20 31 15 72 26 17 74 66 68 56 64 70 3 5 50 47 55 9 
-1 -551 45 48 27 14 51 23 21 11 42 1 26 31 15 72 64 69 17 66 74 3 5 56 55 46 39 71 9 19 
-1 -551 45 48 27 13 51 23 21 42 1 75 25 56 66 15 72 64 69 31 54 46 39 71 9 19 17 12 5 3 
-2 -553 45 48 27 13 51 23 21 11 42 1 75 25 54 63 15 72 64 69 17 31 57 46 39 71 9 19 5 3 
-1 -551 45 48 27 13 51 23 21 11 42 1 75 25 66 15 39 72 69 17 64 70 47 3 5 56 54 9 31 20 
-2 -553 45 48 27 13 23 21 11 42 1 75 25 54 63 15 72 64 69 17 31 3 5 57 50 46 39 71 9 19 
-2 -553 45 48 27 13 23 21 42 1 75 25 54 63 15 72 64 69 31 3 5 57 50 46 39 71 9 19 17 12 
-1 -551 45 48 27 13 23 21 11 42 1 75 25 66 15 39 72 69 17 64 70 47 3 5 56 54 50 9 31 20 
-2 -553 45 48 27 14 51 23 21 11 42 1 75 31 56 63 15 72 64 69 17 3 5 54 46 25 39 71 9 19 
-1 -553 45 48 27 14 51 23 21 11 42 1 75 5 3 19 56 46 15 72 64 17 31 25 39 71 9 68 54 8 
-1 -551 45 48 27 14 51 23 21 11 42 1 75 31 17 56 66 15 72 64 10 68 54 46 25 5 3 39 71 19 
-1 -551 45 48 27 14 23 21 42 1 75 12 17 31 56 66 15 72 64 69 10 54 50 46 39 71 25 5 3 19 
-2 -553 45 48 27 14 23 21 11 42 1 75 31 17 56 63 15 72 64 69 3 5 54 50 46 25 39 71 9 19 
-2 -553 45 48 27 14 23 21 42 1 75 12 17 31 54 63 15 72 64 69 10 57 50 46 39 71 25 5 3 19 
-1 -551 45 48 27 14 23 21 11 42 1 75 31 17 19 56 66 15 72 64 10 68 54 50 46 25 5 3 39 71 
-1 -551 45 48 27 14 23 21 11 42 1 75 20 31 66 15 39 72 69 17 64 70 47 25 3 5 56 54 50 9 
-1 -551 45 38 48 27 13 51 23 21 11 42 1 75 66 15 72 69 17 64 70 25 3 5 56 47 55 9 31 20 
-1 -551 45 38 48 27 13 23 21 11 42 1 75 25 66 15 72 69 17 64 70 3 5 56 50 47 55 9 31 20 
-1 -551 45 48 27 13 51 23 21 11 42 1 75 25 56 66 15 72 64 69 17 31 55 46 39 71 9 19 5 3 
-1 -551 45 48 27 13 51 23 21 11 42 1 75 25 55 66 15 72 64 69 17 31 57 46 39 71 9 19 5 3 
-1 -551 45 48 27 13 51 23 21 42 1 75 25 55 66 15 72 64 69 31 57 46 39 71 9 19 17 12 5 3 
-2 -553 45 48 27 13 51 23 21 11 42 1 75 25 15 56 72 64 69 17 31 63 55 46 39 71 9 19 5 3 
-1 -551 45 48 27 13 51 23 21 11 42 1 75 25 66 15 39 72 69 17 64 70 3 5 56 47 55 9 31 20 
-1 -551 45 6 48 27 13 51 23 21 11 42 1 75 56 66 15 72 64 69 17 55 47 3 25 39 71 9 31 20 
-1 -560 45 6 48 27 13 51 23 21 42 1 75 25 56 15 72 64 69 55 47 3 35 31 20 39 71 9 17 12 
-2 -553 45 6 48 27 13 51 23 21 11 42 1 75 15 56 72 64 69 17 55 63 47 3 25 39 71 9 31 20 
-2 45 6 48 27 13 51 23 21 11 42 1 75 15 56 66 72 64 69 17 55 63 47 3 25 35 31 20 39 71 9 
-1 -551 45 48 27 13 51 23 21 11 42 1 75 25 66 15 39 72 17 68 56 64 70 3 5 47 55 9 31 20 
-1 -551 45 6 48 27 13 23 21 11 42 1 75 25 55 56 66 15 39 72 69 17 31 64 70 3 50 46 9 19 
-1 -551 45 48 27 13 23 21 42 1 75 25 56 66 15 72 64 69 31 3 5 55 50 46 39 71 9 19 17 12 
-1 -551 45 48 27 13 23 21 42 1 75 25 55 66 15 72 64 69 31 3 5 57 50 46 39 71 9 19 17 12 
-2 -553 45 48 27 13 23 21 11 42 1 75 25 15 56 72 64 69 17 31 3 5 63 55 50 46 39 71 9 19 
-2 -553 45 48 27 13 23 21 11 42 1 75 25 55 63 15 72 64 69 17 31 3 5 57 50 46 39 71 9 19 
-2 -553 45 48 27 13 23 21 42 1 75 25 15 56 72 64 69 31 3 5 63 55 50 46 39 71 9 19 17 12 
-2 -553 45 48 27 13 23 21 42 1 75 25 55 63 15 72 64 69 31 3 5 57 50 46 39 71 9 19 17 12 
-1 -551 45 48 27 13 23 21 11 42 1 75 25 66 15 39 72 69 17 64 70 3 5 56 50 47 55 9 31 20 
-1 -551 45 6 48 27 13 23 21 11 42 1 75 25 50 56 66 15 72 64 69 17 55 47 3 39 71 9 31 20 
-1 -551 45 6 48 27 13 23 21 42 1 75 25 50 56 66 15 72 64 69 55 47 3 39 71 9 31 20 17 12 
-2 -553 45 6 48 27 13 23 21 11 42 1 75 25 15 50 56 72 64 69 17 63 55 47 3 39 71 9 31 20 
-2 -553 45 6 48 27 13 23 21 42 1 75 25 15 50 56 72 64 69 63 55 47 3 39 71 9 31 20 17 12 
-1 -551 45 48 27 13 23 21 11 42 1 75 25 66 15 39 72 17 68 56 64 70 3 5 50 47 55 9 31 20 
-1 -551 45 38 48 27 14 51 23 21 11 42 1 75 66 15 72 69 17 64 70 25 3 5 56 47 55 9 31 20 
-1 -560 45 6 38 48 35 27 14 23 21 11 42 1 75 55 56 15 72 69 17 31 64 70 3 25 50 46 9 19 
-1 -551 45 38 48 27 14 23 21 11 42 1 75 66 15 72 69 17 20 31 64 70 25 3 5 56 50 47 55 9 
-1 -551 45 48 27 14 51 23 21 11 42 1 75 31 56 66 15 72 64 69 17 3 5 55 46 25 39 71 9 19 
-1 -553 45 48 27 14 51 23 21 11 42 1 75 5 3 55 56 15 72 64 69 17 31 46 19 25 39 71 9 8 
-1 -551 45 48 27 14 51 23 21 11 42 1 75 31 17 56 66 15 72 64 69 10 55 46 25 5 3 39 71 19 
-1 -551 45 39 71 48 27 14 51 23 21 11 42 1 75 55 56 66 64 69 17 31 46 72 16 5 3 25 9 19 
-1 -553 45 48 27 14 51 23 21 11 42 1 75 5 3 55 56 46 15 72 64 17 31 19 25 39 71 9 68 8 
-1 -551 45 48 27 14 51 23 21 11 42 1 75 31 17 56 68 66 15 72 64 10 55 46 25 5 3 39 71 19 
-1 -551 45 39 71 48 27 14 51 23 21 42 1 75 55 56 68 66 64 31 46 72 16 5 3 25 9 19 17 12 
-1 -551 45 6 48 27 14 23 21 11 42 1 75 31 55 56 66 15 39 72 69 17 64 70 3 25 50 46 9 19 
-1 -551 45 48 27 14 23 21 11 42 1 75 31 17 19 56 66 15 72 64 69 10 55 50 46 25 5 3 39 71 
-1 -551 45 48 27 14 23 21 42 1 75 12 17 56 66 15 72 64 69 31 3 5 55 50 46 39 71 25 9 19 
-1 -551 45 48 27 14 23 21 42 1 75 12 17 31 56 66 15 72 64 69 10 55 50 46 39 71 25 5 3 19 
-1 -551 45 48 27 14 23 21 42 1 75 12 17 31 55 66 15 72 64 69 10 57 50 46 39 71 25 5 3 19 
-2 -553 45 48 27 14 23 21 11 42 1 75 31 17 15 56 72 64 69 3 5 63 55 50 46 25 39 71 9 19 
-2 -553 45 48 27 14 23 21 42 1 75 12 17 31 15 56 72 64 69 10 63 55 50 46 39 71 25 5 3 19 
-2 -553 45 39 71 48 27 14 23 21 42 1 75 55 63 56 64 69 31 12 17 72 16 50 46 5 3 25 9 19 
-1 -551 45 48 27 14 23 21 11 42 1 75 31 17 19 56 68 66 15 72 64 10 55 50 46 25 5 3 39 71 
-1 -551 45 48 27 14 23 21 42 1 75 12 17 31 56 68 66 15 72 64 10 55 50 46 39 71 25 5 3 19 
-1 -551 45 48 27 14 23 21 11 42 1 75 20 31 66 15 39 72 69 17 64 70 25 3 5 56 50 47 55 9 
-1 -551 45 6 48 27 14 23 21 11 42 1 75 50 56 66 15 72 64 69 17 55 47 3 25 39 71 9 31 20 
-1 -551 45 6 48 27 14 23 21 42 1 75 12 17 50 56 66 15 72 64 69 55 47 3 25 39 71 10 31 20 
-1 -560 45 6 48 27 14 23 21 42 1 75 12 17 50 56 15 72 64 69 55 47 3 25 35 31 20 39 71 10 
-2 -553 45 6 48 27 14 23 21 11 42 1 75 15 50 56 72 64 69 17 63 55 47 3 25 39 71 9 31 20 
-2 -553 45 6 48 27 14 23 21 42 1 75 12 17 15 50 56 72 64 69 63 55 47 3 25 39 71 10 31 20 
-2 45 6 48 27 14 23 21 11 42 1 75 15 50 56 66 72 64 69 17 63 55 47 3 25 35 31 20 39 71 9 
-1 -551 45 48 27 14 23 21 11 42 1 75 20 31 66 15 39 72 17 68 56 64 70 25 3 5 50 47 55 9 
-1 -551 45 38 48 27 13 23 21 11 42 1 75 66 15 72 26 69 17 64 70 47 3 5 56 54 50 9 31 20 
-1 -551 45 48 27 13 23 21 11 42 1 75 26 56 66 15 72 64 69 17 31 3 5 54 50 46 39 71 9 19 
-2 -553 45 48 27 13 23 21 11 42 1 75 26 54 63 15 72 64 69 17 31 3 5 57 50 46 39 71 9 19 
-1 -551 45 48 27 13 23 21 11 42 1 75 66 15 39 72 26 69 17 20 31 64 70 47 3 5 56 54 50 9 
-1 -551 45 38 48 27 14 23 21 11 42 1 75 66 15 72 26 69 17 20 31 64 70 47 3 5 56 54 50 9 
-2 -553 45 48 27 14 23 21 11 42 1 75 26 31 56 63 15 72 64 69 17 3 5 54 50 46 39 71 9 19 
-1 -551 45 38 48 27 13 23 21 11 42 1 75 66 15 72 26 69 17 64 70 3 5 56 50 47 55 9 31 20 
-1 -551 45 48 27 13 23 21 11 42 1 75 26 56 66 15 72 64 69 17 31 3 5 55 50 46 39 71 9 19 
-1 -560 45 6 48 27 13 23 21 11 42 1 75 3 50 56 15 72 26 64 69 17 55 47 35 31 20 39 71 9 
-2 45 6 48 27 13 23 21 11 42 1 75 3 15 50 56 66 72 26 64 69 17 63 55 47 35 31 20 39 71 9 
-1 -551 45 38 48 27 14 23 21 11 42 1 75 66 15 72 26 69 17 20 31 64 70 3 5 56 50 47 55 9 
-2 -553 45 48 27 14 23 21 11 42 1 75 26 31 15 56 72 64 69 17 3 5 63 55 50 46 39 71 9 19 
-1 -551 42 38 28 33 48 44 24 2 11 15 25 69 17 66 74 64 70 3 5 56 54 73 46 51 13 9 19 22 
-1 -551 42 38 28 48 44 23 2 11 15 25 17 31 69 67 3 5 74 64 70 56 54 73 46 51 13 9 19 22 
-1 -551 38 28 48 44 23 2 11 15 25 31 56 17 67 3 5 74 64 70 68 54 73 46 51 13 43 9 19 22 
-1 -551 42 38 28 48 44 23 2 11 25 31 56 17 69 67 3 5 74 64 70 54 50 73 46 13 16 9 19 22 
-1 -551 38 28 48 44 23 2 11 15 25 31 56 17 67 3 5 74 64 70 68 54 50 73 46 13 43 9 19 22 
-6 -553 -578 42 38 28 33 44 24 37 2 11 15 25 72 69 17 74 64 70 3 5 56 54 50 46 13 9 19 22 
-1 -551 42 38 33 28 48 2 25 24 44 12 54 56 69 64 70 3 5 50 46 13 72 16 20 66 74 18 22 9 
-1 -551 42 38 33 28 48 24 44 2 11 25 56 68 54 64 70 3 5 50 46 13 72 16 20 66 74 18 22 9 
-1 -551 42 38 28 48 31 20 24 44 2 11 25 54 56 69 64 70 3 5 50 73 46 13 16 66 74 18 22 9 
-1 -551 42 38 28 48 31 20 2 25 24 44 54 56 69 64 70 3 5 50 73 46 13 16 66 74 18 22 9 12 
-1 -553 42 28 38 48 31 20 23 2 71 25 3 5 56 46 16 72 64 69 13 51 44 74 18 22 9 54 8 12 
-1 -551 42 38 28 48 31 20 23 2 71 25 54 56 46 64 69 3 5 10 13 51 44 66 74 18 22 72 16 12 
-1 -553 42 28 38 48 31 20 23 2 71 11 25 44 56 46 51 13 16 72 64 74 18 22 9 68 54 8 5 3 
-1 -553 42 28 38 48 31 20 23 2 71 25 44 3 5 56 46 51 13 16 72 64 74 18 22 9 68 54 8 12 
-1 -551 42 38 28 48 31 20 23 2 71 25 56 68 54 46 64 3 5 10 13 51 44 66 74 18 22 72 16 12 
-1 -551 42 38 28 48 31 20 23 2 71 25 50 54 56 64 69 3 5 46 13 72 16 44 66 74 18 22 9 12 
-1 -560 42 38 28 48 31 20 23 2 71 11 25 50 54 56 64 69 3 5 46 13 72 16 35 44 74 18 22 9 
-1 -551 42 38 28 48 31 20 23 2 71 25 50 54 56 64 69 3 5 72 16 44 66 74 18 22 47 13 9 12 
-1 -551 42 38 28 48 31 20 23 2 71 11 25 50 56 68 54 64 72 16 44 66 74 18 22 47 5 3 13 9 
-1 -551 42 38 28 48 31 20 23 2 71 25 50 56 68 54 64 3 5 72 16 44 66 74 18 22 47 13 9 12 
-1 -551 42 38 33 28 48 25 24 44 2 71 11 56 68 54 46 64 4 5 10 13 51 20 66 74 18 22 72 16 
-1 -553 42 33 28 38 48 25 2 71 4 24 44 5 56 46 16 72 64 13 51 20 74 18 22 9 68 54 8 12 
-1 -551 42 38 33 28 48 25 24 44 2 71 11 50 56 68 54 64 4 5 46 13 72 16 20 66 74 18 22 9 
-1 -551 42 38 33 28 48 25 2 71 4 24 44 50 56 68 54 64 5 72 16 20 66 74 18 22 47 13 9 12 
-1 -553 42 28 38 48 25 24 44 2 71 11 5 16 56 73 46 64 69 4 13 51 31 20 74 18 22 9 54 8 
-1 -551 42 38 28 48 25 2 71 31 20 4 54 56 64 69 5 10 73 46 13 51 24 44 66 74 18 22 16 12 
-1 42 28 38 48 25 24 44 2 71 11 31 20 5 16 56 73 46 64 69 4 13 51 35 66 74 18 22 9 54 8 
-1 -560 42 38 28 48 25 24 44 2 71 11 31 20 54 56 64 69 4 5 10 73 46 13 51 35 74 18 22 16 
-1 -551 42 38 28 48 25 24 44 2 71 11 50 56 68 54 64 4 5 73 46 13 16 31 20 66 74 18 22 9 
-1 -551 42 38 28 48 25 2 71 31 20 4 50 56 68 54 64 5 73 46 13 16 24 44 66 74 18 22 9 12 
-1 -551 42 38 28 48 25 2 71 31 20 4 56 68 54 64 73 5 50 16 24 44 66 74 18 22 47 13 9 12 
-1 -553 42 28 38 48 25 24 44 2 71 11 5 46 57 16 72 64 69 4 13 51 31 20 74 18 22 9 54 8 
-1 -551 42 38 28 48 25 2 71 31 20 4 54 46 57 64 69 5 72 16 10 13 51 24 44 66 74 18 22 12 
-1 -551 42 38 28 48 25 24 44 2 71 11 50 56 68 54 64 4 5 46 13 72 16 31 20 66 74 18 22 9 
-1 -551 42 38 28 48 25 2 71 31 20 4 50 56 68 54 64 5 46 13 72 16 24 44 66 74 18 22 9 12 
-1 -551 42 38 28 48 25 2 71 31 20 4 50 56 68 54 64 5 72 16 24 44 66 74 18 22 47 13 9 12 
-1 -553 42 28 39 2 71 48 31 20 23 25 44 3 5 56 46 51 13 16 72 64 74 18 22 9 68 54 8 12 
-1 -553 42 33 28 39 2 71 48 25 24 44 11 5 46 57 16 72 64 69 4 13 51 20 74 18 22 9 54 8 
-1 -553 42 33 28 39 2 71 48 25 4 24 44 5 56 46 16 72 64 13 51 20 74 18 22 9 68 54 8 12 
-6 -553 -588 42 49 38 28 44 24 37 2 11 15 25 72 17 31 74 64 70 3 56 68 54 46 51 13 9 19 22 
-6 -553 -588 42 49 38 28 44 24 37 2 11 15 25 72 69 17 31 74 64 70 3 56 54 50 46 13 9 19 22 
-6 -553 -588 42 49 38 28 44 24 37 2 11 15 25 72 17 31 74 64 70 3 56 68 54 50 46 13 9 19 22 
-6 -553 -588 42 49 38 28 37 44 23 2 11 15 25 72 17 31 74 64 70 3 56 68 54 46 51 13 9 19 22 
-6 -553 -588 42 49 38 28 37 44 23 2 11 15 25 72 69 17 31 74 64 70 3 56 54 50 46 13 9 19 22 
-6 -553 -588 42 49 38 28 37 44 23 2 11 15 25 72 17 31 74 64 70 3 56 68 54 50 46 13 9 19 22 
-1 -551 42 49 38 28 31 20 23 2 11 25 54 56 69 67 3 5 64 70 50 73 46 13 16 44 74 18 22 9 
-1 -551 42 38 28 33 48 44 24 2 11 15 17 22 72 66 74 64 70 51 14 25 3 5 10 56 68 54 46 19 
-1 -553 42 28 38 33 48 44 24 2 11 8 54 68 19 22 56 46 17 64 70 25 74 14 51 72 16 3 5 9 
-1 -553 42 28 38 33 48 44 24 2 12 17 19 22 56 8 54 68 46 64 70 25 74 14 51 72 16 3 5 9 
-1 -553 42 28 38 48 44 24 2 12 17 8 54 68 19 22 56 46 31 64 70 25 74 14 51 72 16 3 5 9 
-1 -553 42 28 38 48 44 23 2 12 17 8 54 68 19 22 56 46 31 64 70 25 74 14 51 72 16 3 5 9 
-1 -551 42 38 28 33 48 24 44 2 11 15 20 56 72 69 64 70 14 25 3 5 54 50 46 66 74 18 22 9 
-1 -551 42 38 28 33 48 2 15 24 44 12 20 56 72 64 70 14 25 3 5 68 54 50 46 66 74 18 22 9 
-1 -551 42 38 28 48 31 20 24 44 2 11 9 54 56 69 64 70 14 25 3 5 50 73 46 66 74 18 22 16 
-1 -551 42 38 28 48 31 20 2 15 24 44 12 56 68 54 64 70 14 25 3 5 50 73 46 66 74 18 22 9 
-1 -551 42 38 28 48 31 20 24 44 2 11 10 54 56 69 64 70 25 3 5 46 14 51 66 74 18 22 72 16 
-1 -551 42 38 28 48 31 20 2 24 44 12 10 56 68 54 64 70 25 3 5 46 14 51 66 74 18 22 72 16 
-1 -551 42 38 28 48 31 20 23 2 12 44 10 56 68 54 64 70 25 3 5 46 14 51 66 74 18 22 72 16 
-1 -551 42 38 28 33 48 24 44 2 11 15 4 20 56 72 64 70 14 25 5 68 54 50 46 66 74 18 22 9 
-6 -553 -588 42 49 38 28 44 24 37 2 11 15 31 72 17 74 64 70 14 25 3 56 68 54 50 46 9 19 22 
-6 -553 -588 42 49 38 28 37 44 23 2 11 15 31 72 17 74 64 70 51 14 25 3 56 68 54 46 9 19 22 
-6 -553 -588 42 49 38 28 37 44 23 2 11 15 31 72 69 17 74 64 70 14 25 3 56 54 50 46 9 19 22 
-6 -553 -588 42 49 38 28 37 44 23 2 11 15 31 72 17 74 64 70 14 25 3 56 68 54 50 46 9 19 22 
-1 -553 42 28 38 48 31 20 23 2 71 25 3 5 56 46 16 72 64 69 13 51 44 74 18 22 55 9 8 12 
-1 -551 42 38 28 48 31 20 23 2 71 25 44 56 46 51 13 64 69 3 5 10 74 66 18 22 55 72 16 12 
-1 -553 42 28 38 48 31 20 23 2 71 25 44 3 5 56 46 51 13 16 72 64 74 18 22 55 9 68 8 12 
-1 -551 42 38 28 48 31 20 23 2 71 25 44 56 68 46 51 13 64 3 5 10 74 66 18 22 55 72 16 12 
-1 -551 42 38 28 48 31 20 23 2 25 12 50 56 69 64 70 3 5 46 13 72 16 44 66 74 18 22 55 9 
-1 -551 42 38 28 48 31 20 23 2 71 25 50 56 46 13 64 69 3 5 72 16 44 66 74 18 22 55 9 12 
-1 -551 42 38 28 48 31 20 23 2 71 25 50 56 64 69 3 5 72 16 44 66 74 18 22 55 47 13 9 12 
-1 -551 42 38 28 48 31 20 23 2 71 25 50 56 68 46 13 64 3 5 72 16 44 66 74 18 22 55 9 12 
-1 -551 42 38 28 48 31 20 23 2 71 25 50 56 68 64 3 5 72 16 44 66 74 18 22 55 47 13 9 12 
-1 -553 42 28 39 2 71 48 31 20 23 25 44 3 5 56 46 51 13 16 72 64 74 18 22 55 9 68 8 12 
-6 -553 -588 42 49 38 28 37 44 23 2 11 15 25 72 17 31 74 68 56 64 70 3 50 46 13 9 19 22 55 
-1 -553 42 28 38 48 44 23 2 12 17 8 68 9 19 56 46 31 64 70 25 74 14 51 22 55 72 16 3 5 
-1 -551 42 38 28 48 31 20 23 2 15 12 44 56 72 69 64 70 14 25 3 5 50 46 66 74 18 22 55 9 
-1 -551 42 38 28 48 31 20 23 2 12 44 9 50 56 69 64 70 14 25 3 5 46 66 74 18 22 55 72 16 
-1 -551 42 38 28 48 31 20 23 2 12 44 9 50 56 68 64 70 14 25 3 5 46 66 74 18 22 55 72 16 
-1 -551 44 24 42 38 33 48 27 13 51 2 11 15 56 66 74 69 17 70 25 3 5 54 65 73 46 9 19 22 
-1 -551 44 24 38 33 48 27 13 51 2 11 15 56 66 74 69 17 70 25 3 5 54 65 73 46 43 9 19 22 
-1 -551 44 24 42 38 33 48 27 13 2 11 15 56 66 74 69 17 70 25 3 5 54 65 50 73 46 9 19 22 
-1 -551 44 24 38 33 48 27 13 2 11 15 25 56 66 74 69 17 70 3 5 54 65 50 73 46 43 9 19 22 
-1 -551 44 42 38 33 48 27 13 51 23 2 11 15 17 69 67 74 64 70 5 3 25 56 54 73 46 9 19 22 
-1 -574 38 33 48 44 35 27 13 51 23 2 11 15 54 67 69 17 70 3 25 74 65 73 46 43 9 19 22 6 
-1 -551 44 42 38 33 48 27 13 23 2 11 15 17 69 67 74 64 70 5 3 25 56 54 50 73 46 9 19 22 
-1 -574 38 33 48 44 35 27 13 23 2 11 15 25 54 67 69 17 70 3 74 65 50 73 46 43 9 19 22 6 
-1 -551 44 42 38 33 48 27 13 23 2 11 25 56 17 69 67 74 64 70 5 3 54 50 73 46 16 9 19 22 
-1 -560 42 38 33 48 44 24 35 27 13 2 11 15 56 72 17 64 70 3 25 74 68 54 50 46 9 19 22 6 
-1 -551 44 24 38 48 27 13 51 2 11 15 25 56 66 74 69 17 31 70 3 5 54 65 73 46 43 9 19 22 
-1 -551 44 24 38 48 27 13 51 2 71 11 15 54 56 66 74 69 17 31 65 73 46 43 9 19 22 5 3 25 
-1 -560 38 48 44 24 35 27 13 51 2 11 15 25 54 56 74 69 17 31 70 3 65 73 46 43 9 19 22 6 
-1 -551 44 24 38 48 27 13 2 11 15 25 56 66 74 69 17 31 70 3 5 54 65 50 73 46 43 9 19 22 
-1 -551 44 24 38 48 27 13 2 71 11 15 25 54 56 66 74 69 17 31 65 50 73 46 43 9 19 22 5 3 
-1 -560 38 48 44 24 35 27 13 2 11 15 25 3 54 56 74 69 17 31 70 65 50 73 46 43 9 19 22 6 
-1 -551 44 24 38 48 27 13 2 25 56 69 12 32 17 66 74 64 70 3 5 54 50 73 46 43 16 9 19 22 
-1 -551 44 38 48 27 13 51 23 2 11 15 25 56 17 31 67 74 64 70 5 3 68 54 73 46 43 9 19 22 
-1 -574 38 48 44 35 27 13 51 23 2 11 15 25 68 54 17 31 64 70 3 67 10 74 73 46 43 19 22 6 
-1 -551 44 38 48 27 13 51 23 2 11 25 56 17 31 67 3 5 74 64 70 68 54 73 46 43 16 9 19 22 
-1 -574 38 48 44 35 27 13 23 2 11 15 25 3 68 54 17 31 64 70 67 74 50 73 46 43 9 19 22 6 
-1 -551 44 38 48 27 13 23 2 11 25 31 56 17 67 3 5 74 64 70 68 54 50 73 46 43 16 9 19 22 
-1 -551 44 48 27 13 51 23 2 39 11 15 25 54 56 67 69 17 31 70 3 74 65 73 46 43 9 19 22 6 
-1 -551 44 48 27 13 51 23 2 39 71 11 15 56 68 54 64 17 31 67 74 73 46 43 9 19 22 6 3 25 
-1 -551 44 48 27 13 23 2 39 11 15 25 3 54 56 67 69 17 31 70 74 65 50 73 46 43 9 19 22 6 
-1 -574 48 44 35 27 13 23 2 39 11 15 25 3 54 67 69 17 31 70 74 65 50 73 46 43 9 19 22 6 
-1 -551 44 48 27 13 23 2 39 71 11 15 25 56 68 54 64 17 31 67 74 50 73 46 43 9 19 22 6 3 
-1 -574 48 44 35 27 13 23 2 39 71 11 15 25 68 54 64 17 31 67 74 50 73 46 43 9 19 22 6 3 
-1 -551 44 24 48 27 13 51 2 39 71 11 15 54 56 72 66 74 69 17 31 65 46 43 9 19 22 6 3 25 
-1 -551 44 24 48 27 13 51 2 39 71 11 15 54 56 72 66 74 69 17 32 65 46 43 9 19 22 6 3 25 
-1 -551 44 24 42 48 27 13 51 2 39 71 11 15 56 54 68 72 64 17 32 66 74 46 9 19 22 6 3 25 
-1 -551 44 24 48 27 13 2 39 71 11 15 25 54 56 72 66 74 69 17 31 65 50 46 43 9 19 22 6 3 
-1 -551 44 24 48 27 13 2 39 71 11 15 25 54 56 72 66 74 69 17 32 65 50 46 43 9 19 22 6 3 
-1 -551 44 24 42 48 27 13 2 39 71 11 15 56 54 68 72 64 17 32 66 74 50 46 9 19 22 6 3 25 
-1 -551 44 24 48 27 13 2 39 71 11 15 25 56 54 68 72 66 74 65 50 46 43 9 19 22 17 31 6 3 
-1 -560 42 48 44 24 35 27 13 2 39 11 15 25 56 72 17 31 64 70 3 74 68 54 50 46 9 19 22 6 
-1 -560 42 48 44 24 35 27 13 2 39 71 11 15 56 54 68 72 64 17 31 74 50 46 9 19 22 6 3 25 
-1 -560 42 48 44 24 35 27 13 2 39 71 11 15 56 54 68 72 64 17 32 74 50 46 9 19 22 6 3 25 
-1 -551 42 38 33 48 27 13 2 25 24 44 54 56 69 64 70 3 5 50 46 72 16 20 66 74 18 22 9 12 
-1 -551 38 33 48 27 13 24 44 2 11 25 56 68 54 64 70 3 5 50 46 43 72 16 20 66 74 18 22 9 
-1 -551 42 38 48 32 27 13 24 44 2 11 25 54 56 69 64 70 3 5 50 73 46 16 20 66 74 18 22 9 
-1 -551 38 48 31 20 27 13 24 44 2 11 25 54 56 69 64 70 3 5 50 73 46 43 16 66 74 18 22 9 
-1 -551 38 48 32 27 13 24 44 2 11 25 54 56 69 64 70 3 5 50 73 46 43 16 20 66 74 18 22 9 
-1 -551 42 38 48 31 20 27 13 2 25 54 56 69 64 70 3 5 50 73 46 16 24 44 66 74 18 22 9 12 
-1 -551 42 38 48 32 12 27 13 2 25 54 56 69 64 70 3 5 50 73 46 16 20 24 44 66 74 18 22 9 
-1 -551 38 48 31 20 27 13 23 2 11 25 56 68 54 67 3 5 64 70 50 73 46 43 16 44 74 18 22 9 
-1 -551 38 48 32 27 13 24 44 2 11 25 54 56 69 64 70 3 5 50 46 43 72 16 20 66 74 18 22 9 
-1 -551 42 38 48 32 12 27 13 2 25 54 56 69 64 70 3 5 50 46 72 16 20 24 44 66 74 18 22 9 
-1 -560 42 38 48 31 20 27 13 23 2 71 11 25 50 54 56 64 69 46 72 16 35 44 74 18 22 9 5 3 
-1 -551 42 38 48 31 20 27 13 23 2 71 25 50 56 68 54 64 72 16 44 66 74 18 22 47 5 3 9 12 
-1 -553 42 33 38 48 27 13 51 25 24 44 2 71 5 56 46 16 72 64 4 20 74 18 22 9 68 54 8 11 
-1 -551 42 38 33 48 27 13 51 25 24 44 2 71 56 68 54 46 64 4 5 10 20 66 74 18 22 72 16 11 
-1 -551 42 38 33 48 27 13 25 24 44 2 71 50 56 68 54 64 4 5 46 72 16 20 66 74 18 22 9 11 
-1 -551 38 33 48 27 13 25 2 71 4 24 44 50 56 68 54 64 5 72 16 20 66 74 18 22 47 43 9 12 
-1 -551 42 38 33 48 27 13 25 2 71 4 50 56 68 54 65 5 72 16 20 24 44 66 74 18 22 47 9 12 
-1 -560 42 38 48 27 13 25 24 44 2 71 11 50 54 56 64 69 4 5 73 46 16 35 31 20 74 18 22 9 
-1 -560 38 48 27 13 25 24 44 2 71 11 31 20 50 54 56 64 69 4 5 73 46 43 16 35 74 18 22 9 
-1 -560 42 38 48 27 13 25 2 71 31 20 4 50 54 56 64 69 5 73 46 16 35 24 44 74 18 22 9 12 
-1 -560 42 38 48 27 13 25 24 44 2 71 11 50 54 56 65 69 4 5 73 46 16 35 31 20 74 18 22 9 
-1 -560 38 48 27 13 25 24 44 2 71 11 31 20 50 54 56 65 69 4 5 73 46 43 16 35 74 18 22 9 
-1 -560 38 48 27 13 25 2 71 31 20 4 24 44 50 54 56 65 69 5 73 46 43 16 35 74 18 22 9 12 
-1 -551 42 38 48 27 13 25 2 71 31 20 4 54 56 64 69 73 5 50 16 66 74 18 22 47 9 12 44 24 
-1 -551 38 48 27 13 25 2 71 31 20 4 54 56 64 69 73 5 50 16 24 44 66 74 18 22 47 43 9 12 
-1 -551 38 48 27 13 25 2 71 31 20 4 54 56 65 69 73 5 50 16 24 44 66 74 18 22 47 43 9 12 
-1 -551 42 38 48 27 13 25 24 44 2 71 11 50 56 68 54 64 4 5 73 46 16 31 20 66 74 18 22 9 
-1 -551 42 38 48 27 13 25 24 44 2 71 11 50 56 68 54 64 4 32 5 73 46 16 20 66 74 18 22 9 
-1 -551 38 48 27 13 25 24 44 2 71 11 32 50 56 68 54 64 4 5 73 46 43 16 20 66 74 18 22 9 
-1 -551 42 38 48 27 13 25 2 71 31 20 4 50 56 68 54 64 5 73 46 16 66 74 18 22 9 12 44 24 
-1 -551 42 38 48 27 13 25 2 71 32 12 4 50 56 68 54 64 5 73 46 16 20 66 74 18 22 9 44 24 
-1 -551 38 48 27 13 25 2 71 32 12 4 50 56 68 54 64 5 73 46 43 16 20 24 44 66 74 18 22 9 
-1 -551 38 48 27 13 25 24 44 2 71 11 32 50 56 68 54 65 5 73 46 43 16 20 66 74 18 22 9 4 
-1 -551 42 38 48 27 13 25 2 71 31 20 4 56 68 54 64 73 5 50 16 66 74 18 22 47 9 12 44 24 
-1 -551 42 38 48 27 13 25 2 71 32 12 4 56 68 54 64 73 5 50 16 20 66 74 18 22 47 9 44 24 
-1 -551 38 48 27 13 25 2 71 31 20 4 56 68 54 64 73 5 50 16 24 44 66 74 18 22 47 43 9 12 
-1 -551 38 48 27 13 25 2 71 32 12 4 56 68 54 64 73 5 50 16 20 24 44 66 74 18 22 47 43 9 
-1 -551 42 38 48 27 13 25 24 44 2 71 11 50 56 68 54 64 4 5 46 72 16 31 20 66 74 18 22 9 
-1 -551 42 38 48 27 13 25 24 44 2 71 11 50 56 68 54 64 4 32 5 46 72 16 20 66 74 18 22 9 
-1 -551 38 48 27 13 25 24 44 2 71 11 32 50 56 68 54 64 4 5 46 43 72 16 20 66 74 18 22 9 
-1 -551 42 38 48 27 13 25 2 71 31 20 4 50 56 68 54 64 5 46 72 16 66 74 18 22 9 12 44 24 
-1 -551 42 38 48 27 13 25 2 71 32 12 4 50 56 68 54 64 5 46 72 16 20 66 74 18 22 9 44 24 
-1 -551 38 48 27 13 25 24 44 2 71 11 50 56 68 54 65 5 46 43 72 16 31 20 66 74 18 22 9 4 
-1 -551 38 48 27 13 25 2 71 32 12 4 50 56 68 54 65 5 46 43 72 16 20 24 44 66 74 18 22 9 
-1 -551 42 38 48 27 13 25 2 71 31 20 4 50 56 68 54 64 5 72 16 66 74 18 22 47 9 12 44 24 
-1 -551 42 38 48 27 13 25 2 71 32 12 4 50 56 68 54 64 5 72 16 20 66 74 18 22 47 9 44 24 
-1 -551 38 48 27 13 25 2 71 32 12 4 50 56 68 54 64 5 72 16 20 24 44 66 74 18 22 47 43 9 
-1 -551 38 48 27 13 25 24 44 2 71 11 50 56 68 54 65 5 72 16 31 20 66 74 18 22 47 43 9 4 
-1 -553 42 39 2 71 48 31 20 27 13 51 23 11 56 46 16 72 64 69 44 74 18 22 9 54 8 5 3 25 
-1 -553 42 39 2 71 48 31 20 27 13 51 23 56 46 16 72 64 69 44 74 18 22 9 54 8 12 5 3 25 
-1 -551 42 39 2 71 48 31 20 27 13 51 23 54 56 46 64 69 10 44 66 74 18 22 72 16 12 5 3 25 
-1 -553 42 39 2 71 48 31 20 27 13 51 23 11 44 56 46 16 72 64 74 18 22 9 68 54 8 5 3 25 
-1 -553 42 39 2 71 48 31 20 27 13 51 23 44 56 46 16 72 64 74 18 22 9 68 54 8 12 5 3 25 
-1 -551 42 39 2 71 48 31 20 27 13 51 23 56 68 54 46 64 10 44 66 74 18 22 72 16 12 5 3 25 
-1 -553 33 39 2 71 48 27 13 51 25 24 44 5 46 43 57 16 72 64 69 4 20 74 18 22 9 54 8 11 
-1 -553 42 33 39 2 71 48 27 13 51 25 4 5 56 46 16 72 64 20 74 18 22 9 68 54 8 12 44 24 
-1 -553 42 39 2 71 48 27 13 51 25 24 44 5 16 56 73 46 64 69 4 31 20 74 18 22 9 54 8 11 
-1 -553 42 39 2 71 48 27 13 51 25 24 44 5 16 56 73 46 64 69 4 32 20 74 18 22 9 54 8 11 
-1 -553 39 2 71 48 27 13 51 25 24 44 11 5 16 56 73 46 43 64 69 4 31 20 74 18 22 9 54 8 
-1 -553 39 2 71 48 27 13 51 25 24 44 11 5 16 56 73 46 43 64 69 4 32 20 74 18 22 9 54 8 
-1 -551 42 39 2 71 48 27 13 51 25 31 20 54 56 64 69 4 5 10 73 46 66 74 18 22 16 12 44 24 
-1 -551 42 39 2 71 48 27 13 51 25 32 12 54 56 64 69 4 5 10 73 46 20 66 74 18 22 16 44 24 
-1 -551 39 2 71 48 27 13 51 25 31 20 4 54 56 64 69 5 10 73 46 43 66 74 18 22 16 12 44 24 
-1 -551 39 2 71 48 27 13 51 25 32 12 4 54 56 64 69 5 10 73 46 43 20 66 74 18 22 16 44 24 
-1 -551 39 2 71 48 27 13 51 25 24 44 11 54 56 65 69 4 32 5 10 73 46 43 20 66 74 18 22 16 
-1 39 2 71 48 27 13 51 25 24 44 11 5 16 56 73 46 43 64 69 4 35 31 20 66 74 18 22 9 54 8 
-1 -560 39 2 71 48 27 13 51 25 24 44 11 54 56 64 69 4 5 10 73 46 43 35 31 20 74 18 22 16 
-1 -551 42 39 2 71 48 27 13 25 31 20 4 50 54 56 64 69 5 73 46 16 66 74 18 22 9 12 44 24 
-1 -551 39 2 71 48 27 13 25 31 20 4 50 54 56 65 69 5 73 46 43 16 24 44 66 74 18 22 9 12 
-1 -551 42 39 2 71 48 27 13 25 31 20 4 50 56 68 54 64 5 73 46 16 66 74 18 22 9 12 44 24 
-1 -551 42 39 2 71 48 27 13 25 32 12 4 50 56 68 54 64 5 73 46 16 20 66 74 18 22 9 44 24 
-1 -551 39 2 71 48 27 13 25 31 20 4 50 56 68 54 64 5 73 46 43 16 24 44 66 74 18 22 9 12 
-1 -551 39 2 71 48 27 13 25 32 12 4 50 56 68 54 64 5 73 46 43 16 20 24 44 66 74 18 22 9 
-1 -551 39 2 71 48 27 13 25 32 12 4 50 56 68 54 65 5 73 46 43 16 20 24 44 66 74 18 22 9 
-1 -553 42 39 2 71 48 27 13 51 25 24 44 5 46 57 16 72 64 69 4 31 20 74 18 22 9 54 8 11 
-1 -553 42 39 2 71 48 27 13 51 25 24 44 5 46 57 16 72 64 69 4 32 20 74 18 22 9 54 8 11 
-1 -553 39 2 71 48 27 13 51 25 24 44 11 5 46 43 57 16 72 64 69 4 32 20 74 18 22 9 54 8 
-1 -551 42 39 2 71 48 27 13 51 25 31 20 54 46 57 64 69 4 5 72 16 10 66 74 18 22 12 44 24 
-1 -551 42 39 2 71 48 27 13 51 25 32 12 54 46 57 64 69 4 5 72 16 10 20 66 74 18 22 44 24 
-1 -551 39 2 71 48 27 13 51 25 32 12 4 54 46 43 57 65 69 5 72 16 10 20 66 74 18 22 44 24 
-1 -551 42 39 2 71 48 27 13 25 31 20 4 50 56 68 54 64 5 46 72 16 66 74 18 22 9 12 44 24 
-1 -551 42 39 2 71 48 27 13 25 32 12 4 50 56 68 54 64 5 46 72 16 20 66 74 18 22 9 44 24 
-1 -551 39 2 71 48 27 13 25 32 12 4 50 56 68 54 65 5 46 43 72 16 20 24 44 66 74 18 22 9 
-6 -553 -588 44 24 42 49 38 27 13 37 2 11 15 72 69 17 31 74 64 70 25 3 56 54 50 46 9 19 22 
-1 -551 42 49 38 31 20 27 13 23 2 11 25 54 56 69 67 64 70 5 3 50 73 46 16 44 74 18 22 9 
-1 -560 42 38 33 48 44 24 35 27 14 51 2 11 15 56 72 17 64 70 3 25 74 68 54 46 9 19 22 6 
-1 -560 42 38 33 48 44 24 35 27 14 51 2 11 15 56 72 17 64 70 3 25 74 68 54 46 10 19 22 6 
-1 -553 44 24 43 38 33 48 27 14 51 2 11 19 22 56 46 17 64 70 25 74 72 16 3 5 9 8 68 54 
-1 -551 44 24 43 38 48 27 14 51 2 11 15 56 66 74 69 17 31 70 25 3 5 54 65 73 46 9 19 22 
-1 -551 44 24 43 38 48 27 14 51 2 71 11 15 54 56 66 74 69 17 31 65 73 46 25 5 3 9 19 22 
-1 -551 44 24 43 38 48 27 14 2 11 15 31 56 66 74 69 17 70 25 3 5 54 65 50 73 46 9 19 22 
-1 -551 44 24 43 38 48 27 14 2 71 11 15 54 56 66 74 69 17 31 3 5 65 50 73 46 25 9 19 22 
-1 -551 44 24 43 38 48 27 14 2 12 17 31 22 56 69 66 74 64 70 25 3 5 54 50 73 46 16 9 19 
-1 -551 44 24 43 38 48 27 14 2 12 32 17 22 56 69 66 74 64 70 25 3 5 54 50 73 46 16 9 19 
-1 -551 44 24 43 38 48 27 14 2 11 32 17 22 54 56 66 74 69 70 25 3 5 65 50 73 46 16 9 19 
-1 -560 42 38 48 44 24 35 27 14 51 2 11 15 6 56 72 17 31 64 70 3 25 74 68 54 46 10 19 22 
-1 -551 44 24 43 48 27 14 51 2 39 71 11 15 54 56 72 66 74 69 17 31 65 46 3 25 10 19 22 6 
-1 -551 44 24 43 48 27 14 51 2 39 71 11 15 56 54 68 72 66 74 65 46 3 25 9 19 22 17 31 6 
-1 -551 44 24 43 48 27 14 2 39 71 11 15 6 54 56 72 66 74 69 17 31 65 50 46 3 25 9 19 22 
-1 -551 44 24 42 48 27 14 2 39 71 11 15 6 56 54 68 72 64 17 32 66 74 50 46 3 25 9 19 22 
-1 -551 44 24 43 48 27 14 2 39 71 11 15 6 56 54 68 72 66 74 65 50 46 3 25 9 19 22 17 31 
-1 -551 44 42 48 27 14 51 23 2 39 71 11 15 56 54 68 72 64 17 31 66 74 46 3 25 10 19 22 6 
-1 -551 42 38 48 32 27 14 24 44 2 11 15 54 56 69 64 70 25 3 5 50 73 46 20 66 74 18 22 9 
-1 -551 43 38 48 31 20 27 14 24 44 2 11 15 54 56 69 64 70 25 3 5 50 73 46 66 74 18 22 9 
-1 -551 43 38 48 32 27 14 24 44 2 11 15 54 56 69 64 70 25 3 5 50 73 46 20 66 74 18 22 9 
-1 -551 43 38 48 31 20 27 14 24 44 2 11 15 54 56 69 70 25 3 5 65 50 73 46 66 74 18 22 9 
-1 -551 42 38 48 32 27 14 24 44 2 11 20 9 54 56 69 64 70 25 3 5 50 73 46 66 74 18 22 16 
-1 -551 43 38 48 31 20 27 14 24 44 2 11 9 54 56 69 64 70 25 3 5 50 73 46 66 74 18 22 16 
-1 -551 43 38 48 32 27 14 24 44 2 11 20 9 54 56 69 64 70 25 3 5 50 73 46 66 74 18 22 16 
-1 -551 43 38 48 32 27 14 24 44 2 11 15 56 68 54 64 70 25 3 5 50 73 46 20 66 74 18 22 9 
-1 -551 43 38 48 31 20 27 14 24 44 2 11 15 54 56 72 69 70 25 3 5 65 50 46 66 74 18 22 9 
-1 -551 43 38 48 32 27 14 24 44 2 11 20 9 54 56 69 64 70 25 3 5 50 46 66 74 18 22 72 16 
-1 -551 43 38 48 31 20 27 14 24 44 2 11 15 56 68 54 72 70 25 3 5 65 50 46 66 74 18 22 9 
-1 -551 42 38 48 31 20 27 14 51 23 2 11 44 56 68 54 64 70 25 3 5 10 46 66 74 18 22 72 16 
-1 -551 42 38 33 48 27 14 24 44 2 11 15 4 56 72 64 70 25 5 68 54 50 46 20 66 74 18 22 9 
-1 -551 42 48 31 20 27 14 2 39 71 15 24 44 54 56 64 69 50 73 46 66 74 18 22 25 5 3 9 12 
-1 -551 42 48 31 20 27 14 2 39 71 15 24 44 54 56 65 69 50 73 46 66 74 18 22 25 5 3 9 12 
-1 -551 42 48 31 20 27 14 2 39 71 15 24 44 56 68 54 64 50 73 46 66 74 18 22 25 5 3 9 12 
-1 -551 42 48 32 12 27 14 2 39 71 15 24 44 56 68 54 64 50 73 46 20 66 74 18 22 25 5 3 9 
-1 -551 43 48 31 20 27 14 2 39 71 15 24 44 56 68 54 64 50 73 46 66 74 18 22 25 5 3 9 12 
-1 -551 43 48 32 12 27 14 2 39 71 15 24 44 56 68 54 64 50 73 46 20 66 74 18 22 25 5 3 9 
-1 -551 42 39 2 48 31 20 27 14 51 24 44 11 54 56 69 64 70 25 3 5 10 46 66 74 18 22 72 16 
-1 -551 42 48 32 12 27 14 2 39 71 15 24 44 56 68 54 72 64 50 46 20 66 74 18 22 25 5 3 9 
-1 -551 42 38 48 31 20 27 13 51 23 2 71 11 44 56 68 46 64 10 74 66 18 22 55 72 16 5 3 25 
-1 -551 42 38 48 31 20 27 13 23 2 71 25 50 56 46 64 69 72 16 44 66 74 18 22 55 9 12 5 3 
-1 -560 42 38 48 31 20 27 13 23 2 71 11 25 50 56 46 64 69 72 16 35 44 74 18 22 55 9 5 3 
-1 -560 42 38 48 31 20 27 13 23 2 71 25 50 56 46 64 69 3 5 72 16 35 44 74 18 22 55 9 12 
-1 -551 42 38 48 31 20 27 13 23 2 71 11 50 56 64 69 72 16 44 66 74 18 22 55 47 5 3 25 9 
-1 -551 42 38 48 31 20 27 13 23 2 71 25 50 56 64 69 72 16 44 66 74 18 22 55 47 5 3 9 12 
-1 -551 42 38 48 31 20 27 13 23 2 71 25 50 56 68 64 72 16 44 66 74 18 22 55 47 5 3 9 12 
-1 -551 42 39 2 71 48 31 20 27 13 51 23 11 44 56 46 64 69 10 74 66 18 22 55 72 16 5 3 25 
-1 -551 42 39 2 71 48 31 20 27 13 51 23 11 44 56 68 46 64 10 74 66 18 22 55 72 16 5 3 25 
-1 -551 42 39 2 71 48 31 20 27 13 23 25 50 56 46 64 69 72 16 44 66 74 18 22 55 9 12 5 3 
-1 -551 42 39 2 71 48 31 20 27 13 23 25 50 56 68 46 64 72 16 44 66 74 18 22 55 9 12 5 3 
-1 -560 42 38 48 44 35 27 14 51 23 2 11 15 6 56 72 69 17 31 64 70 3 25 74 46 9 19 22 55 
-1 -560 42 38 48 44 35 27 14 51 23 2 11 15 6 56 72 69 17 31 64 70 3 25 74 46 10 19 22 55 
-1 -551 44 42 48 27 14 23 2 39 71 11 15 6 56 72 64 69 17 31 66 74 50 46 3 25 9 19 22 55 
-1 -551 42 48 31 20 27 14 23 2 39 71 15 12 56 72 64 69 50 46 44 66 74 18 22 55 25 5 3 9 
-1 -551 42 48 31 20 27 14 23 2 39 71 15 12 56 68 72 64 50 46 44 66 74 18 22 55 25 5 3 9 
-1 -551 42 49 38 28 44 24 26 2 11 15 69 17 31 66 74 64 70 3 5 56 54 50 73 46 13 9 19 22 
-6 -553 -588 42 49 38 28 44 24 26 37 2 11 15 72 17 31 74 64 70 3 56 68 54 46 51 13 9 19 22 
-6 -553 -588 42 49 38 28 44 24 26 37 2 11 15 72 69 17 31 74 64 70 3 56 54 50 46 13 9 19 22 
-6 -553 -588 42 49 38 28 44 24 26 37 2 11 15 72 17 31 74 64 70 3 56 68 54 50 46 13 9 19 22 
-1 -551 42 49 38 28 31 20 24 44 26 2 11 54 56 69 64 70 3 5 50 73 46 13 16 66 74 18 22 9 
-1 -551 42 49 38 28 31 20 23 2 11 54 56 69 67 3 5 44 26 64 70 50 73 46 13 16 74 18 22 9 
-1 -551 42 49 38 28 44 24 26 2 11 31 17 22 56 69 66 74 64 70 14 3 5 54 50 73 46 16 9 19 
-1 -551 44 26 42 48 27 13 51 23 2 39 71 11 54 56 15 72 64 69 17 31 66 74 46 9 19 22 6 3 
-1 -551 44 26 42 48 27 13 23 2 39 11 15 56 72 69 17 31 64 70 3 66 74 54 50 46 9 19 22 6 
-1 -551 44 26 42 48 27 13 23 2 39 71 11 15 56 54 68 72 64 17 31 66 74 50 46 9 19 22 6 3 
-1 -551 42 38 48 32 27 13 24 44 26 2 11 54 56 69 64 70 3 5 50 73 46 16 20 66 74 18 22 9 
-1 -551 42 39 2 48 32 27 13 24 44 26 11 54 56 69 64 70 3 5 50 46 72 16 20 66 74 18 22 9 
-6 -553 -578 38 31 20 27 13 37 24 44 26 2 11 50 56 68 54 64 70 3 5 46 43 72 16 74 18 22 9 
-1 -551 44 24 26 42 49 38 27 13 2 11 15 69 17 31 66 74 64 70 3 5 56 54 50 73 46 9 19 22 
-6 -553 -588 44 24 26 42 49 38 27 13 37 2 11 15 72 69 17 31 74 64 70 3 56 54 50 46 9 19 22 
-1 -551 42 49 38 31 20 27 13 24 44 26 2 11 54 56 69 64 70 3 5 50 73 46 16 66 74 18 22 9 
-1 -551 42 49 38 31 20 27 13 23 2 11 54 56 69 67 3 5 64 70 50 73 46 16 26 44 74 18 22 9 
-1 -551 44 24 26 42 38 48 27 14 2 11 32 17 56 69 66 74 64 70 3 5 54 50 73 46 16 9 19 22 
-1 -551 44 24 26 42 49 38 27 14 2 11 31 17 56 69 66 74 64 70 3 5 54 50 73 46 16 9 19 22 
-6 -553 -588 44 24 26 43 38 27 14 51 37 2 11 31 56 17 74 64 70 3 68 54 49 72 16 46 9 19 22 
-6 -553 -588 44 24 26 42 49 38 27 14 37 2 11 31 56 17 74 64 70 3 68 54 50 46 72 16 9 19 22 
-6 -553 -588 44 24 26 43 38 27 14 37 2 11 31 17 56 74 64 70 3 68 54 50 49 72 16 46 9 19 22 
-6 -553 -588 44 24 26 42 49 39 2 27 14 37 11 31 56 69 17 74 64 70 3 54 50 46 72 16 9 19 22 
-1 -551 44 26 42 48 27 13 23 2 39 11 15 56 72 69 17 31 64 70 3 66 74 50 46 9 19 22 55 6 
-1 -551 44 26 42 48 27 13 23 2 39 71 11 15 56 72 64 69 17 31 66 74 50 46 9 19 22 55 6 3 
-1 -553 42 28 38 48 31 20 23 2 71 11 25 56 46 16 72 64 75 18 22 13 51 44 9 68 54 8 5 3 
-1 -551 42 38 28 48 31 20 23 2 71 11 25 56 54 68 64 75 10 46 66 18 22 13 51 44 72 16 5 3 
-1 -553 42 28 38 48 31 20 23 2 71 25 3 5 56 46 16 72 64 75 18 22 13 51 44 9 68 54 8 12 
-1 -551 42 38 28 48 31 20 23 2 71 25 56 54 68 64 75 3 5 10 46 66 18 22 13 51 44 72 16 12 
-1 -551 42 38 28 48 31 20 23 2 71 25 54 56 64 69 75 3 5 50 46 13 72 16 66 18 22 9 44 12 
-1 -560 42 38 28 48 31 20 23 2 71 25 12 54 56 64 69 75 3 5 50 46 13 72 16 18 22 9 35 44 
-1 -551 42 38 28 48 31 20 23 2 71 25 54 56 64 69 75 3 5 50 72 16 66 18 22 47 13 9 44 12 
-1 -560 42 38 28 48 31 20 23 2 71 11 25 54 56 64 69 75 3 5 50 72 16 18 22 47 13 9 35 44 
-1 -551 42 38 28 48 31 20 23 2 71 11 25 56 54 68 64 75 50 46 13 72 16 66 18 22 9 44 5 3 
-1 -551 42 38 28 48 31 20 23 2 25 12 56 54 68 75 64 70 3 5 50 46 13 72 16 66 18 22 9 44 
-1 -551 42 38 28 48 31 20 23 2 71 25 56 54 68 64 75 3 5 50 46 13 72 16 66 18 22 9 44 12 
-1 -551 42 38 28 48 31 20 23 2 15 12 44 72 69 75 64 70 14 25 3 5 56 54 50 46 66 18 22 9 
-1 -551 42 38 28 48 31 20 23 2 12 44 9 56 54 68 75 64 70 14 25 3 5 50 46 66 18 22 72 16 
-1 -551 42 38 28 48 44 23 2 25 12 17 66 69 31 75 64 70 3 5 72 16 57 50 46 13 9 19 55 22 
-6 -553 -578 42 38 28 37 44 23 2 11 15 25 72 17 31 68 56 75 64 70 3 5 50 46 13 9 19 55 22 
-1 -553 42 28 38 48 31 20 23 2 71 25 3 5 56 46 16 72 64 75 18 55 22 13 51 44 9 68 8 12 
-1 -551 42 38 28 48 31 20 23 2 71 25 56 68 46 64 75 3 5 10 66 18 55 22 13 51 44 72 16 12 
-1 -551 42 38 28 48 31 20 23 2 71 25 50 56 64 69 75 3 5 10 46 13 66 18 55 22 72 16 44 12 
-1 -551 42 38 28 48 31 20 23 2 71 25 50 56 64 69 75 3 5 72 16 66 18 55 22 47 13 9 44 12 
-1 -551 42 38 28 48 31 20 23 2 71 25 50 56 64 69 75 3 5 10 66 18 55 22 47 13 72 16 44 12 
-1 -551 42 38 28 48 31 20 23 2 25 12 56 68 75 64 70 3 5 50 46 13 72 16 66 18 55 22 9 44 
-1 -551 42 38 28 48 31 20 23 2 71 25 50 56 68 64 75 3 5 46 13 72 16 66 18 55 22 9 44 12 
-1 -551 42 38 28 48 31 20 23 2 71 25 50 56 68 64 75 3 5 72 16 66 18 55 22 47 13 9 44 12 
-1 -553 42 28 39 2 71 48 31 20 23 25 56 46 18 64 69 75 22 55 13 51 44 72 16 10 3 5 8 12 
-1 -553 42 28 39 2 71 48 31 20 23 25 3 5 56 46 16 72 64 75 18 55 22 13 51 44 9 68 8 12 
-6 -553 -588 42 49 38 28 37 44 23 2 11 15 25 72 17 31 68 56 75 64 70 3 50 46 13 9 19 55 22 
-1 -553 42 28 38 48 44 23 2 12 17 8 9 56 46 69 31 64 70 25 75 19 55 22 72 16 3 5 14 51 
-1 -551 42 38 28 48 44 23 2 11 15 31 17 72 66 68 56 75 22 55 64 70 25 3 5 10 46 14 51 19 
-1 -551 42 38 28 48 44 23 2 12 17 31 22 55 56 68 66 75 64 70 25 3 5 46 72 16 14 51 9 19 
-1 -553 42 28 38 48 44 23 2 12 17 8 68 9 19 56 46 31 64 70 25 75 22 55 72 16 3 5 14 51 
-1 -551 42 38 28 48 31 20 23 2 12 44 10 56 68 75 64 70 25 3 5 46 66 18 55 22 14 51 72 16 
-1 -551 42 38 28 48 31 20 23 2 11 15 44 72 69 75 64 70 14 25 3 5 57 50 46 66 18 55 22 9 
-1 -551 42 38 28 48 31 20 23 2 15 12 44 72 69 75 64 70 14 25 3 5 57 50 46 66 18 55 22 9 
-1 -551 42 38 28 48 31 20 23 2 15 12 44 72 68 56 75 64 70 14 25 3 5 50 46 66 18 55 22 9 
-1 -551 42 38 28 48 31 20 23 2 12 44 9 56 68 75 64 70 14 25 3 5 50 46 66 18 55 22 72 16 
-1 -551 42 38 48 31 20 27 13 23 2 71 11 54 56 64 69 75 50 72 16 66 18 22 47 5 3 25 9 44 
-1 -551 42 38 48 31 20 27 13 23 2 71 25 54 56 64 69 75 50 72 16 66 18 22 47 5 3 9 44 12 
-1 -560 42 38 48 31 20 27 13 23 2 71 11 25 54 56 64 69 75 50 72 16 18 22 47 5 3 9 35 44 
-1 -553 42 39 2 71 48 31 20 27 13 51 23 11 56 46 16 72 64 75 18 22 9 68 54 8 44 5 3 25 
-1 -551 42 39 2 71 48 31 20 27 13 51 23 11 56 54 68 64 75 10 46 66 18 22 72 16 44 5 3 25 
-1 -553 42 39 2 71 48 31 20 27 13 51 23 56 46 16 72 64 75 18 22 9 68 54 8 44 12 5 3 25 
-1 -551 42 39 2 71 48 31 20 27 13 51 23 56 54 68 64 75 10 46 66 18 22 72 16 44 12 5 3 25 
-1 -551 42 39 2 71 48 31 20 27 13 23 25 54 56 64 69 75 50 46 72 16 66 18 22 9 44 12 5 3 
-1 -560 42 39 2 71 48 31 20 27 13 23 25 54 56 64 69 75 3 5 50 46 72 16 18 22 9 35 44 12 
-1 -551 42 48 31 20 27 14 23 2 39 71 11 15 56 72 64 69 75 54 50 46 66 18 22 25 5 3 9 44 
-1 -551 42 48 31 20 27 14 23 2 39 71 15 12 56 72 64 69 75 54 50 46 66 18 22 25 5 3 9 44 
-2 -553 42 48 31 20 27 14 23 2 39 71 15 12 54 56 72 64 69 75 50 46 18 63 22 25 5 3 9 44 
-1 -560 42 38 48 44 35 27 13 23 2 11 15 25 56 68 72 17 31 64 70 3 75 50 46 9 19 55 22 6 
-1 -551 44 42 48 27 13 51 23 2 39 71 11 15 56 68 66 72 64 17 31 75 46 9 19 55 22 6 3 25 
-1 -551 44 42 48 27 13 23 2 39 71 11 15 56 68 66 72 64 17 31 75 50 46 9 19 55 22 6 3 25 
-1 -553 42 38 48 31 20 27 13 51 23 2 71 11 56 46 16 72 64 75 18 55 22 9 68 8 44 5 3 25 
-1 -551 42 38 48 31 20 27 13 51 23 2 71 11 56 68 46 64 75 10 66 18 55 22 72 16 44 5 3 25 
-1 -551 42 38 48 31 20 27 13 23 2 71 11 50 56 64 69 75 46 72 16 66 18 55 22 9 44 5 3 25 
-1 -551 42 38 48 31 20 27 13 23 2 25 56 69 75 64 70 3 5 50 46 72 16 66 18 55 22 9 44 12 
-1 -551 42 38 48 31 20 27 13 23 2 71 25 50 56 64 69 75 46 72 16 66 18 55 22 9 44 12 5 3 
-1 -560 42 38 48 31 20 27 13 23 2 71 11 25 50 56 64 69 75 46 72 16 18 55 22 9 35 44 5 3 
-1 -560 42 38 48 31 20 27 13 23 2 71 25 50 56 64 69 75 3 5 46 72 16 18 55 22 9 35 44 12 
-1 -551 42 38 48 31 20 27 13 23 2 71 25 50 56 64 69 75 72 16 66 18 55 22 47 5 3 9 44 12 
-1 -551 42 38 48 31 20 27 13 23 2 25 56 68 75 64 70 3 5 50 46 72 16 66 18 55 22 9 44 12 
-1 -551 42 38 48 31 20 27 13 23 2 71 25 50 56 68 64 75 46 72 16 66 18 55 22 9 44 12 5 3 
-1 -551 42 38 48 31 20 27 13 23 2 71 11 50 56 68 64 75 72 16 66 18 55 22 47 5 3 25 9 44 
-1 -551 42 38 48 31 20 27 13 23 2 71 25 50 56 68 64 75 72 16 66 18 55 22 47 5 3 9 44 12 
-1 -553 42 39 2 71 48 31 20 27 13 51 23 11 56 46 64 69 75 72 16 18 55 22 9 8 44 5 3 25 
-1 -551 42 39 2 71 48 31 20 27 13 51 23 11 56 46 64 69 75 10 66 18 55 22 72 16 44 5 3 25 
-1 -553 42 39 2 71 48 31 20 27 13 51 23 56 46 64 69 75 72 16 18 55 22 9 8 44 12 5 3 25 
-1 -551 42 39 2 71 48 31 20 27 13 51 23 56 46 64 69 75 10 66 18 55 22 72 16 44 12 5 3 25 
-1 -553 42 39 2 71 48 31 20 27 13 51 23 11 56 46 16 72 64 75 18 55 22 9 68 8 44 5 3 25 
-1 -551 42 39 2 71 48 31 20 27 13 51 23 11 56 68 46 64 75 10 66 18 55 22 72 16 44 5 3 25 
-1 -553 42 39 2 71 48 31 20 27 13 51 23 56 46 16 72 64 75 18 55 22 9 68 8 44 12 5 3 25 
-1 -551 42 39 2 71 48 31 20 27 13 51 23 56 68 46 64 75 10 66 18 55 22 72 16 44 12 5 3 25 
-1 -551 42 39 2 71 48 31 20 27 13 23 25 50 56 64 69 75 46 72 16 66 18 55 22 9 44 12 5 3 
-1 -551 42 39 2 71 48 31 20 27 13 23 25 50 56 68 64 75 46 72 16 66 18 55 22 9 44 12 5 3 
-1 -553 44 42 38 48 27 14 51 23 2 11 8 9 56 46 69 17 31 64 70 25 75 19 55 22 72 16 3 5 
-1 -560 42 38 48 44 35 27 14 51 23 2 11 15 6 56 68 72 17 31 64 70 3 25 75 46 9 19 55 22 
-1 -560 42 38 48 44 35 27 14 51 23 2 11 15 6 56 68 72 17 31 64 70 3 25 75 46 10 19 55 22 
-1 -553 44 42 38 48 27 14 51 23 2 11 8 68 19 56 46 17 31 64 70 25 75 22 55 72 16 3 5 9 
-1 -551 44 42 48 27 14 51 23 2 39 11 15 6 56 68 66 72 17 31 64 70 3 25 75 46 9 19 55 22 
-1 -551 44 42 48 27 14 51 23 2 39 71 11 15 56 68 66 72 64 17 31 75 46 3 25 9 19 55 22 6 
-1 -551 44 42 48 27 14 51 23 2 39 71 11 15 56 68 66 72 64 17 31 75 46 3 25 10 19 55 22 6 
-1 -551 44 42 48 27 14 23 2 39 11 15 6 56 68 66 72 17 31 64 70 3 25 75 50 46 9 19 55 22 
-1 -551 44 42 48 27 14 23 2 39 71 11 15 6 56 68 66 72 64 17 31 75 50 46 3 25 9 19 55 22 
-1 -551 42 38 48 31 20 27 14 23 2 11 15 72 69 75 64 70 25 3 5 57 50 46 66 18 55 22 9 44 
-1 -551 42 38 48 31 20 27 14 23 2 15 12 72 69 75 64 70 25 3 5 57 50 46 66 18 55 22 9 44 
-2 -553 42 38 48 31 20 27 14 23 2 15 12 72 69 75 64 70 25 3 5 57 50 46 18 63 55 22 9 44 
-1 -551 42 38 48 31 20 27 14 23 2 11 44 9 56 69 75 64 70 25 3 5 50 46 66 18 55 22 72 16 
-1 -551 42 38 48 31 20 27 14 23 2 12 44 9 56 69 75 64 70 25 3 5 50 46 66 18 55 22 72 16 
-1 -551 42 38 48 31 20 27 14 23 2 12 44 9 56 68 75 64 70 25 3 5 50 46 66 18 55 22 72 16 
-1 -551 42 39 2 48 31 20 27 14 51 23 11 44 56 68 75 64 70 25 3 5 10 46 66 18 55 22 72 16 
-1 -551 42 48 31 20 27 14 23 2 39 71 11 15 72 64 69 75 57 50 46 66 18 55 22 25 5 3 9 44 
-1 -551 42 48 31 20 27 14 23 2 39 71 15 12 72 64 69 75 57 50 46 66 18 55 22 25 5 3 9 44 
-1 -551 42 38 28 48 44 26 23 2 11 15 72 17 31 66 68 56 75 64 70 3 5 46 13 51 9 19 55 22 
-1 -551 42 38 28 48 44 26 23 2 11 15 31 72 17 66 68 56 75 64 70 3 5 46 14 51 9 19 55 22 
-1 -551 44 26 42 48 27 13 23 2 39 71 11 15 56 68 66 72 64 17 31 75 50 46 9 19 55 22 6 3 
-1 -560 42 48 44 26 35 27 13 23 2 39 11 15 56 68 72 17 31 64 70 3 75 50 46 9 19 55 22 6 
-1 -560 42 48 44 26 35 27 13 23 2 39 71 11 15 56 68 72 64 17 31 75 50 46 9 19 55 22 6 3 
-8 -551 38 28 44 23 2 11 25 31 17 22 62 67 74 61 3 5 16 64 70 68 54 50 49 73 46 13 43 9 19 
-8 -551 44 38 27 13 23 2 11 25 31 17 62 67 74 61 3 5 16 64 70 68 54 50 49 73 46 43 9 19 22 
-8 -551 38 28 44 26 23 2 11 31 17 22 62 67 74 61 3 5 16 64 70 68 54 50 49 73 46 13 43 9 19 
-8 -551 44 26 38 27 13 23 2 11 31 17 62 67 74 61 3 5 16 64 70 68 54 50 49 73 46 43 9 19 22 
-1 -551 42 38 33 28 48 21 2 15 25 66 74 20 24 44 73 64 70 47 3 5 56 68 54 51 13 9 17 12 
-1 -551 42 38 28 33 48 44 24 21 2 15 25 56 66 74 64 70 3 5 10 68 54 50 73 46 13 19 17 12 
-1 -551 42 38 33 28 48 21 2 15 25 66 74 20 24 44 73 64 70 47 3 5 56 68 54 50 13 9 17 12 
-1 -551 42 38 28 33 48 44 23 21 11 2 15 56 67 74 70 5 3 25 68 54 65 50 73 46 13 9 19 17 
-1 -551 42 38 33 28 48 21 2 15 25 72 66 74 20 24 44 64 70 47 3 5 56 68 54 51 13 9 17 12 
-1 -551 42 38 33 28 48 21 2 25 24 44 56 66 74 20 64 70 47 3 5 68 54 72 16 51 13 9 17 12 
-1 -551 42 38 28 48 44 23 21 11 2 15 25 56 67 74 70 5 3 68 54 65 73 46 51 13 9 19 17 31 
-2 -587 42 38 28 48 44 23 21 11 2 15 25 63 17 31 67 74 64 70 5 3 68 54 73 46 51 13 9 19 
-1 -551 42 38 28 48 23 21 11 2 15 25 17 67 3 5 73 74 31 20 44 64 70 47 56 68 54 51 13 9 
-1 -551 42 38 28 48 23 21 11 2 15 25 17 67 3 5 73 74 31 20 44 64 70 47 56 68 54 50 13 9 
-1 -551 42 38 28 48 23 21 11 2 25 44 56 17 67 3 5 73 74 31 20 64 70 47 68 54 50 16 13 9 
-1 -551 42 38 28 33 48 44 25 23 21 11 2 56 17 4 15 67 5 74 64 70 68 54 73 46 51 13 9 19 
-2 -587 42 38 28 33 48 44 25 23 21 11 2 63 15 17 4 67 5 74 64 70 68 54 73 46 51 13 9 19 
-1 -551 42 38 28 33 48 44 25 23 21 11 2 56 17 4 15 67 5 74 64 70 68 54 50 73 46 13 9 19 
-1 -551 42 38 28 48 44 25 23 21 11 2 15 56 17 4 31 67 5 74 64 70 68 54 73 46 51 13 9 19 
-2 -587 42 38 28 48 44 25 23 21 11 2 15 63 17 4 31 67 5 74 64 70 68 54 73 46 51 13 9 19 
-1 -551 42 38 33 28 48 21 2 25 24 44 56 68 54 64 70 3 5 46 72 16 13 51 20 66 74 18 9 12 
-1 -551 42 38 33 28 48 21 2 25 24 44 56 68 54 64 70 47 3 5 72 16 20 66 74 18 51 13 9 12 
-1 -551 42 38 33 28 48 21 2 25 24 44 56 68 54 64 70 3 5 50 46 13 72 16 20 66 74 18 9 12 
-1 -551 42 38 33 28 48 21 2 25 24 44 56 68 54 64 70 47 3 5 50 72 16 20 66 74 18 13 9 12 
-1 -551 42 38 28 48 31 20 21 2 25 56 68 54 64 70 3 5 73 46 16 13 51 24 44 66 74 18 9 12 
-1 -551 42 38 28 48 31 20 24 44 21 11 2 56 68 54 73 64 70 47 25 3 5 50 16 66 74 18 13 9 
-1 -551 42 38 28 48 31 20 23 21 2 25 54 56 69 64 70 47 3 5 50 72 16 44 66 74 18 13 9 12 
-6 -553 -588 42 49 38 28 33 44 24 37 21 11 2 15 72 17 74 64 70 25 3 56 68 54 50 46 13 9 19 
-1 -551 42 49 38 28 31 20 23 21 11 2 25 56 68 54 67 64 70 5 3 50 73 46 13 16 44 74 18 9 
-1 -551 42 49 38 28 31 20 23 21 11 2 25 56 67 73 64 70 47 5 3 68 54 50 16 44 74 18 13 9 
-19 -553 42 28 33 38 48 30 44 24 25 21 11 2 71 56 15 64 17 4 46 73 74 13 51 19 9 68 54 8 5 
-19 42 28 33 38 48 30 44 24 35 25 21 11 56 15 64 17 4 46 73 66 74 13 51 19 9 68 54 8 6 2 71 
-19 -551 42 38 28 33 48 30 44 24 25 21 11 2 71 56 15 64 17 4 66 74 5 10 68 54 50 73 46 13 19 
-19 -560 42 38 28 33 48 30 44 24 35 25 21 11 56 54 68 15 64 17 4 74 50 73 46 13 10 19 6 2 71 
-19 -553 42 28 38 48 30 44 24 25 21 11 2 71 56 15 64 17 4 31 46 73 74 13 51 19 9 68 54 8 5 
-19 42 28 38 48 30 44 24 35 25 21 11 2 71 56 15 64 17 4 31 46 73 66 74 13 51 19 9 68 54 8 6 
-19 -551 42 38 28 48 30 44 24 25 21 11 2 71 56 15 64 17 4 31 66 74 5 10 68 54 50 73 46 13 19 
-19 -560 42 38 28 48 30 44 24 35 25 21 11 2 71 56 54 68 15 64 17 4 31 74 50 73 46 13 10 19 6 
-1 -553 42 28 38 48 44 23 21 2 71 12 17 19 56 46 64 69 31 74 72 16 51 14 5 3 25 9 8 54 
-1 -560 42 38 28 48 44 35 23 21 2 71 15 12 17 72 64 69 31 74 10 56 54 50 46 14 25 5 3 19 
-1 -553 42 28 38 33 48 44 24 21 11 2 71 15 57 72 64 69 17 4 74 46 19 51 14 25 9 54 8 5 
-1 -551 42 38 28 33 48 44 24 21 11 2 71 15 72 64 69 17 4 66 74 5 10 54 57 46 51 14 25 19 
-1 -553 42 28 38 33 48 44 24 21 11 2 71 19 46 57 64 69 17 4 74 72 16 5 51 14 25 9 8 54 
-1 -553 42 28 38 48 44 24 21 11 2 71 8 54 56 64 69 17 4 31 46 73 74 19 16 5 51 14 25 9 
-1 -553 42 28 38 48 44 24 21 11 2 71 8 54 19 46 57 64 69 17 4 31 74 72 16 5 51 14 25 9 
-1 -560 42 28 48 44 35 23 21 2 39 71 15 12 17 72 64 69 31 74 10 56 54 46 51 14 25 5 3 19 
-1 -551 42 38 28 48 31 20 23 21 2 71 12 44 54 56 46 64 69 10 66 74 18 51 14 25 5 3 72 16 
-1 -551 42 38 28 48 31 20 23 21 2 12 44 9 54 56 69 64 70 47 14 25 3 5 50 66 74 18 72 16 
-1 -551 42 38 28 33 48 21 2 71 4 24 44 12 54 46 57 64 69 5 72 16 10 20 66 74 18 51 14 25 
-1 -551 42 38 28 48 21 2 71 31 20 4 24 44 54 56 64 69 5 10 73 46 66 74 18 51 14 25 16 12 
-1 -551 42 38 28 48 21 2 71 31 20 4 24 44 54 46 57 64 69 5 72 16 10 66 74 18 51 14 25 12 
-2 42 38 28 48 44 35 23 21 11 2 15 25 72 69 17 31 66 74 64 70 3 5 56 63 55 46 51 13 9 19 
-6 -553 -578 42 38 28 37 23 21 11 2 15 25 72 69 17 31 20 44 74 64 70 3 5 56 50 47 55 13 9 
-1 -551 42 38 28 48 31 20 23 21 2 25 55 56 69 64 70 3 5 46 72 16 13 51 44 66 74 18 9 12 
-1 -551 42 38 28 48 31 20 23 21 2 25 50 56 69 64 70 3 5 47 55 72 16 44 66 74 18 13 9 12 
-6 -553 -588 42 49 38 28 37 44 23 21 11 2 15 72 69 17 31 74 64 70 25 3 56 55 50 46 13 9 19 
-1 -553 42 28 38 48 44 23 21 2 71 12 17 8 56 46 64 69 31 55 74 19 72 16 51 14 5 3 25 9 
-1 -551 42 38 28 48 23 21 2 12 17 44 20 31 56 69 66 74 64 70 51 14 25 3 5 47 55 72 16 9 
-1 -560 42 38 28 48 44 35 23 21 2 71 15 12 17 72 64 69 31 74 10 56 55 50 46 14 25 5 3 19 
-1 -560 42 28 48 44 35 23 21 2 39 71 15 12 17 72 64 69 31 74 10 56 55 46 51 14 25 5 3 19 
-1 -551 42 38 28 48 31 20 23 21 2 12 44 9 55 56 69 64 70 25 3 5 46 14 51 66 74 18 72 16 
-1 -551 42 38 28 48 31 20 23 21 2 71 12 44 55 56 46 64 69 10 66 74 18 51 14 25 5 3 72 16 
-1 -551 42 38 28 48 31 20 23 21 2 71 12 44 50 55 56 64 69 46 66 74 18 72 16 14 5 3 25 9 
-1 -551 42 38 28 48 31 20 23 21 2 12 44 9 50 56 69 64 70 14 25 3 5 47 55 66 74 18 72 16 
-1 -551 42 28 39 2 71 48 31 20 23 21 12 44 55 56 46 64 69 66 74 18 72 16 51 14 5 3 25 9 
-1 -551 42 38 33 48 27 13 51 21 2 15 25 66 74 20 73 64 70 47 3 5 56 68 54 9 17 12 44 24 
-1 -551 38 33 48 27 13 51 21 2 15 25 66 74 20 73 64 70 47 3 5 56 68 54 43 9 17 12 44 24 
-1 -551 44 24 38 33 48 27 13 21 2 15 25 56 66 74 64 70 3 5 10 68 54 50 73 46 43 19 17 12 
-1 -551 38 33 48 27 13 21 2 15 25 66 74 20 24 44 73 64 70 47 3 5 56 68 54 50 43 9 17 12 
-1 -551 44 42 38 33 48 27 13 51 23 21 2 15 56 67 74 64 70 5 3 25 68 54 73 46 9 19 17 12 
-1 -551 42 38 33 48 27 13 51 23 21 2 15 67 73 74 20 44 64 70 47 5 3 25 56 68 54 9 17 12 
-1 -551 38 33 48 27 13 51 23 21 2 15 25 67 73 74 20 44 64 70 47 5 3 56 68 54 43 9 17 12 
-1 -574 42 38 33 48 44 35 27 13 23 21 11 2 15 68 54 67 70 3 25 74 65 50 73 46 9 19 17 6 
-1 -551 42 38 33 48 27 13 23 21 2 15 25 67 73 74 20 44 64 70 47 5 3 56 68 54 50 9 17 12 
-1 -551 38 33 48 27 13 23 21 2 15 25 67 3 5 73 74 20 44 64 70 47 56 68 54 50 43 9 17 12 
-1 -551 44 24 38 48 27 13 51 21 11 2 15 54 66 74 69 17 31 70 25 3 5 57 65 73 46 43 9 19 
-11 -553 -609 44 24 38 27 13 51 21 11 2 15 57 65 74 69 17 31 70 25 3 5 54 53 73 46 43 9 19 
-1 -551 38 48 27 13 51 21 2 15 25 66 74 31 20 24 44 73 64 70 47 3 5 56 68 54 43 9 17 12 
-1 -551 38 48 27 13 51 24 44 21 11 2 15 56 66 74 73 70 47 25 3 5 68 54 65 43 9 17 20 31 
-1 -551 38 48 27 13 51 21 2 15 25 56 66 74 24 44 73 70 47 3 5 68 54 65 43 9 20 31 17 12 
-1 -551 44 24 38 48 27 13 21 11 2 15 25 54 66 74 69 17 31 70 3 5 57 65 50 73 46 43 9 19 
-11 -553 -609 44 24 38 27 13 21 11 2 15 25 57 65 74 69 17 31 70 3 5 54 53 50 73 46 43 9 19 
-1 -560 42 38 48 44 24 35 27 13 21 11 2 15 54 56 74 69 17 31 70 3 25 65 50 73 46 9 19 6 
-1 -551 44 24 38 48 27 13 21 2 25 54 56 66 74 69 31 12 17 70 3 5 65 50 73 46 43 16 9 19 
-1 -560 38 48 44 24 35 27 13 21 11 2 15 25 56 54 68 74 70 3 65 50 73 46 43 9 19 17 31 6 
-1 -551 38 48 27 13 24 44 21 11 2 15 25 69 17 66 74 31 20 73 70 47 3 5 56 54 65 50 43 9 
-1 -551 38 48 27 13 24 44 21 11 2 15 25 56 66 74 73 70 47 3 5 68 54 65 50 43 9 17 20 31 
-1 -551 38 48 27 13 21 2 15 25 24 44 56 66 74 73 70 47 3 5 68 54 65 50 43 9 20 31 17 12 
-1 -551 42 38 48 27 13 51 23 21 2 15 25 67 73 74 31 20 44 64 70 47 5 3 56 68 54 9 17 12 
-1 -551 38 48 27 13 51 23 21 11 2 25 56 17 67 3 5 73 74 31 20 44 64 70 47 68 54 16 43 9 
-1 -551 44 42 38 48 27 13 23 21 11 2 71 15 56 68 54 65 67 74 50 73 46 9 19 17 31 6 3 25 
-1 -574 42 38 48 44 35 27 13 23 21 11 2 15 68 54 67 70 3 25 74 65 50 73 46 9 19 17 31 6 
-1 -551 44 42 38 33 48 25 27 13 23 21 11 56 68 54 64 17 4 15 67 74 50 73 46 9 19 6 2 71 
-1 -551 42 38 33 48 25 27 13 23 21 2 71 56 64 4 15 67 5 73 74 20 44 68 54 50 47 9 17 12 
-1 -551 44 42 38 48 25 27 13 51 23 21 11 2 56 15 67 5 74 70 68 54 65 73 46 9 19 17 4 31 
-1 -551 44 42 38 48 25 27 13 51 23 21 11 2 56 15 67 5 74 70 68 54 65 73 46 9 19 4 17 32 
-1 -551 44 38 48 25 27 13 51 23 21 11 2 56 17 4 31 67 5 74 64 70 68 54 73 46 43 16 9 19 
-1 -551 44 42 38 48 25 27 13 23 21 11 2 71 56 68 54 64 17 4 31 15 67 74 50 73 46 9 19 6 
-1 -551 44 42 38 48 25 27 13 23 21 11 2 56 15 67 5 74 70 68 54 65 50 73 46 9 19 17 4 31 
-1 -551 44 42 38 48 25 27 13 23 21 11 2 56 15 67 5 74 70 68 54 65 50 73 46 9 19 4 17 32 
-1 -551 42 38 48 25 27 13 23 21 2 71 15 56 64 4 67 5 73 74 31 20 44 68 54 50 47 9 17 12 
-1 -551 44 24 48 27 13 51 21 11 2 39 15 54 66 74 69 17 31 70 25 3 5 57 65 73 46 43 9 19 
-1 -560 42 48 44 24 35 27 13 51 21 11 2 39 71 54 56 15 74 69 17 31 65 73 46 9 19 5 3 25 
-1 -560 42 48 44 24 35 27 13 51 21 11 2 39 15 54 56 74 69 17 31 70 3 25 65 73 46 9 19 6 
-9 -551 44 24 42 27 13 51 21 11 2 39 71 15 54 56 63 66 74 69 17 31 65 73 46 9 19 41 5 3 25 
-9 -551 44 24 42 27 13 51 21 11 2 39 71 15 54 56 65 63 66 74 69 17 31 73 46 9 19 41 6 3 25 
-11 -553 -575 44 24 42 48 27 13 51 21 11 2 39 71 54 68 15 65 74 53 73 46 9 19 17 31 5 3 25 
-1 -551 44 24 48 27 13 51 21 11 2 39 71 15 56 54 68 66 74 65 73 46 43 9 19 17 31 5 3 25 
-9 -551 44 24 42 27 13 51 21 11 2 39 71 15 56 54 68 63 66 74 65 73 46 9 19 41 17 31 5 3 25 
-1 -551 44 24 48 27 13 21 11 2 39 15 25 69 17 31 66 74 64 70 3 5 54 57 50 73 46 43 9 19 
-11 -553 -575 44 24 42 48 27 13 21 11 2 39 71 15 54 65 74 69 17 31 53 50 73 46 9 19 5 3 25 
-1 -551 44 24 48 27 13 21 11 2 39 71 15 54 56 66 74 69 17 31 65 50 73 46 43 9 19 5 3 25 
-1 -551 44 24 48 27 13 21 11 2 39 15 25 54 66 74 69 17 31 70 3 5 57 65 50 73 46 43 9 19 
-1 -551 44 24 42 39 2 71 48 27 13 21 25 54 56 66 74 69 31 65 50 73 46 16 9 19 17 12 5 3 
-1 -551 44 24 39 2 71 48 27 13 21 25 54 56 66 74 69 31 3 5 65 50 73 46 43 16 9 19 17 12 
-1 -551 44 24 48 27 13 21 2 39 71 15 25 56 64 31 66 74 10 68 54 50 73 46 43 19 17 12 5 3 
-1 -551 44 24 48 27 13 21 11 2 39 71 15 56 54 68 66 74 65 50 73 46 43 9 19 17 31 5 3 25 
-1 -551 44 24 48 27 13 21 2 39 71 15 25 56 54 68 66 74 65 50 73 46 43 9 19 31 17 12 5 3 
-1 -551 44 24 48 27 13 21 2 39 71 15 25 56 54 68 66 74 10 65 50 73 46 43 19 31 17 12 5 3 
-1 -551 48 27 13 24 44 21 11 2 39 15 25 69 17 66 74 31 20 73 70 47 3 5 56 54 65 50 43 9 
-1 -551 44 42 48 27 13 51 23 21 11 2 39 71 56 68 54 65 15 67 74 73 46 9 19 17 31 6 3 25 
-1 -574 42 48 44 35 27 13 51 23 21 11 2 39 15 68 54 67 70 3 25 74 65 73 46 9 19 17 31 6 
-9 -551 44 42 27 13 51 23 21 11 2 39 71 15 56 68 54 65 63 67 74 73 46 9 19 41 17 31 6 3 25 
-1 -551 48 27 13 51 23 21 2 39 15 25 67 3 5 73 74 31 20 44 64 70 47 56 68 54 43 9 17 12 
-1 -551 48 27 13 51 23 21 11 2 39 15 25 56 67 73 74 44 70 47 5 3 68 54 65 43 9 17 20 31 
-1 -551 48 27 13 51 23 21 2 39 15 25 56 67 3 5 73 74 44 70 47 68 54 65 43 9 20 31 17 12 
-1 -551 48 27 13 23 21 11 2 39 15 25 17 67 3 5 73 74 31 20 44 64 70 47 56 68 54 50 43 9 
-1 -551 48 27 13 23 21 2 39 15 25 12 17 67 3 5 73 74 31 20 44 64 70 47 56 68 54 50 43 9 
-1 -551 48 27 13 23 21 11 2 39 15 25 56 67 3 5 73 74 44 70 47 68 54 65 50 43 9 17 20 31 
-1 -551 48 27 13 23 21 2 39 15 25 56 67 3 5 73 74 44 70 47 68 54 65 50 43 9 20 31 12 17 
-1 -551 44 42 33 48 25 27 13 51 23 21 11 56 68 54 64 17 4 15 67 74 73 46 9 19 6 2 39 71 
-2 -587 44 42 33 48 25 27 13 51 23 21 11 68 54 63 15 64 17 4 67 74 73 46 9 19 6 2 39 71 
-1 -551 42 33 48 25 27 13 51 23 21 56 64 4 15 67 5 73 74 20 44 68 54 47 9 17 12 2 39 71 
-2 -587 42 33 48 25 27 13 51 23 21 64 4 15 67 5 73 74 20 44 68 54 63 47 9 17 12 2 39 71 
-1 -551 38 48 31 20 27 13 24 44 21 11 2 54 56 69 64 70 25 3 5 50 73 46 43 16 66 74 18 9 
-1 -551 38 48 31 20 27 13 24 44 21 11 2 54 56 65 69 70 25 3 5 50 73 46 43 16 66 74 18 9 
-1 -551 38 48 31 20 27 13 24 44 21 11 2 54 56 69 73 64 70 47 25 3 5 50 16 66 74 18 43 9 
-1 -551 38 48 31 20 27 13 24 44 21 11 2 54 56 69 73 70 47 25 3 5 65 50 16 66 74 18 43 9 
-1 -551 38 48 31 20 27 13 24 44 21 11 2 56 68 54 73 64 70 47 25 3 5 50 16 66 74 18 43 9 
-1 -551 42 38 48 25 27 13 51 23 21 11 2 56 68 54 4 32 67 5 64 70 73 46 16 20 44 74 18 9 
-1 -551 42 39 2 71 48 31 20 27 13 51 21 54 56 64 69 73 46 16 66 74 18 9 12 44 24 5 3 25 
-1 -551 42 39 2 71 48 31 20 27 13 51 21 56 68 54 64 73 46 16 66 74 18 9 12 44 24 5 3 25 
-1 -551 42 39 2 71 48 31 20 27 13 24 44 21 11 50 54 56 65 69 73 46 16 66 74 18 9 5 3 25 
-6 -553 -588 44 24 42 49 38 27 13 37 21 11 2 15 69 17 31 74 64 70 25 3 56 54 50 73 46 9 19 
-1 -551 38 31 20 27 13 23 21 11 2 25 56 68 54 67 3 5 70 65 50 49 16 73 46 43 44 74 18 9 
-1 -551 38 31 20 27 13 23 21 11 2 25 56 68 54 67 3 5 73 70 47 65 50 49 16 44 74 18 43 9 
-1 -551 39 2 71 31 20 27 13 23 21 11 25 56 68 54 65 67 50 49 16 73 46 43 44 74 18 9 5 3 
-19 42 33 38 48 44 35 30 25 27 13 51 23 56 64 17 4 15 67 46 73 74 19 9 68 54 8 6 71 2 21 11 
-19 42 38 48 44 35 30 25 27 13 51 23 21 11 56 64 17 4 31 15 67 46 73 74 19 9 68 54 8 6 71 2 
-19 -574 38 48 44 35 30 25 27 13 51 23 21 11 68 54 64 17 4 31 15 67 10 74 73 46 43 19 6 2 71 
-19 -574 38 48 44 35 30 25 27 13 23 21 11 2 71 68 54 64 17 4 31 15 67 10 74 50 73 46 43 19 6 
-12 -553 44 24 42 38 33 48 27 13 51 25 21 11 56 63 15 59 17 4 74 64 70 5 68 54 73 46 9 19 2 
-1 -551 44 24 43 38 48 27 14 51 21 11 2 31 54 56 66 74 69 17 70 25 3 5 65 73 46 16 9 19 
-1 -551 44 24 43 38 48 27 14 21 11 2 15 31 54 66 74 69 17 70 25 3 5 10 57 65 50 73 46 19 
-11 -553 -609 44 24 43 38 27 14 21 11 2 15 31 57 65 74 69 17 70 25 3 5 10 54 53 50 73 46 19 
-1 -560 42 38 48 44 24 35 27 14 21 11 2 71 15 54 56 74 69 17 31 65 50 73 46 25 5 3 9 19 
-1 -560 42 38 48 44 24 35 27 14 21 11 2 15 6 54 56 74 69 17 31 70 3 25 65 50 73 46 9 19 
-1 -560 43 38 48 44 24 35 27 14 21 11 2 71 15 54 56 74 69 17 31 65 50 73 46 25 5 3 9 19 
-1 -560 43 38 48 44 24 35 27 14 21 11 2 71 15 54 56 65 74 69 17 31 50 73 46 3 25 9 19 6 
-1 -560 43 38 48 44 24 35 27 14 21 11 2 71 15 54 74 69 17 31 10 65 57 50 73 46 25 5 3 19 
-11 -562 43 38 48 44 24 35 27 14 21 11 2 71 15 54 57 65 74 69 17 31 10 53 50 73 46 25 5 3 19 
-1 -551 44 24 43 38 48 27 14 21 2 12 17 31 54 56 66 74 69 70 25 3 5 65 50 73 46 16 9 19 
-1 -560 42 38 48 44 24 35 27 14 21 2 71 12 17 54 56 64 69 31 74 50 73 46 16 5 3 25 9 19 
-1 -560 43 38 48 44 24 35 27 14 21 11 2 71 31 54 56 74 69 17 65 50 73 46 16 5 3 25 9 19 
-1 -560 43 38 48 44 24 35 27 14 21 2 71 12 17 54 56 74 69 31 65 50 73 46 16 5 3 25 9 19 
-1 -551 43 38 48 27 14 24 44 21 11 2 20 31 56 69 17 66 74 73 70 47 25 3 5 54 65 50 16 9 
-1 -551 44 24 42 38 33 48 27 14 51 21 11 2 71 54 15 72 66 74 69 17 4 5 10 57 65 46 25 19 
-1 42 38 33 48 44 24 35 27 14 51 21 11 15 57 65 72 66 74 69 17 4 46 19 25 9 54 8 5 2 71 
-1 -553 44 24 42 38 33 48 27 14 51 21 11 2 71 19 46 57 64 69 17 4 74 72 16 5 25 9 54 8 
-1 -551 44 24 42 38 33 48 27 14 21 11 2 71 54 15 72 66 74 69 17 4 5 10 57 65 50 46 25 19 
-1 -551 42 38 48 27 14 21 2 24 44 12 17 69 4 20 31 66 74 73 64 70 47 25 5 56 54 50 16 9 
-1 -551 44 24 42 38 48 27 14 51 21 11 2 71 54 15 72 66 74 69 17 4 31 5 10 57 65 46 25 19 
-1 42 38 48 44 24 35 27 14 51 21 11 2 71 15 57 65 72 66 74 69 17 4 31 46 19 25 9 54 8 5 
-1 -553 44 24 42 38 48 27 14 51 21 11 2 71 19 46 57 64 69 17 4 31 74 72 16 5 25 9 54 8 
-1 -551 44 24 42 38 48 27 14 21 11 2 71 15 54 72 66 74 69 17 4 31 5 10 57 65 50 46 25 19 
-1 -560 42 48 44 24 35 27 14 51 21 11 2 39 71 54 56 15 74 69 17 31 65 73 46 25 5 3 9 19 
-1 -560 42 48 44 24 35 27 14 51 21 11 2 39 71 54 56 65 15 74 69 17 31 73 46 3 25 9 19 6 
-1 -560 42 48 44 24 35 27 14 51 21 11 2 39 71 54 15 74 69 17 31 10 65 57 73 46 25 5 3 19 
-6 -554 42 48 44 24 35 27 14 51 21 11 2 39 71 15 54 66 74 69 17 31 65 73 46 25 5 3 9 19 41 
-6 -554 42 48 44 24 35 27 14 51 21 11 2 39 71 15 54 65 66 74 69 17 31 73 46 3 25 9 19 41 6 
-6 -565 42 44 24 35 27 14 51 21 11 2 39 71 15 54 66 74 69 17 31 10 57 65 73 46 25 5 3 19 41 
-11 -562 42 48 44 24 35 27 14 51 21 11 2 39 71 54 15 57 65 74 69 17 31 10 53 73 46 25 5 3 19 
-1 -551 44 24 42 39 2 71 48 27 14 51 21 11 54 56 66 74 69 17 31 65 73 46 16 5 3 25 9 19 
-1 -551 44 24 42 39 2 71 48 27 14 51 21 54 56 66 74 69 31 12 17 65 73 46 16 5 3 25 9 19 
-1 -560 42 39 2 71 48 44 24 35 27 14 51 21 54 56 64 69 31 12 17 74 73 46 16 5 3 25 9 19 
-1 -560 42 39 2 71 48 44 24 35 27 14 51 21 11 54 56 74 69 17 31 65 73 46 16 5 3 25 9 19 
-1 -560 42 39 2 71 48 44 24 35 27 14 51 21 54 56 74 69 31 12 17 65 73 46 16 5 3 25 9 19 
-1 -551 44 24 43 48 27 14 21 11 2 39 15 56 66 74 69 17 31 70 25 3 5 54 65 50 73 46 9 19 
-1 -551 44 24 43 48 27 14 21 11 2 39 15 31 54 66 74 69 17 70 25 3 5 10 57 65 50 73 46 19 
-1 -551 44 24 43 39 2 71 48 27 14 21 12 17 54 56 66 74 69 31 65 50 73 46 16 5 3 25 9 19 
-2 -553 43 39 2 71 48 27 14 24 44 21 11 54 56 69 17 20 31 74 73 65 50 16 63 47 5 3 25 9 
-1 -553 44 42 39 2 71 48 27 14 51 23 21 19 56 46 64 69 31 12 17 74 72 16 5 3 25 9 54 8 
-1 -553 44 24 42 48 27 14 51 21 11 2 39 71 56 65 15 74 69 17 4 31 73 46 19 25 9 54 8 5 
-1 -551 44 24 42 48 27 14 51 21 11 2 39 71 54 56 15 66 74 69 17 4 31 5 10 65 73 46 25 19 
-1 -553 44 24 42 39 2 71 48 27 14 51 21 11 56 64 69 17 4 31 46 73 74 19 16 5 25 9 54 8 
-1 -553 44 24 42 39 2 71 48 27 14 51 21 11 56 64 69 4 17 32 46 73 74 19 16 5 25 9 54 8 
-1 -553 44 24 42 48 27 14 51 21 11 2 39 71 15 57 65 72 74 69 17 4 31 46 19 25 9 54 8 5 
-1 -551 44 24 42 48 27 14 51 21 11 2 39 71 54 15 72 66 74 69 17 4 31 5 10 57 65 46 25 19 
-1 -553 44 24 42 39 2 71 48 27 14 51 21 11 19 46 57 64 69 17 4 31 74 72 16 5 25 9 54 8 
-1 -553 44 24 42 39 2 71 48 27 14 51 21 11 19 46 57 64 69 4 17 32 74 72 16 5 25 9 54 8 
-1 -560 42 38 48 31 20 27 14 24 44 21 11 2 71 50 54 56 64 69 73 46 35 74 18 16 5 3 25 9 
-1 -560 43 38 48 31 20 27 14 24 44 21 11 2 71 50 54 56 64 69 73 46 35 74 18 16 5 3 25 9 
-1 -560 43 38 48 31 20 27 14 24 44 21 11 2 71 50 54 56 65 69 73 46 35 74 18 16 5 3 25 9 
-1 -560 43 38 48 31 20 27 14 24 44 21 11 2 71 50 54 57 65 69 16 10 73 46 35 74 18 25 5 3 
-1 -551 42 38 48 31 20 27 14 24 44 21 11 2 54 56 69 73 64 70 47 25 3 5 50 66 74 18 16 9 
-1 -551 43 38 48 31 20 27 14 24 44 21 11 2 54 56 69 73 64 70 47 25 3 5 50 66 74 18 16 9 
-1 -551 43 38 48 31 20 27 14 24 44 21 11 2 54 56 69 73 70 47 25 3 5 65 50 66 74 18 16 9 
-2 -553 43 38 48 31 20 27 14 24 44 21 11 2 54 57 65 69 73 70 63 47 25 3 5 16 10 50 74 18 
-1 -551 42 38 48 31 20 27 14 51 23 21 2 71 54 56 46 64 69 10 44 66 74 18 25 5 3 72 16 12 
-1 -551 42 38 33 48 27 14 51 21 2 71 4 54 46 57 64 69 5 72 16 10 20 24 44 66 74 18 25 12 
-1 -551 42 38 48 27 14 21 2 31 20 4 24 44 54 56 69 64 70 25 5 50 73 46 66 74 18 16 9 12 
-1 -551 42 38 48 27 14 51 21 2 71 31 20 4 54 46 57 64 69 5 72 16 10 66 74 18 25 12 44 24 
-1 -560 42 39 2 71 48 31 20 27 14 51 24 44 54 56 64 69 73 46 35 74 18 16 5 3 25 9 21 11 
-1 -560 42 39 2 71 48 31 20 27 14 51 24 44 21 11 54 56 65 69 73 46 35 74 18 16 5 3 25 9 
-1 -560 42 39 2 71 48 31 20 27 14 51 24 44 21 11 54 57 65 69 16 10 73 46 35 74 18 25 5 3 
-1 -551 42 39 2 71 48 31 20 27 14 51 23 21 54 56 46 64 69 44 66 74 18 72 16 5 3 25 9 12 
-1 -551 42 39 2 71 48 31 20 27 14 51 23 21 54 56 46 64 69 10 44 66 74 18 25 5 3 72 16 12 
-1 -551 42 39 2 71 48 27 14 51 21 31 20 4 54 56 64 69 5 10 73 46 66 74 18 25 16 12 44 24 
-1 -551 42 39 2 71 48 27 14 51 21 32 12 4 54 56 64 69 5 10 73 46 20 66 74 18 25 16 44 24 
-1 -551 42 39 2 71 48 27 14 21 31 20 4 50 54 56 64 69 5 73 46 24 44 66 74 18 16 25 9 12 
-1 -551 42 39 2 71 48 27 14 51 21 31 20 4 54 46 57 64 69 5 72 16 10 66 74 18 25 12 44 24 
-1 -551 42 39 2 71 48 27 14 51 21 32 12 4 54 46 57 64 69 5 72 16 10 20 66 74 18 25 44 24 
-1 -551 44 24 42 49 38 27 14 21 11 2 15 31 69 17 4 66 74 64 70 25 5 56 54 50 73 46 9 19 
-6 -553 -588 44 24 42 49 38 27 14 37 21 11 2 15 69 17 4 31 74 64 70 25 56 54 50 73 46 9 19 
-1 -551 42 38 48 31 20 27 13 23 21 2 25 50 56 69 64 70 3 5 47 55 72 16 44 66 74 18 9 12 
-1 -551 42 39 2 71 48 31 20 27 13 51 23 21 55 56 46 64 69 72 16 44 66 74 18 9 12 5 3 25 
-1 -551 42 39 2 71 48 31 20 27 13 23 21 50 55 56 64 69 46 72 16 44 66 74 18 9 12 5 3 25 
-1 -560 42 38 48 44 35 27 14 23 21 11 2 71 15 56 72 64 69 17 31 55 74 50 46 3 25 9 19 6 
-1 -560 42 38 48 44 35 27 14 23 21 2 71 15 72 64 69 31 12 17 74 10 56 55 50 46 25 5 3 19 
-1 -560 42 48 44 35 27 14 51 23 21 11 2 39 71 56 15 72 64 69 17 31 55 74 46 3 25 9 19 6 
-1 -560 42 48 44 35 27 14 51 23 21 2 39 71 15 72 64 69 31 74 10 56 55 46 25 5 3 19 17 12 
-1 -551 42 39 2 71 48 27 14 51 23 21 11 44 56 64 69 17 66 74 31 20 55 47 5 3 25 72 16 9 
-1 -551 42 39 2 71 48 27 14 51 23 21 12 17 56 64 69 66 74 31 20 44 55 47 5 3 25 72 16 9 
-1 -560 42 38 48 31 20 27 14 23 21 11 2 71 44 50 55 56 64 69 46 35 74 18 72 16 5 3 25 9 
-1 -560 42 38 48 31 20 27 14 23 21 2 71 12 44 50 55 56 64 69 46 35 74 18 72 16 5 3 25 9 
-1 -551 42 38 48 31 20 27 14 23 21 2 12 44 50 56 69 64 70 25 3 5 47 55 66 74 18 72 16 9 
-1 -551 42 39 2 71 48 31 20 27 14 51 23 21 55 56 46 64 69 44 66 74 18 72 16 5 3 25 9 12 
-1 -551 42 39 2 71 48 31 20 27 14 23 21 12 50 55 56 64 69 46 44 66 74 18 72 16 5 3 25 9 
-1 -551 42 49 38 28 44 24 26 21 11 2 15 56 17 31 66 74 64 70 3 5 68 54 73 46 51 13 9 19 
-1 -551 42 49 38 28 44 24 26 21 11 2 15 56 17 31 66 74 64 70 3 5 68 54 50 73 46 13 9 19 
-1 -551 42 49 38 28 24 44 26 21 11 2 15 17 66 74 31 20 73 64 70 47 3 5 56 68 54 50 13 9 
-1 -551 42 49 38 28 31 20 24 44 26 21 11 2 56 68 54 64 70 3 5 50 73 46 13 16 66 74 18 9 
-1 -551 42 49 38 28 31 20 24 44 26 21 11 2 56 68 54 73 64 70 47 3 5 50 16 66 74 18 13 9 
-1 -551 42 49 38 28 31 20 23 21 11 2 56 68 54 67 3 5 64 70 73 46 16 13 51 26 44 74 18 9 
-1 -551 42 49 38 28 31 20 23 21 11 2 56 68 54 67 3 5 64 70 50 73 46 13 16 26 44 74 18 9 
-1 -551 42 49 38 28 31 20 23 21 11 2 56 67 3 5 73 64 70 47 68 54 50 16 26 44 74 18 13 9 
-1 -551 42 38 28 48 23 21 11 2 15 72 44 26 69 17 31 20 74 66 64 70 3 5 56 50 47 55 13 9 
-1 -551 42 38 28 48 23 21 11 2 15 44 26 72 69 17 31 20 74 66 64 70 14 3 5 56 50 47 55 9 
-1 -551 42 38 48 27 13 51 24 44 26 21 11 2 15 69 17 66 74 31 20 73 70 47 3 5 56 54 65 9 
-1 -551 38 48 27 13 51 24 44 26 21 11 2 15 69 17 66 74 31 20 73 70 47 3 5 56 54 65 43 9 
-11 -553 -575 44 24 26 42 48 27 13 51 21 11 2 39 71 54 15 65 74 69 17 31 53 73 46 9 19 5 3 
-1 -551 44 24 26 48 27 13 51 21 11 2 39 71 54 56 15 66 74 69 17 31 65 73 46 43 9 19 5 3 
-2 -553 38 48 31 20 27 13 51 24 44 26 21 11 2 54 57 65 69 73 70 63 47 3 5 16 74 18 43 9 
-1 -551 44 24 26 42 49 38 27 13 21 11 2 15 56 66 74 70 3 5 68 54 65 50 73 46 9 19 17 31 
-1 -551 44 24 26 38 27 13 21 11 2 15 56 49 66 74 70 3 5 68 54 65 50 73 46 43 9 19 17 31 
-1 -551 42 49 38 27 13 24 44 26 21 11 2 15 56 66 74 73 70 47 3 5 68 54 65 50 9 17 20 31 
-1 -551 38 27 13 24 44 26 21 11 2 15 56 49 66 74 73 70 47 3 5 68 54 65 50 43 9 17 20 31 
-1 -551 44 24 26 42 49 27 13 51 21 11 2 39 71 56 15 64 17 31 66 74 68 54 73 46 9 19 5 3 
-1 -551 44 24 26 27 13 51 21 11 2 39 71 15 56 54 68 49 66 74 65 73 46 43 9 19 17 31 5 3 
-1 -551 44 24 26 27 13 21 11 2 39 71 15 56 54 68 49 66 74 65 50 73 46 43 9 19 17 31 5 3 
-1 -551 38 31 20 27 13 24 44 26 21 11 2 56 68 54 64 70 3 5 50 49 16 73 46 43 66 74 18 9 
-1 -551 38 31 20 27 13 24 44 26 21 11 2 56 68 54 73 64 70 47 3 5 50 49 16 66 74 18 43 9 
-1 -551 38 31 20 27 13 23 21 11 2 71 56 68 54 65 67 3 5 50 49 16 73 46 43 26 44 74 18 9 
-1 -551 38 31 20 27 13 23 21 11 2 56 68 54 67 3 5 73 44 26 70 47 65 50 49 16 74 18 43 9 
-1 -551 39 2 71 31 20 27 13 24 44 26 21 11 50 56 68 54 64 49 16 73 46 43 66 74 18 9 5 3 
-1 -551 39 2 71 31 20 27 13 51 23 21 11 56 68 54 65 67 49 16 73 46 43 26 44 74 18 9 5 3 
-19 -574 38 48 30 27 13 51 23 21 11 2 71 31 20 68 54 64 4 67 5 10 73 46 43 35 26 44 74 18 16 
-1 -551 43 38 48 27 14 51 24 44 26 21 11 2 56 69 17 66 74 31 20 73 70 47 3 5 54 65 16 9 
-1 -551 44 24 26 43 39 2 71 48 27 14 51 21 11 54 56 64 69 17 31 66 74 73 46 16 5 3 9 19 
-1 -551 42 38 28 48 44 23 21 2 25 54 66 69 31 12 17 75 64 70 3 5 72 16 57 50 46 13 9 19 
-1 -551 42 38 28 48 31 20 23 21 2 25 54 56 69 75 64 70 3 5 46 72 16 66 18 13 51 44 9 12 
-1 -551 42 38 28 48 31 20 23 21 2 25 54 56 69 75 64 70 47 3 5 50 72 16 66 18 13 9 44 12 
-1 -551 42 38 28 48 44 23 21 2 71 15 12 17 66 72 64 69 31 75 10 56 54 50 46 14 25 5 3 19 
-1 -551 42 38 28 48 44 23 21 2 15 12 17 31 72 69 66 75 64 70 14 25 3 5 10 54 57 50 46 19 
-1 -551 42 38 28 48 44 23 21 2 71 15 12 17 66 72 64 69 31 75 10 54 57 50 46 14 25 5 3 19 
-1 -560 42 38 28 48 44 35 23 21 2 71 15 12 17 72 64 69 31 75 10 54 57 50 46 14 25 5 3 19 
-1 -560 42 38 28 48 23 21 11 2 71 15 44 35 72 64 69 17 75 3 5 56 54 50 47 14 25 9 31 20 
-1 -551 42 38 28 48 23 21 2 12 17 44 20 31 56 66 69 75 64 70 47 14 25 3 5 54 50 72 16 9 
-1 -551 42 28 48 44 23 21 2 39 71 15 12 17 66 72 64 69 31 75 10 56 54 46 51 14 25 5 3 19 
-1 -551 42 28 48 44 23 21 2 39 71 15 12 17 66 72 64 69 31 75 10 54 57 46 51 14 25 5 3 19 
-1 -560 42 28 48 44 35 23 21 2 39 71 15 12 17 72 64 69 31 75 10 54 57 46 51 14 25 5 3 19 
-1 -560 42 28 48 23 21 11 2 39 71 15 44 35 72 64 69 17 75 3 5 56 54 47 25 14 51 31 20 9 
-1 -551 42 38 28 48 31 20 23 21 2 71 12 44 54 56 64 69 75 50 46 66 18 72 16 14 5 3 25 9 
-1 -551 42 38 28 48 31 20 23 21 11 2 44 9 54 56 69 75 64 70 47 14 25 3 5 50 66 18 72 16 
-1 -551 42 38 28 48 31 20 23 21 2 12 44 9 54 56 69 75 64 70 47 14 25 3 5 50 66 18 72 16 
-1 -551 42 38 28 48 44 23 21 11 2 15 25 72 69 17 31 66 75 55 64 70 3 5 57 46 13 51 9 19 
-1 -551 42 38 28 48 44 23 21 2 15 25 72 69 31 66 75 55 64 70 3 5 57 46 13 51 9 19 17 12 
-1 -551 42 38 28 48 44 23 21 2 25 55 75 66 69 31 12 17 64 70 3 5 72 16 57 46 13 51 9 19 
-1 -551 42 38 28 48 23 21 11 2 15 25 72 69 17 66 75 64 70 55 47 3 5 56 31 20 44 51 13 9 
-1 -551 42 38 28 48 23 21 11 2 15 25 72 69 17 66 75 64 70 55 47 3 5 57 31 20 44 51 13 9 
-1 -551 42 38 28 48 23 21 2 15 25 72 69 12 17 66 75 64 70 55 47 3 5 56 31 20 44 51 13 9 
-1 -551 42 38 28 48 23 21 11 2 25 44 56 66 69 17 75 64 70 55 47 3 5 72 16 31 20 51 13 9 
-1 -551 42 38 28 48 23 21 11 2 25 44 66 69 17 75 64 70 55 47 3 5 72 16 57 31 20 51 13 9 
-1 -551 42 38 28 48 44 23 21 2 15 25 72 69 31 66 75 55 64 70 3 5 57 50 46 13 9 19 17 12 
-1 -551 42 38 28 48 44 23 21 2 25 55 75 66 69 31 12 17 64 70 3 5 72 16 57 50 46 13 9 19 
-1 -551 42 38 28 48 23 21 11 2 15 25 72 69 17 66 75 64 70 55 47 3 5 57 50 13 9 31 20 44 
-1 -551 42 38 28 48 23 21 2 15 25 72 69 12 17 66 75 64 70 55 47 3 5 56 50 13 9 31 20 44 
-1 -551 42 38 28 48 23 21 2 15 25 72 69 12 17 66 75 64 70 55 47 3 5 57 50 13 9 31 20 44 
-1 -551 42 38 28 48 31 20 23 21 2 25 55 75 69 64 70 3 5 72 16 57 46 66 18 13 51 44 9 12 
-1 -551 42 38 28 48 31 20 23 21 2 25 56 69 75 64 70 55 47 3 5 72 16 66 18 44 51 13 9 12 
-1 -551 42 38 28 48 31 20 23 21 2 25 56 69 75 64 70 55 47 3 5 50 72 16 66 18 13 9 44 12 
-1 -551 42 49 38 28 23 21 11 2 15 25 72 17 66 68 56 75 64 70 55 47 3 5 50 13 9 31 20 44 
-1 -551 42 38 28 48 23 21 11 2 15 44 72 69 17 20 31 66 75 64 70 55 47 25 3 5 56 14 51 9 
-1 -551 42 38 28 48 23 21 2 12 17 44 20 31 56 66 69 75 64 70 55 47 25 3 5 72 16 14 51 9 
-1 -551 42 38 28 48 44 23 21 2 71 15 12 17 66 72 64 69 31 75 55 10 56 50 46 14 25 5 3 19 
-1 -551 42 38 28 48 44 23 21 2 15 12 17 72 69 31 66 75 55 64 70 14 25 3 5 57 50 46 9 19 
-1 -551 42 38 28 48 44 23 21 2 15 12 17 31 72 69 66 75 55 64 70 14 25 3 5 10 57 50 46 19 
-1 -551 42 38 28 48 23 21 2 15 12 17 44 72 69 66 75 64 70 55 47 14 25 3 5 56 50 9 31 20 
-1 -551 42 38 28 48 23 21 2 15 12 17 44 72 69 20 31 66 75 64 70 55 47 14 25 3 5 10 56 50 
-1 -551 42 38 28 48 23 21 2 15 12 17 44 72 69 66 75 64 70 55 47 14 25 3 5 57 50 9 31 20 
-1 -551 42 38 28 48 23 21 2 15 12 17 44 72 69 20 31 66 75 64 70 55 47 14 25 3 5 10 57 50 
-1 -551 42 38 28 48 23 21 11 2 44 20 31 17 56 66 69 75 64 70 55 47 14 25 3 5 50 72 16 9 
-1 -551 42 38 28 48 23 21 2 12 17 44 20 31 56 66 69 75 64 70 55 47 14 25 3 5 50 72 16 9 
-1 -551 42 28 48 44 23 21 2 39 71 15 12 17 66 72 64 69 31 75 55 10 56 46 51 14 25 5 3 19 
-1 -551 42 38 28 48 31 20 23 21 2 71 12 44 55 75 56 64 69 10 50 46 66 18 14 25 5 3 72 16 
-1 -551 42 38 28 48 31 20 23 21 2 12 44 9 56 69 75 64 70 55 47 14 25 3 5 50 66 18 72 16 
-1 -551 42 38 28 48 31 20 23 21 2 12 44 56 69 75 64 70 55 47 14 25 3 5 10 50 66 18 72 16 
-1 -551 42 38 28 48 31 20 23 21 2 12 44 9 57 69 75 64 70 55 47 14 25 3 5 72 16 50 66 18 
-1 -551 42 28 39 2 71 48 31 20 23 21 12 44 55 75 56 64 69 10 46 66 18 51 14 25 5 3 72 16 
-2 -553 44 42 38 48 27 13 23 21 2 15 25 63 72 69 31 75 64 70 3 5 54 57 50 46 9 19 17 12 
-2 -553 44 42 48 27 13 51 23 21 11 2 39 71 63 15 72 64 69 17 31 75 54 57 46 9 19 5 3 25 
-2 -553 44 42 48 27 13 51 23 21 2 39 71 15 63 72 64 69 31 75 56 54 46 9 19 17 12 5 3 25 
-2 -553 44 42 48 27 13 23 21 11 2 39 71 15 63 72 64 69 17 31 75 54 57 50 46 9 19 5 3 25 
-2 -553 44 42 48 27 13 23 21 2 39 71 15 63 72 64 69 31 75 54 57 50 46 9 19 17 12 5 3 25 
-2 -553 44 42 39 2 71 48 27 13 23 21 25 54 63 64 69 31 75 72 16 57 50 46 9 19 17 12 5 3 
-1 -551 42 38 48 31 20 27 13 23 21 2 25 54 56 69 75 64 70 47 3 5 50 72 16 66 18 9 44 12 
-1 -551 42 39 2 71 48 31 20 27 13 51 23 21 54 56 64 69 75 46 72 16 66 18 9 44 12 5 3 25 
-2 -553 44 42 38 48 27 14 23 21 2 15 12 17 63 72 69 31 75 64 70 25 3 5 10 54 57 50 46 19 
-1 -551 44 42 48 27 14 51 23 21 2 39 71 15 66 72 64 69 31 75 10 56 54 46 25 5 3 19 17 12 
-1 -551 44 42 48 27 14 51 23 21 2 39 71 15 66 72 64 69 31 75 10 54 57 46 25 5 3 19 17 12 
-1 -560 42 48 44 35 27 14 51 23 21 2 39 71 15 72 64 69 31 75 10 54 57 46 25 5 3 19 17 12 
-1 -560 42 48 27 14 51 23 21 11 2 39 71 15 72 64 69 17 75 3 5 56 54 47 25 9 31 20 35 44 
-2 -553 44 42 48 27 14 23 21 2 39 71 15 63 72 64 69 31 12 17 75 10 54 57 50 46 25 5 3 19 
-2 -553 44 42 39 2 71 48 27 14 23 21 11 31 54 56 63 64 69 17 75 72 16 50 46 5 3 25 9 19 
-2 -553 44 42 39 2 71 48 27 14 23 21 12 17 54 56 63 64 69 31 75 72 16 50 46 5 3 25 9 19 
-1 -551 42 38 48 31 20 27 14 23 21 2 12 44 54 56 69 75 64 70 47 25 3 5 50 66 18 72 16 9 
-1 -551 42 39 2 71 48 31 20 27 14 23 21 12 54 56 64 69 75 50 46 66 18 72 16 5 3 25 9 44 
-1 -551 44 42 38 48 27 13 51 23 21 2 15 72 69 31 66 75 55 64 70 25 3 5 57 46 9 19 17 12 
-1 -560 42 38 48 44 35 27 13 51 23 21 11 2 15 72 69 17 31 75 55 64 70 25 3 5 57 46 9 19 
-1 -551 44 42 38 48 27 13 51 23 21 2 25 55 75 66 69 31 64 70 3 5 72 16 57 46 9 19 17 12 
-1 -560 42 38 48 44 35 27 13 23 21 11 2 15 56 72 69 17 31 64 70 3 25 75 55 50 46 9 19 6 
-2 -553 44 42 38 48 27 13 23 21 2 15 25 72 69 31 75 63 55 64 70 3 5 57 50 46 9 19 17 12 
-1 -551 44 42 48 27 13 51 23 21 11 2 39 71 66 15 72 64 69 17 31 75 55 57 46 9 19 5 3 25 
-1 -551 44 42 48 27 13 51 23 21 2 39 71 15 66 72 64 69 31 75 55 57 46 9 19 17 12 5 3 25 
-2 -553 44 42 48 27 13 51 23 21 11 2 39 71 56 15 72 64 69 17 31 75 63 55 46 9 19 5 3 25 
-2 -553 44 42 48 27 13 51 23 21 11 2 39 71 75 55 63 15 56 72 64 69 17 31 46 9 19 6 3 25 
-2 -553 44 42 48 27 13 51 23 21 11 2 39 71 15 72 64 69 17 31 75 63 55 57 46 9 19 5 3 25 
-1 -551 44 42 39 2 71 48 27 13 51 23 21 55 75 66 64 69 31 72 16 57 46 9 19 17 12 5 3 25 
-2 -553 42 48 27 13 51 23 21 11 2 39 71 15 72 64 69 17 75 57 63 55 47 5 3 25 9 31 20 44 
-2 -553 42 39 2 71 48 27 13 51 23 21 11 57 64 69 17 75 72 16 63 55 47 5 3 25 9 31 20 44 
-1 -551 44 42 48 27 13 23 21 11 2 39 71 15 66 72 64 69 17 31 75 55 57 50 46 9 19 5 3 25 
-1 -551 44 42 48 27 13 23 21 2 39 71 15 66 72 64 69 31 75 55 57 50 46 9 19 17 12 5 3 25 
-2 -553 44 42 48 27 13 23 21 11 2 39 15 72 69 17 31 75 63 55 64 70 25 3 5 57 50 46 9 19 
-2 -553 44 42 48 27 13 23 21 11 2 39 71 15 72 64 69 17 31 75 63 55 57 50 46 9 19 5 3 25 
-2 -553 44 42 48 27 13 23 21 2 39 71 15 72 64 69 31 75 63 55 57 50 46 9 19 17 12 5 3 25 
-1 -551 44 42 39 2 71 48 27 13 23 21 25 55 75 66 64 69 31 72 16 57 50 46 9 19 17 12 5 3 
-2 -553 44 42 39 2 71 48 27 13 23 21 25 75 55 63 56 64 69 31 72 16 50 46 9 19 17 12 5 3 
-2 -553 42 48 27 13 23 21 11 2 39 71 15 72 64 69 17 75 57 50 63 55 47 5 3 25 9 31 20 44 
-2 -553 42 48 27 13 23 21 2 39 71 15 25 72 64 69 75 57 50 63 55 47 5 3 9 31 20 44 17 12 
-1 -551 42 38 48 31 20 27 13 51 23 21 2 55 75 69 64 70 25 3 5 72 16 57 46 66 18 9 44 12 
-1 -551 42 38 48 31 20 27 13 51 23 21 2 56 69 75 64 70 55 47 25 3 5 72 16 66 18 9 44 12 
-1 -551 42 38 48 31 20 27 13 23 21 2 25 56 69 75 64 70 55 47 3 5 50 72 16 66 18 9 44 12 
-1 -551 42 39 2 71 48 31 20 27 13 51 23 21 55 75 57 64 69 72 16 46 66 18 9 44 12 5 3 25 
-1 -551 42 39 2 71 48 31 20 27 13 23 21 55 75 56 64 69 50 46 72 16 66 18 9 44 12 5 3 25 
-6 -553 -588 44 42 49 38 37 27 13 23 21 11 2 15 72 69 17 31 75 55 64 70 25 3 56 50 46 9 19 
-1 -551 42 38 48 27 14 51 23 21 2 12 17 44 56 66 69 75 64 70 55 47 25 3 5 72 16 9 31 20 
-1 -551 44 42 38 48 27 14 23 21 2 15 12 17 72 69 31 66 75 55 64 70 25 3 5 10 57 50 46 19 
-1 -560 42 38 48 44 35 27 14 23 21 11 2 71 15 55 75 56 72 64 69 17 31 50 46 3 25 9 19 6 
-1 -560 42 38 48 44 35 27 14 23 21 2 71 15 72 64 69 31 12 17 75 55 10 57 50 46 25 5 3 19 
-2 -553 44 42 38 48 27 14 23 21 2 15 12 17 72 69 31 75 63 55 64 70 25 3 5 10 57 50 46 19 
-1 -560 42 38 48 44 35 27 14 23 21 11 2 71 31 55 75 56 64 69 17 50 46 72 16 5 3 25 9 19 
-1 -560 42 38 48 44 35 27 14 23 21 2 71 12 17 55 75 56 64 69 31 50 46 72 16 5 3 25 9 19 
-1 -551 42 38 48 27 14 23 21 2 15 12 17 44 72 69 66 75 64 70 55 47 25 3 5 10 56 50 31 20 
-1 -560 42 38 48 27 14 23 21 11 2 71 15 44 72 64 69 17 75 3 5 56 50 55 47 25 9 31 20 35 
-1 -551 42 38 48 27 14 23 21 2 12 17 44 56 66 69 20 31 75 64 70 55 47 25 3 5 50 72 16 9 
-1 -560 42 48 44 35 27 14 51 23 21 11 2 39 71 15 72 64 69 17 31 75 55 56 46 25 5 3 9 19 
-1 -560 42 48 44 35 27 14 51 23 21 11 2 39 71 55 75 56 15 72 64 69 17 31 46 3 25 9 19 6 
-1 -560 42 48 44 35 27 14 51 23 21 2 39 71 15 72 64 69 31 75 55 10 57 46 25 5 3 19 17 12 
-1 -551 44 42 39 2 71 48 27 14 51 23 21 55 75 56 66 64 69 31 12 17 46 72 16 5 3 25 9 19 
-1 -553 44 42 39 2 71 48 27 14 51 23 21 55 75 56 46 64 69 31 12 17 19 72 16 5 3 25 9 8 
-1 -560 42 48 27 14 51 23 21 11 2 39 71 15 72 64 69 17 75 3 5 56 55 47 25 9 31 20 35 44 
-1 -551 44 42 48 27 14 23 21 2 39 71 15 66 72 64 69 31 12 17 75 55 10 57 50 46 25 5 3 19 
-2 -553 44 42 48 27 14 23 21 2 39 71 15 72 64 69 31 12 17 75 63 55 10 57 50 46 25 5 3 19 
-1 -551 42 48 27 14 23 21 11 2 39 71 15 66 72 64 69 17 75 3 5 56 50 55 47 25 9 31 20 44 
-2 -553 42 48 27 14 23 21 2 39 71 15 12 17 72 64 69 75 10 57 50 63 55 47 25 5 3 31 20 44 
-1 -551 42 39 2 71 48 27 14 23 21 11 44 56 66 64 69 17 20 31 75 50 55 47 5 3 25 72 16 9 
-2 -553 42 39 2 71 48 27 14 23 21 11 44 50 56 64 69 17 20 31 75 72 16 55 63 47 5 3 25 9 
-1 -551 42 38 48 31 20 27 14 23 21 2 12 44 55 75 56 69 64 70 25 3 5 50 46 66 18 72 16 9 
-1 -551 42 38 48 31 20 27 14 23 21 2 71 12 55 75 56 64 69 50 46 66 18 72 16 5 3 25 9 44 
-1 -551 42 38 48 31 20 27 14 23 21 2 71 12 55 75 57 64 69 72 16 50 46 66 18 5 3 25 9 44 
-1 -560 42 38 48 31 20 27 14 23 21 11 2 71 44 55 75 56 64 69 50 46 18 72 16 5 3 25 9 35 
-1 -560 42 38 48 31 20 27 14 23 21 2 71 12 44 55 75 56 64 69 50 46 18 72 16 5 3 25 9 35 
-1 -551 42 38 48 31 20 27 14 23 21 2 12 44 56 69 75 64 70 55 47 25 3 5 50 66 18 72 16 9 
-1 -551 42 38 48 31 20 27 14 23 21 2 12 44 56 69 75 64 70 55 47 25 3 5 10 50 66 18 72 16 
-1 -551 42 39 2 71 48 31 20 27 14 51 23 21 11 55 75 56 64 69 46 66 18 72 16 5 3 25 9 44 
-1 -551 42 39 2 71 48 31 20 27 14 51 23 21 55 75 56 64 69 46 66 18 72 16 5 3 25 9 44 12 
-1 -551 42 39 2 71 48 31 20 27 14 51 23 21 55 75 56 64 69 10 46 66 18 25 5 3 72 16 44 12 
-1 -551 42 39 2 71 48 31 20 27 14 23 21 12 55 75 56 64 69 50 46 66 18 72 16 5 3 25 9 44 
-2 -553 42 38 28 48 44 26 23 21 11 2 15 63 72 17 31 75 64 70 3 5 56 68 54 46 13 51 9 19 
-1 -551 42 38 28 48 44 26 23 21 11 2 15 72 69 17 31 66 75 64 70 3 5 54 57 50 46 13 9 19 
-1 -551 42 38 28 48 23 21 11 2 15 72 44 26 69 17 66 75 64 70 47 3 5 56 54 50 13 9 31 20 
-1 -551 42 38 28 48 23 21 11 2 15 44 26 72 69 17 66 75 64 70 47 14 3 5 56 54 50 9 31 20 
-1 -551 42 38 28 48 44 26 23 21 11 2 15 72 69 17 31 66 75 55 64 70 3 5 57 50 46 13 9 19 
-1 -551 42 38 28 48 23 21 11 2 15 72 44 26 69 17 66 75 64 70 55 47 3 5 56 50 13 9 31 20 
-1 -551 42 38 28 48 23 21 11 2 15 72 44 26 69 17 66 75 64 70 55 47 3 5 57 50 13 9 31 20 
-2 -553 44 26 42 48 27 13 23 21 11 2 39 71 63 15 72 64 69 17 31 75 54 57 50 46 9 19 5 3 
-2 -553 44 26 42 38 48 27 13 51 23 21 2 15 72 69 31 75 63 55 64 70 3 5 57 46 9 19 17 12 
-1 -551 42 38 48 27 13 51 23 21 11 2 15 72 69 17 66 75 64 70 55 47 3 5 56 9 31 20 26 44 
-1 -551 42 38 48 27 13 23 21 11 2 15 72 69 17 66 75 64 70 55 47 3 5 56 50 9 31 20 26 44 
-1 -560 42 48 44 26 35 27 13 51 23 21 11 2 39 56 15 72 69 17 31 64 70 3 75 55 46 9 19 6 
-1 -551 44 26 42 48 27 13 23 21 11 2 39 71 66 15 72 64 69 17 31 75 55 57 50 46 9 19 5 3 
-1 -551 42 38 48 27 14 23 21 11 2 15 72 44 26 69 17 66 75 64 70 55 47 3 5 56 50 9 31 20 
-1 -551 42 48 27 14 23 21 11 2 39 71 15 66 72 64 69 17 75 3 5 56 50 55 47 9 31 20 26 44 
-8 -551 -609 38 28 44 23 21 11 2 15 25 17 32 67 74 61 3 5 64 70 68 54 73 46 51 13 43 9 19 
-8 -551 -609 38 28 44 23 21 11 2 15 25 17 32 67 74 61 3 5 64 70 68 54 50 73 46 13 43 9 19 
-8 -551 42 49 38 28 33 44 23 21 11 2 25 62 17 67 74 61 16 64 70 5 3 68 54 50 73 46 13 9 19 
-8 -551 42 49 38 28 44 23 21 11 2 25 62 17 31 67 74 61 3 5 16 64 70 68 54 50 73 46 13 9 19 
-8 -551 38 28 44 23 21 11 2 25 31 17 62 67 74 61 3 5 16 64 70 68 54 50 49 73 46 13 43 9 19 
-8 -551 42 49 38 28 33 44 25 23 21 11 2 62 17 4 67 74 61 5 16 64 70 68 54 50 73 46 13 9 19 
-8 -551 -609 44 42 38 33 27 13 51 23 21 2 67 74 61 16 64 70 5 3 25 68 54 73 46 9 19 17 12 
-8 -551 -609 44 38 27 13 51 23 21 11 2 15 17 32 67 74 61 64 70 5 3 25 68 54 73 46 43 9 19 
-8 -551 -609 44 38 27 13 51 23 21 11 2 25 17 32 67 74 61 16 64 70 5 3 68 54 73 46 43 9 19 
-8 -551 -609 44 42 38 27 13 51 23 21 2 25 31 67 74 61 16 64 70 5 3 68 54 73 46 9 19 17 12 
-8 -551 -609 44 38 27 13 23 21 11 2 15 25 17 32 67 74 61 64 70 5 3 68 54 50 73 46 43 9 19 
-8 -551 -609 44 38 27 13 23 21 11 2 15 25 17 32 67 74 61 10 64 70 5 3 68 54 50 73 46 43 19 
-8 -551 -609 44 38 27 13 23 21 11 2 71 15 64 17 32 67 74 61 10 68 54 50 73 46 43 19 5 3 25 
-8 -551 -609 44 38 27 13 23 21 11 2 25 17 32 67 74 61 3 5 16 64 70 68 54 50 73 46 43 9 19 
-8 -551 -609 44 27 13 51 23 21 11 2 39 15 17 32 67 74 61 64 70 5 3 25 68 54 73 46 43 9 19 
-8 -551 -609 44 27 13 51 23 21 11 2 39 71 15 64 17 32 67 74 61 10 68 54 73 46 43 19 5 3 25 
-69 -551 44 48 27 13 51 23 21 11 2 39 71 15 63 64 17 32 67 74 61 10 68 54 73 46 43 19 41 5 3 25 
-8 -551 -609 42 39 2 27 13 51 23 21 25 67 3 5 16 61 74 31 20 44 73 64 70 47 68 54 9 17 12 
-8 -551 -609 44 27 13 23 21 11 2 39 15 25 17 32 67 74 61 64 70 5 3 68 54 50 73 46 43 9 19 
-8 -551 -609 44 27 13 23 21 11 2 39 15 25 17 32 67 74 61 10 64 70 5 3 68 54 50 73 46 43 19 
-8 -551 -609 42 39 2 27 13 23 21 11 25 17 32 67 3 5 16 61 74 20 44 73 64 70 47 68 54 50 9 
-8 -551 -609 42 38 32 27 13 51 23 21 11 2 67 16 73 64 70 47 5 3 25 68 54 20 44 61 74 18 9 
-8 -551 44 42 49 38 33 27 13 23 21 11 2 62 17 67 74 61 16 64 70 5 3 25 68 54 50 73 46 9 19 
-8 -551 44 42 49 38 27 13 23 21 11 2 25 62 17 31 67 74 61 16 64 70 5 3 68 54 50 73 46 9 19 
-8 -551 44 38 27 13 23 21 11 2 25 31 62 17 67 74 61 3 5 16 64 70 68 54 50 49 73 46 43 9 19 
-8 -551 44 42 49 38 33 25 27 13 23 21 11 2 62 17 4 67 74 61 5 16 64 70 68 54 50 73 46 9 19 
-8 -551 38 28 44 26 23 21 11 2 31 17 62 67 74 61 3 5 16 64 70 68 54 50 49 73 46 13 43 9 19 
-8 -551 42 49 38 33 28 44 26 23 21 11 2 62 17 4 67 74 61 5 16 64 70 68 54 73 46 51 13 9 19 
-8 -551 42 49 38 33 28 44 26 23 21 11 2 62 17 4 67 74 61 5 16 64 70 68 54 50 73 46 13 9 19 
-8 -551 42 49 38 28 44 26 23 21 11 2 31 62 17 4 67 74 61 5 16 64 70 68 54 50 73 46 13 9 19 
-8 -551 -609 42 38 33 27 13 23 21 2 12 17 4 67 5 16 61 74 20 73 44 26 64 70 47 68 54 50 9 
-8 -551 -609 42 38 27 13 23 21 2 12 17 4 67 5 16 61 74 31 20 73 44 26 64 70 47 68 54 50 9 
-8 -551 -609 42 39 2 27 13 23 21 12 17 67 3 5 16 61 74 31 20 73 44 26 64 70 47 68 54 50 9 
-8 -551 -609 42 33 39 2 27 13 51 23 21 4 12 17 67 5 16 61 74 20 73 44 26 64 70 47 68 54 9 
-8 -551 -609 42 38 32 27 13 23 21 11 2 71 68 54 64 67 16 10 50 73 46 20 26 44 61 74 18 5 3 
-8 -551 -609 42 38 32 27 13 23 21 11 2 67 3 5 16 10 73 64 70 47 68 54 50 20 26 44 61 74 18 
-8 -551 -609 42 39 2 71 32 27 13 51 23 21 11 68 54 64 67 16 10 73 46 20 26 44 61 74 18 5 3 
-8 -551 44 26 38 27 13 23 21 11 2 31 62 17 67 74 61 3 5 16 64 70 68 54 50 49 73 46 43 9 19 
-8 -551 44 26 42 49 38 33 27 13 51 23 21 11 62 17 4 67 74 61 5 16 64 70 68 54 73 46 9 19 2 
-8 -551 44 26 42 49 38 33 27 13 23 21 11 2 62 17 4 67 74 61 5 16 64 70 68 54 50 73 46 9 19 
-8 -551 44 26 42 49 38 27 13 23 21 11 2 62 17 4 31 67 74 61 5 16 64 70 68 54 50 73 46 9 19 
-91 -565 42 33 38 44 26 35 30 27 13 51 23 67 16 5 46 73 61 74 64 17 4 19 9 68 54 8 71 2 21 11 
-91 -565 42 38 44 26 35 30 27 13 51 23 21 11 67 16 5 46 73 61 74 64 17 4 31 19 9 68 54 8 71 2 
